Date,XLK,XLV,XLF,XLY,XLP,XLE,XLI,XLB,XLU,XLRE,XLC,SPY
2015-01-01,101.6449204076701,100.20292464457275,99.92510181164529,99.18743288097087,99.1963267628864,97.49776810878559,100.95666642684947,100.26457463171971,99.76328313256772,99.04093623249864,100.7670508314809,100.04092241772382
2015-01-02,102.90137210842838,101.04209058204783,99.65858616812913,99.64462919617749,99.40634895006582,97.21335104423248,101.4386566396083,101.56886795520248,100.76312151541455,100.16579060452713,101.43221810679779,100.38185161586881
2015-01-05,102.48436745148686,102.08276365120925,98.95782057550284,98.05844866609556,99.43841955063874,96.9527688791537,102.4990367144406,101.70897701819004,100.27918486088956,99.96273413423795,103.06872409885773,100.14432562215674
2015-01-06,100.66343490678058,101.30283761122365,97.65289157088853,95.64178553695264,98.0438107075986,95.61159609362346,101.0185639369944,99.97909488251857,99.3426171967663,99.72895983759207,100.38218661813927,99.28513772064834
2015-01-07,100.45994579527411,100.79125584440793,97.08738657193742,94.60969188161049,98.51656208727488,95.06745328320136,99.95799719437291,99.54300169058075,99.71565952039352,99.62597473173696,100.66945420295248,98.86954747243463
2015-01-08,98.06524202121307,99.26481222013396,96.11666806441002,92.48061035786178,98.85448707875042,96.59514792639946,98.51458782436043,98.02860258615766,97.1621682865429,98.92377091368488,100.50771231952262,97.92059435192073
2015-01-09,97.66436505858456,99.96681773153341,96.09901064989155,92.97661482485593,99.15404799756534,95.18091949940042,98.1840377141606,97.75724510453713,97.87025629695371,97.00713590630134,98.29020631458057,98.01881026810459
2015-01-12,99.74830740859055,101.39342112941452,97.04053227256863,95.20118085861799,100.49259617348723,96.34571794766048,100.8189687866514,98.51459911396832,98.80073668162585,98.8810084680703,100.22818797479525,99.38175450976726
2015-01-13,99.29273395520924,100.61994156734497,97.57295537233811,94.51000651950385,100.92429389021432,95.09793606109068,100.3447044133743,97.79384967383507,98.17927091479065,99.93194329723241,99.70022402702732,98.92816127488173
2015-01-14,98.30190611332232,100.55543504239044,97.5846280503647,93.80396409715996,100.45326137370736,93.16644973309906,99.6640308080899,97.22648177087072,98.27515287688536,99.5063117296468,99.02396562881893,98.34874162978733
2015-01-15,99.56811338133998,101.36692136885159,98.28179167684677,94.24203344914649,101.30754740394043,95.44522780709342,100.47714135048437,97.94501793378353,98.263113308402,99.82747439385655,99.61421900456982,98.87333078780952
2015-01-16,99.32463624104678,100.516983342925,99.44013269229816,94.51672723170485,101.75798486442619,95.79602550566372,101.9183721812068,100.15663679650504,98.86746079144706,100.35543040416131,100.39821142657486,99.26822180717608
2015-01-19,99.70303492924818,101.1119371068621,99.86541478235887,94.80356988168694,101.09751078230505,97.56311520314078,102.19076207489815,100.19468381400397,99.00370217947422,100.28238136846039,100.28121064316136,99.413084038281
2015-01-20,98.34508809749495,100.42672270685307,98.66333884184179,94.10917544725052,100.06351642127538,94.92315583764588,100.94230932153746,99.2653594272257,98.98811457090686,98.025039732692,98.78616834305038,98.52021427364022
2015-01-21,97.79477836600985,100.18776999894796,98.7557595083504,93.81778298997719,99.79425301476778,97.34189716244785,101.12674844453726,99.207082408186,98.39679830841989,97.75651386029031,99.61781392899852,98.53026281719852
2015-01-22,98.95709935531947,100.55513258909991,101.54979258312136,94.08252647132733,100.79245692185006,101.20135479588062,102.7476490477812,99.82731149157276,98.37804955217331,98.37535445649652,100.4333487592757,99.2598619613014
2015-01-23,96.79532225043498,100.53854632800072,100.77399475754648,92.31526697205177,99.97878581507976,98.31933767141712,101.13321222428775,98.15945498464748,98.81283931047817,98.1427206212232,99.77532313882921,97.95443757378334
2015-01-26,97.61716892489096,101.15107479816736,101.07603200461548,92.46209756934454,100.18339655457422,97.74776365791266,101.55829539753556,97.74117776719791,98.77607024891314,97.01405064629243,101.54763208415115,97.5415098648734
2015-01-27,95.13051502817447,100.70110516747602,98.62100689253998,90.1990713685617,98.73187216809917,95.31234554075432,99.65834238098388,95.57940405610496,97.64254235546665,95.22920323435052,98.46100710577007,95.71107528705241
2015-01-28,95.07879440182523,98.8938892523146,97.64532874100023,89.91963545928338,97.31117612079065,94.55277532669679,98.16946749602629,94.76506890579029,96.40595271075281,94.23700601827522,96.47439535050648,94.50506852132298
2015-01-29,92.3868464022064,96.95911628296776,97.2431439832418,87.90329001785923,97.13710793435091,90.73225804572776,96.51200500310338,93.16519294069523,95.12400588378594,93.15513580668107,94.10963389404341,92.78827820524815
2015-01-30,92.57984324125559,97.34959473492299,97.34545975840837,88.6489418494966,98.29712836838807,91.05287766109122,97.49547168925197,92.36001675532532,95.16067770122578,94.49317627508968,93.8687181842345,92.60523750773271
2015-02-02,90.50716037839003,95.58427771407885,96.74493901463391,86.60712220570797,97.68949316238879,90.56550726873435,96.02213001501045,91.10164866038308,93.78302901958914,94.00792988608859,93.9664195666465,91.45898521564689
2015-02-03,90.00631283496986,95.40500221035472,98.00441422486064,86.48735191786554,97.79477785991435,90.10148336250717,97.18072597024789,91.61808984552661,93.91683619028571,94.77828926363784,94.65136133988298,91.74533535437396
2015-02-04,90.32481108068548,94.48095390629717,98.7083565721529,87.02614879914307,98.48476314053794,87.43720749400168,97.73714619490161,91.63160306110106,93.86362061163398,94.02286803514312,95.72799812907562,91.92669091352302
2015-02-05,90.6087399792059,95.46442591486772,99.69916473277861,87.22875444265206,97.86095714443236,86.40830206840138,97.67623299582229,91.32526636249594,92.62219135341829,95.15165464396884,97.09486488906163,91.78997189181281
2015-02-06,87.22121720630656,94.07732961438153,97.02309169584453,84.6465508611923,96.17429484914986,83.29857641786568,95.02730878655117,88.75157819991026,91.35348703161927,91.80692996157784,93.00337657205712,89.49800124730393
2015-02-09,87.4459432068185,93.94661631962788,96.83323221896762,85.49922776959407,95.19092430927132,83.63243958226934,94.99028430331708,88.65386819964999,91.80438657624231,92.44616868514377,92.27389937379564,89.04758567285772
2015-02-10,86.96727002263779,94.06900526450166,96.39480998928128,85.56324352817943,95.40900100637137,82.8606691006528,95.34828040586555,88.75721024461754,91.54487351990093,93.11575733357247,91.77984511743219,89.03939167576299
2015-02-11,87.2140589106153,93.9448681525004,98.44904212411481,85.92942238964832,95.61978950125201,81.64875127751378,95.73377619795885,88.55620018668812,91.49624878272486,93.33285547750897,92.27448159786799,89.17641195845722
2015-02-12,85.95041727020418,92.50957259189573,96.98549688357237,84.09794200028522,94.50014561824543,80.83177450034323,94.54745573638647,87.05982360018426,90.88715424362506,91.35241368102284,90.06911018110097,87.83649236114749
2015-02-13,85.88150571680585,92.52092858079511,96.5890451842109,84.75754605920297,93.93112680648717,80.77651780240342,93.58330904419644,87.41823614762158,90.31738676507051,91.42923513844092,90.87705179550666,87.448389014804
2015-02-16,83.89038463579261,91.36167435738855,96.53885977858164,84.41381112264578,92.66181912909666,80.63861132626981,92.23123103377112,85.89826378748029,88.84893702058984,90.35845140195751,89.6280852397474,86.62062706093117
2015-02-17,84.09637781377248,91.46579909163373,95.35037660169031,83.95194688758477,91.82386726902804,79.89879865565813,90.87249696499549,85.5737578913977,88.48414419510459,90.78261025873033,88.3605831606085,85.94884185361241
2015-02-18,85.5095939503676,92.04416203830787,96.57975074642255,84.0015418730828,93.03484590816798,82.09173542192273,91.78878584667152,86.46234762029695,88.7714538005824,89.47790785098859,88.65734697328381,86.90198687202567
2015-02-19,84.50963890914932,90.93195189990806,95.18349509972825,83.51125872995924,92.4083370385975,81.87096945922129,90.88941764121608,88.05970458960333,88.02770414331987,88.96901130041115,87.00868815507776,86.2291604846246
2015-02-20,83.93002141304756,91.68081190770341,95.22328249597685,83.24642907973714,92.97827395340828,79.81153763007536,90.69065986765486,88.46775299673217,88.79996120906839,87.08161429736647,87.00650101234228,86.23511352353086
2015-02-23,83.85676316675536,92.32322498969732,95.98868124782078,84.41167248157998,93.15079687975796,80.88392311338465,91.92395908968706,89.40655671855237,89.31359117070421,87.84089178114573,87.45737371520461,87.03801739679089
2015-02-24,82.55001004604786,92.21547152160728,95.78150955077356,84.49119839107207,92.78288854830288,81.17869489635768,90.830244138808,88.79503507938009,88.62019279164673,87.22417312779247,87.20006151193218,86.56058653533049
2015-02-25,82.8056196133961,91.91728990028768,95.62896666828306,83.96412634588954,92.53289976621576,81.11004538626125,90.62305723511925,87.741680307627,88.19692366747654,87.78818927837196,86.8109971950268,86.4974817530648
2015-02-26,82.76687019766086,90.73241674529974,95.39246877626468,84.27367376999149,92.50768714244238,82.86065755702823,91.2653500131524,87.55944260391436,89.15442454694067,87.09359286887974,87.29449459666299,86.62811019019968
2015-02-27,82.23001941924697,91.12535940793836,95.31746054587366,84.9626642102418,92.91681190697916,82.4018983048716,92.329555564201,88.93495576162634,89.65869438685249,86.48078053687584,87.56044306300342,86.7181761590615
2015-03-02,80.81272342891216,89.426664419509,93.94083847234,83.92536692748138,91.2702068726316,81.97867946910849,91.14964343528827,87.99701161103232,88.05859527958646,84.08482746362992,87.26328864080425,85.68184394079529
2015-03-03,81.80962070919206,90.12481992916193,93.73048326498896,83.85265808141423,91.66827881369099,80.65862481927242,91.95039707140059,87.92466991115214,88.44864739119168,83.87034361970768,87.9110866287247,85.78159875211956
2015-03-04,82.96098626999178,90.32393915209492,95.90871848625864,84.56110306728276,92.81791002221755,81.9853779829909,94.16350371767955,89.28084899382328,88.85311082490485,85.00363611209117,88.84533031861247,86.99047405881683
2015-03-05,81.18831060867055,88.09610375888897,94.72080622620217,82.67823009162065,91.90318146053325,79.82846482705214,91.99690150360485,87.81635478330672,87.77948349045982,83.74267090765795,88.34809956294116,85.66848615615962
2015-03-06,82.80679369911131,88.94515143142053,95.82442925136242,82.76588135947154,92.47937797793398,79.55254628587298,93.0552071952498,88.08506844497627,88.83662636918805,83.7289976383253,88.79706119102664,86.44452173890687
2015-03-09,83.2373153100952,89.30438159472071,95.18288156818232,83.56359526358355,92.47746318615752,78.22866443915295,92.61583520588943,88.30733487556908,89.3140053743652,83.69986899480983,88.30942644217669,86.58281576271139
2015-03-10,82.69516493344139,88.90374094885615,94.89478409441008,83.07097292964615,92.42431038133664,77.86599497093081,91.77708468565396,88.0430767676711,88.53399295093153,83.6624371255197,88.40010097036165,86.05738028653475
2015-03-11,84.31517941212363,89.77770297062145,96.2672166449318,84.29208659356395,93.68645502558797,80.21390340571403,94.0880504435986,89.09076029207642,89.52198658355921,85.34243607013865,89.41703813427004,87.82664507066637
2015-03-12,84.2049936276288,90.89677794871697,97.30828159994115,85.09636252417202,93.79438639383037,80.25004996458419,94.18636318683777,89.727439976044,90.27751431291139,84.56000535060907,89.69337891820746,88.53625635844553
2015-03-13,82.40327047414772,89.15484027882168,96.0501477750112,83.14275803701196,93.15181135939821,77.71224911803371,93.28963962503823,86.79554998070307,89.6263722840133,83.3800063923446,87.49012750666044,87.50119044669827
2015-03-16,82.25078357953886,88.98108779433336,95.77893403385723,81.20160563597483,93.65345648847236,76.84035927808385,93.32917470548009,85.84489230233159,89.91491417195074,82.8588838914719,86.53867863700513,87.60163117206443
2015-03-17,82.72599354055349,89.00895449266068,95.89780567127674,82.54972625289658,94.20074008958777,78.18827493303132,93.82911447293793,86.94913881577756,89.82251898722731,81.41403298128819,87.32230305259351,88.14557686110255
2015-03-18,82.80007050191601,88.68325603536805,95.26033660392102,83.16462529870296,94.1231292969757,76.70934322781649,93.9884498386795,87.5775873760483,90.47912009757529,81.7170284300758,86.53356587204195,88.01283671127369
2015-03-19,83.82298268352571,89.70842897947152,97.50330031530716,82.95347348352313,94.66311066950108,78.55545590705213,94.26353348962083,89.4565227643861,91.66951784868375,82.44498202542343,88.38842659544306,88.65356258552774
2015-03-20,83.93939472354035,89.32924278737394,97.29949477764083,82.4988720125998,94.42002882006557,76.67797354233899,93.2463141551477,88.59269968715475,91.27052584210034,81.72725596118498,89.42021087714932,88.62930642357472
2015-03-23,84.7684115380482,90.1876135171845,97.96537206492499,83.32694358154218,94.6474420290084,77.59665471649086,93.99583558497928,89.23187419358713,90.8058710513993,82.58057668443858,90.35413843157338,89.26052865740161
2015-03-24,85.64215143730908,91.72387971575252,100.34623004509481,84.53536455854234,94.70080982662134,79.66693961355507,95.11799630898317,90.47685376481844,91.27602127066434,83.79626134748418,91.28406139970916,90.59013298770621
2015-03-25,83.74539106430345,90.2352226926757,99.9299584719862,83.38684376206513,94.22297350109461,80.36798706400783,94.33167128151513,90.53535903540015,91.45142083553203,83.013077172848,90.66040264745247,90.00915944273358
2015-03-26,83.69182002627082,89.7595803931852,100.99923271579448,83.31956626591416,94.82343338954212,80.09170977933431,93.94281645223063,90.98996692740047,91.69153482475386,83.40039102299646,90.71036821214307,90.2291661433772
2015-03-27,82.74051938340145,89.21681884930572,99.6145193639137,82.78125703127887,94.38230589988392,78.79837843883531,92.95605352349622,90.61613705831508,91.44170593748512,82.95527168527428,91.14508637346468,89.84362810094943
2015-03-30,82.53929083467685,89.01140782547719,99.03126509666265,82.6168908458791,94.07240816041622,77.37051072310969,92.53557921457045,91.17782205363804,91.62852294660134,82.60906319652842,89.89598238482475,89.99452680020045
2015-03-31,81.2972341069859,88.3086203312515,100.13773067512095,81.67248890393803,93.77474835459024,77.23935060874304,90.6236329919254,89.7182552855984,90.18626820780266,82.50127195617725,88.68545815178807,88.95338275541495
2015-04-01,80.10078753918664,86.8255646312971,99.49671058554964,81.04034487963179,93.51869997926393,76.5651329648525,89.62367380955214,89.81211782386465,89.88874163136616,81.06284423859712,88.24001517196498,88.4692997030639
2015-04-02,79.35151479894692,87.10303744222735,99.12172148505684,80.44753908714044,93.48797088103352,75.90127586322207,89.031731905869,89.43640618980501,89.74946374062168,82.22645003150865,88.38783060948822,88.32946122330377
2015-04-03,80.17180624710144,88.21164652916707,100.3322551182545,81.35896016872795,94.27702856221475,76.29066016762575,89.97231835593783,91.07837023668834,89.85474476086421,83.06227334093958,89.77152821106179,89.16466165851116
2015-04-06,81.34964709001137,89.01338733939085,102.45212655608411,81.47318841672589,95.32860550244048,77.6209605520851,92.91863636829214,92.39679234261897,90.89193874653728,83.62364385745724,90.61119498996909,90.22925011478252
2015-04-07,79.78192113869808,87.25857125267578,100.05456270051869,81.1750879604907,94.50807094279745,76.41924436293822,91.23880267413499,91.23650389633494,89.86545770875506,83.00169753376298,89.83837873714495,89.0614056346857
2015-04-08,79.37162200926254,86.69702906224222,99.40171817381841,79.41598331579127,93.66129982876605,76.9400702796306,89.57502102537917,89.72464432284114,89.12314905199365,81.83042674841218,88.25540837061388,88.38343309251403
2015-04-09,79.89488742979086,86.9132147264098,100.18789445706095,80.01883935175347,94.8718535457528,75.25427411127924,90.57627013176662,89.41047459764891,89.85431905462636,82.04324417428373,89.70744005346874,88.99478121338116
2015-04-10,77.53429603290645,85.76920627717253,98.42809144483017,78.4347907613809,93.6851326525365,74.328068298493,87.92077811940815,86.46309973862698,89.23890794480548,82.01861628414136,88.1312535923729,87.24292976373901
2015-04-13,77.18762127009073,85.41164614979142,98.08499367994857,78.31661595176465,93.07646620255083,73.36989471502228,87.01968426345319,86.36332464761595,89.06790652359473,82.04402675309038,87.64902924905019,86.8702726325867
2015-04-14,78.15488524027806,85.7610843223863,97.65503785484488,78.43944397087387,93.12563990715378,73.21086785657496,86.77617070369962,84.9705141298584,89.16742904990473,81.90068496213428,88.39664674466837,86.81956344477688
2015-04-15,78.97615463287214,86.47948095860791,98.52122420042092,80.38971210402899,94.45425768656291,74.01212720817416,88.04285403483159,87.0289936416838,90.02665362976649,82.71169769409171,89.09438732224424,87.95397785594672
2015-04-16,80.29398922587868,87.80531312106852,97.61957078177659,80.40470328235556,94.26041766562338,74.54950081601316,88.78917414861692,87.52889698316227,90.58033628165325,83.85990583861881,88.55108403236693,88.60003180184208
2015-04-17,80.80541917639022,86.31397258407519,98.00640059534656,80.11524883275143,94.68033729398174,75.04273984913166,88.63592806165768,86.40210080076002,89.87241649699416,84.29390820812564,88.64420826984575,88.34298752648168
2015-04-20,81.34877366383762,85.51801420193618,96.59876426621567,79.91926788161774,94.41544367072646,74.94688605502041,88.24384976867577,86.30267539852338,90.18118687382037,83.83571497627698,88.40029350968376,88.0498592717039
2015-04-21,80.6991882929596,85.62796099055116,96.09422276967052,79.44437379987211,95.19598134542704,73.23068153783001,88.63781754502669,85.3297749638471,91.22291095177644,84.50776220180285,87.95802533350331,87.86276149101504
2015-04-22,83.30088178253536,85.95949523596026,99.01455047761948,80.54683416454618,96.47856288194956,74.52072081279212,90.62970491666688,86.83260714387511,92.23413607401237,85.63288008728534,88.9224305811466,89.24682477103745
2015-04-23,83.00600553470973,86.0717808323221,98.28264982186718,80.98945584519662,96.18524796256305,74.04327798696607,89.92951891613606,86.29150297028777,91.88024430213886,85.32355255822648,88.89103998850355,88.89722170788981
2015-04-24,82.61891162125184,85.21717405639579,98.43517049377358,80.32506471633751,96.60231590986673,74.16185353446623,89.54169195938886,86.78350499773208,92.42684733437125,85.67043218288698,89.28006391824519,88.6604008235863
2015-04-27,82.87550503092808,85.55336365428369,98.74684222136977,80.41928066722329,97.44513388456716,74.53004802144893,89.17498965931473,87.72279348468228,92.9938089301241,85.44814806284127,88.98267226593819,89.01066164173227
2015-04-28,83.15593524924364,85.00070737428281,99.17194087595138,80.19559947470765,97.23004764066636,74.3485077348425,89.45315137173642,88.23613869137807,92.50990919151597,84.30241055120106,87.88968207376479,88.93763495631165
2015-04-29,83.04639027978918,84.64946721907698,99.02738117052499,79.93978584859087,97.24053525058783,75.23840059684903,89.17639392753888,87.78826486366306,92.37181083562244,84.09193411022072,88.23058286804624,88.79608068552459
2015-04-30,81.92329149580958,83.96320535998912,97.44256926898997,79.06178752257954,96.3157895285215,73.1006413519481,89.15809103871246,87.53118498802334,91.48478149865987,83.93387928826623,86.44691666503486,87.83424900248957
2015-05-01,82.69140183638315,83.92784262081044,98.4475708728637,78.98307758212792,96.7613395597344,75.30970280343881,88.80537418704445,87.5134949200446,92.09169714382314,83.75623214073353,87.36786158015171,87.85890406865535
2015-05-04,81.9029636768357,83.43560293028078,97.8113844720133,78.85543043201525,95.850975349572,74.32905282665779,89.23399801686067,87.19471213954874,91.12025277657315,84.08066918054534,88.00566101045285,87.50096222923234
2015-05-05,82.46836064311739,85.42897141026485,98.2406996109775,80.05727619711597,96.52821431195417,74.32264107717954,89.9138132423015,88.63747127952712,92.45126453419256,85.79613454115652,88.71574483539571,88.56412417372546
2015-05-06,83.59658319576357,85.94032720149504,98.8097613231681,81.00983021941414,95.97703054200618,75.72908593544363,89.66314038522762,89.49200473497717,92.40917780279801,86.07078209668882,91.0431211918156,89.18224319981105
2015-05-07,84.03218028662818,85.42642845485172,99.23029640949093,81.88258895782016,96.26111882442929,76.8476772422393,89.19654396144573,88.6464636261877,92.59050806865048,86.09749959845796,90.86569972580108,89.19593094855645
2015-05-08,85.37188649459667,86.44358293249283,99.25616662563692,82.0512038563735,95.67632797113845,78.81462736724716,90.07796312274672,89.75338659890114,92.69798214013359,86.5327364816654,91.48351416619502,89.83220770443421
2015-05-11,84.45380028583783,86.66792612362212,99.49390216857024,82.80832176247786,95.0023813633858,80.09839954876395,90.33664535854963,88.42926579491038,92.76765406487164,86.7863078930274,91.11631364590426,89.56012951058693
2015-05-12,86.16850973408859,88.14602776059802,101.32240600628151,83.59449215417261,95.80455617605341,81.66272775758794,90.93436183226054,89.79742021101632,94.00953752383619,87.96017551348639,92.50198479782269,90.54540398870527
2015-05-13,86.50392818651098,89.16408898385399,102.94176706036072,84.06734543871126,95.6651627323836,81.74600869615448,91.50418422431957,89.7855423200797,94.40019835508946,88.13537482770977,93.16772906051204,90.57640700130023
2015-05-14,88.1985844103366,89.11219455409645,103.22084152596626,84.79570039454865,95.852834977579,82.76614471934242,91.83304143101654,90.4534809280279,93.99961516642402,89.61211305887701,94.04977900546054,91.14493398911137
2015-05-15,86.17024900557291,88.7514976042582,102.23609084857938,83.39545016372723,94.62288209941187,81.4870269895332,90.25960924874369,88.48661992414542,93.19349547035486,88.95744397116435,92.27212045141945,89.9952176149708
2015-05-18,86.69982380344365,89.68216165954482,101.46860062071381,82.55211898479114,94.65111114925064,81.23305707198281,90.46995731883695,89.49912010421815,93.47219558293325,89.47510647272088,92.40978741313654,90.34539187301777
2015-05-19,84.88986918656288,88.41552874747435,99.2365283441875,81.99808009727461,92.83208636904841,81.39821905120638,89.73009010522006,87.76624179305126,93.7299956791707,87.68714224073314,89.6335417856789,88.84397137330677
2015-05-20,82.0042690972335,87.0401922865936,97.03181317278124,79.6511306797095,91.76402224717543,81.4622594055151,87.83681705980786,86.35827144968279,92.38869724097695,86.25804304943358,86.99735226966008,87.05666502855215
2015-05-21,81.35907651036064,85.19607506775283,97.03613809505983,78.9507055054766,91.96197279665132,81.18986757291898,87.73585852726676,85.64953705223746,92.01836328020883,87.02759053169919,86.87738031143468,86.8240484814826
2015-05-22,81.1958636520414,84.25993246677844,96.04451156341658,78.8141265173568,91.78265820461965,80.06639394066674,86.07280915629737,84.39021430069319,91.12839918016061,86.90908366305236,86.09020040458907,86.07097208237441
2015-05-25,81.13634778129344,85.35580734592159,96.22247706972257,79.06245601731918,91.89051219247314,79.69934943043982,86.34678015911369,84.62145622272052,91.20058044227005,87.16193880634532,85.87987345490193,86.24744530344174
2015-05-26,82.89106103453435,86.06532783068121,98.35639437582387,82.30773958789621,93.80765398148426,80.02312893958373,88.67343706554497,87.38868355744171,92.73627958302026,88.8205201897105,88.1160763725847,88.23302066742504
2015-05-27,82.64165255775411,85.19066449479344,97.15004781832107,82.61468719495016,93.531429840029,78.48607057869657,88.77799384444918,85.79138540941435,91.74732949679671,87.56279129874748,86.84301500702234,87.52837797279852
2015-05-28,82.66109618489722,84.91853838646706,96.72253665768717,82.5147864574704,93.60579370909878,77.35164115490765,87.71724353683358,84.8773003385599,92.26468773775052,86.62320500078074,86.28019551907607,87.01266647323271
2015-05-29,83.47395797742723,85.40450558132132,97.40458616698606,82.92389841619463,93.93468885358271,77.54217577580673,87.56443777073353,84.7995798801807,93.12638078012868,87.55557499811394,86.5450931509915,87.22733564685507
2015-06-01,83.5455361924343,86.67180537253975,98.47342875385498,83.93058922506953,94.27939877065604,76.94857886601555,87.57646997516842,85.13425347135627,93.87557311513059,87.99673091684856,87.73296312929826,87.69539162465982
2015-06-02,83.39251498766515,85.60758410940686,99.04397720246939,82.98226158968126,93.85258939207985,74.7760358434868,87.08267224728556,84.72420827729134,94.17511267105651,87.98039292191888,88.33727269657355,87.57426844903958
2015-06-03,83.8403291136913,85.50848983421821,99.72263579832156,82.94743065975348,92.56500937598628,75.2863329026414,87.27282477983553,85.22193898655,95.54526738902214,88.79295108312438,87.45750109927624,87.42725251214706
2015-06-04,84.19341221257575,86.51499855386386,99.29092372289901,83.77084016978863,93.30339588173331,77.74300470751598,87.55231249971119,86.35590602902346,95.29768947345833,89.07965738082628,87.86642401886618,88.08094489721428
2015-06-05,84.31540049397998,86.21360130260165,99.57361768103567,84.03437578627957,93.59575185850782,75.95939354008094,88.77412034339109,86.9047914742069,95.26127216792666,89.18165389460736,87.12678714068059,88.57745734432045
2015-06-08,83.84095296764681,85.45764429626304,98.32460410207638,83.24477464890619,93.88149219113937,74.88644384147136,87.80334483984653,86.47274738304732,96.03437843450732,89.48789536476633,87.62662149930969,87.68976527265117
2015-06-09,84.7232410487458,86.44314517336137,97.83490117996168,82.30808915038375,92.96498247457909,75.72436967678597,87.26031833520244,87.07387262686707,95.26755734691345,89.94276522218605,86.0708792677786,87.65457999289409
2015-06-10,84.13364849603346,87.21532639080188,98.67779044311946,82.95628396430016,93.3882781174833,74.55425898916434,86.97151745853591,86.75909044451045,95.49649362043972,88.86111606087445,86.08440863214896,87.72053860936491
2015-06-11,81.64271914935094,86.75324619651661,98.06794081687542,82.80230628400788,92.34365892521654,72.14110345844568,85.24590692246767,85.3284131780321,94.85525244114595,88.10462591031421,84.06384035317225,86.82303639337886
2015-06-12,81.11833635543692,85.54704934218405,98.34677295123838,82.2993348024737,92.52517404679399,72.4228392655339,84.755333858489,86.03557346397668,94.45056560249091,87.79369922760506,84.35828430315401,87.0848736047112
2015-06-15,79.7924528152896,84.87687305815894,97.5151368193976,81.6258046038908,91.63771486134904,71.45890724788546,84.57639570843199,86.56722728963663,93.4548881271972,86.84124959920943,83.76975341732576,86.36637436200053
2015-06-16,80.66444131528603,85.81895602686865,99.56737757308946,83.54980247668297,92.40059432262025,71.69000130897658,85.9721223761637,86.06217779565091,93.85184967873239,87.45425736468955,85.07603566705342,87.24682227819997
2015-06-17,81.2384989976987,85.82285092892573,99.59964755427518,84.0554461166389,92.52979736869466,73.51226629194612,85.66091937064672,85.89819067797258,94.13348194685,86.48522231025186,84.8491339736491,87.45093810266806
2015-06-18,81.29009072843549,85.88208412584257,99.53637739645774,83.54594619297134,92.99953102061538,75.1420026024369,85.53271953306965,86.50322501872519,94.4940297368696,86.09793907072991,85.44521993465774,87.56435761132441
2015-06-19,80.38871579380826,87.14434379107657,99.56955850483963,82.40795564000256,92.73102545711434,75.31248727517098,85.84286360826323,85.47269689095477,94.5598909869485,86.99839468421146,84.45543297248823,87.07748398046459
2015-06-22,80.4130764318189,86.96745153107317,99.83261844211768,82.87816842385357,92.89799817622593,75.16107281240035,85.37080163091093,85.93079283582848,94.5599724279724,86.82180414476004,83.72624628301482,87.00793961244936
2015-06-23,78.0645511083351,84.97712527288417,98.60945400359763,82.15718893569957,92.27743321750862,73.03287360296291,83.62088675847885,84.20369005333738,93.55239426297325,85.05397558400946,81.43572522914457,85.29052777587293
2015-06-24,77.06344421829822,84.3121141437352,97.64083367645836,80.46304707213591,91.84905510404715,72.95661515418334,82.85706098687353,82.42483781648009,93.34803421405135,84.95305006336446,79.97307928115049,84.35176137449223
2015-06-25,77.09234851496612,84.43497926289467,98.64111966446096,80.8771220628809,92.03442777868152,73.06914504198907,83.11122195153685,82.51707650433008,93.18040476139356,84.3259951276607,81.39932315263017,84.69371555547295
2015-06-26,76.66958038038467,82.75896377914178,95.87800639295547,78.46278833169357,91.32452230875461,72.72613661637753,81.07611210851114,80.8264027577278,91.31676643152132,82.68599773909567,80.1823661000277,82.91031034809471
2015-06-29,77.90302866507504,83.34172697647031,96.22454139420162,79.11632613478474,91.80752571269993,74.76015203141023,81.69005828760389,81.09925144253509,92.24975380955169,84.21314911380854,81.33834644814742,83.65068592402109
2015-06-30,75.92352246709953,82.52949137683005,94.32948121761413,77.75061527535783,90.96328212583951,72.58942399949849,80.18998193803156,79.9071105188654,90.16135468725149,83.01486811872078,78.5235716639944,82.2117123659982
2015-07-01,76.11168091499223,83.21585386070639,93.40076534529545,78.45918229562582,91.30006100768577,74.05428778883366,80.11146443954615,80.79077924483187,90.8781693276972,83.83931620429678,79.11780425615864,82.87138182447232
2015-07-02,75.1814979372584,82.01133629389957,92.81883219145952,77.33718362416072,90.5300741045863,74.94307293320988,79.40488618658752,79.89120189144126,91.20676544934429,83.13894089454762,78.8459152978432,82.1980531994279
2015-07-03,75.04965831576402,82.51776515222622,94.36662811415957,79.30899435909728,89.7141939847513,76.3692237936205,80.19997842691346,80.8401694221935,90.89817291595737,83.98760160237498,78.38632318204498,82.87604884185954
2015-07-06,74.82984329017545,82.88479824145485,94.61973935899005,79.38671269540696,90.1160784472719,75.53133851216299,79.68130784370481,80.78278215314043,89.69840266732082,84.62139964328719,79.14055795782815,83.01832128536127
2015-07-07,73.16011486211734,81.5772527566019,92.8409457112075,77.91588222473048,88.73611350951043,73.89009235440052,78.5653890104256,79.56840995440001,88.46775826716275,83.44936834175891,77.178019278483,81.76532453147466
2015-07-08,74.71249056240183,83.06821310427836,94.97324758994175,79.7440300849064,89.80063677554956,74.70208424052093,79.2216462571969,80.13381938460597,89.27098873452586,84.47256448423978,78.21055438638147,82.82721581876046
2015-07-09,75.78608780696352,84.52889575990511,96.58929793051165,81.135756706194,91.45192563855412,76.17612450712747,79.22563653347707,82.26425067017117,89.45532109698443,85.74747942273133,79.58634568410999,84.0636495360364
2015-07-10,75.35974356264616,83.98218686718599,97.26055778290464,81.00313048095545,90.86089926003875,76.19739718253095,78.23960604400249,82.08278979230845,90.02650851225499,84.42896443475652,79.48041804351764,84.04125281827287
2015-07-13,74.46685006105982,83.98261687734431,98.55581955113765,81.37572951484718,91.10680767018935,75.62318621150811,78.06692813035949,82.55446749071277,90.27544625341235,84.91919577612813,79.26071511934035,83.84258004271905
2015-07-14,73.76751228003623,84.94541853224445,98.95002197965611,80.64579444918287,90.99558551846303,76.42856864296347,78.2168494545893,83.71684095001586,89.64786378598158,86.12475098606336,79.45355367191223,83.74075472464274
2015-07-15,72.94517948399316,85.09927248216381,98.56453394686038,80.23944090975685,90.63908638079214,77.01532900989486,77.18255319095113,83.79918946869225,89.61778409776468,86.04479947517213,79.41396655491457,82.95092983230555
2015-07-16,73.81016310244611,85.89874849641402,100.23246621355968,81.93365091957355,90.79833501036369,77.4937753347291,77.44791541299385,84.84548892674754,89.36349034031845,87.08449347927707,81.3512198474752,83.9023387694629
2015-07-17,73.97122371167887,86.01390978082316,99.84559388860038,81.8784181273103,90.51511411838051,75.4593653065169,76.92118994596066,84.46725803478469,88.85567818173925,86.48288822038394,81.8165135387806,83.47653348176497
2015-07-20,73.65035655329986,85.64007648414726,100.04700846845746,81.7731096666453,90.57921921252228,75.86070194950351,77.32917501501724,84.42956482136533,88.976745283178,86.76669440002301,81.89161140662854,83.46658930081348
2015-07-21,73.55899394739762,84.30571394561802,99.23757438017334,81.06920564171148,90.75634972718947,75.20055251960224,76.64349264822944,83.91268632320768,89.35183978355919,87.62868232927279,79.89114179105516,82.83233914283137
2015-07-22,73.20150017667724,84.17634652746571,99.356825204695,79.48915605097783,91.34385661556898,75.13363066986005,75.43218959204908,82.86739857691579,89.50794040307379,88.28846760151653,78.66296861224357,82.34251852809999
2015-07-23,72.1600594461965,83.41403040145845,96.78672108169131,78.2855893630274,90.74420917595847,73.325300080839,74.59650621838732,80.64861549589148,89.7433314297602,86.89120828408939,77.3167625612032,81.3147658479701
2015-07-24,72.25166063876289,84.61066346397544,98.06932482514519,79.64662710115982,91.35996397512733,74.8014003573989,75.55891977259385,81.9942630081128,89.56105296032494,88.97422089890792,78.77167335864925,82.37729720471454
2015-07-27,71.52118198052987,84.514343800619,98.42080615745617,80.07374399910648,92.2668779314341,73.78604994454734,75.36390599418002,81.91767766734034,91.32802381917371,88.42277079765253,79.43107643625923,82.2820499902836
2015-07-28,72.73336656192022,85.41577128677989,98.9827022895627,81.10705987388285,92.83172181620539,75.83178341934561,76.21435161490705,83.73625444666871,91.32403218134088,88.76230361083564,80.02322588487047,83.11576465109724
2015-07-29,73.49383062382155,85.17834940930837,98.98365747082752,80.9352208729938,92.84300225754836,77.68361003473098,76.5043465839273,84.87683302047047,91.50969301950923,88.74063703194895,79.62476678321781,83.15990948750802
2015-07-30,73.05263730854831,84.95428434313837,97.7510153892866,79.82726791431179,92.49415883898803,76.10563176283203,75.87905662289386,83.42374661842143,92.08495139302535,88.73905685621219,79.12893734434407,82.61087909199628
2015-07-31,73.2069476646875,85.1910043661406,97.75258133645383,79.54896940158555,92.5309689499955,73.14103857371647,75.16834940696604,82.5994519214605,92.23793790951851,88.40158271425732,79.0146207189931,82.37165016903506
2015-08-03,72.56977214589723,84.77951011024918,97.78883417640186,79.16372398033444,92.5347771213766,72.22428910983977,74.66462147791853,82.58347292418075,92.67723044094137,88.76869783235631,79.02036575207318,81.93921771744257
2015-08-04,72.4343651163036,85.24869054027721,98.88590170147366,79.93946926163218,92.31310812612377,71.77966385031283,74.74694520970945,83.32828645041201,91.97716279981478,89.07160611474545,79.55014112610598,81.97830645877744
2015-08-05,71.8310952046864,84.05234692435025,98.87587571972341,79.64836341661857,92.06607995019122,71.7253176161509,74.99418899412558,83.09391743546884,91.14650758047648,90.00154743989326,79.12597347316698,81.70076817885104
2015-08-06,72.11071507006089,83.44843678755655,98.07938773322617,79.12389233362879,92.74358869849847,71.56357462798444,74.19246748231217,82.88963368733143,90.75644292604578,88.83376434100983,77.30228857178925,81.48621368057817
2015-08-07,71.17410549308396,83.2503607017524,96.75116584970445,77.84673347312918,92.64744420334587,70.94003995978474,73.00892279566288,80.55603230296344,89.75470656623912,87.94466336438151,75.93738744965614,80.38632080478725
2015-08-10,70.43676735327328,83.62685152731345,96.30419276432079,76.88696776168923,92.38478877388393,72.99622008114439,71.97475399887144,81.19994326059904,89.43461374932654,87.88852201602428,73.47297388702516,79.76449907950752
2015-08-11,71.67022607417702,84.97211858334735,99.19209644505409,78.27510457318547,93.5364464319992,73.9756345213805,73.42740242768605,82.31545720739146,90.08704634433265,90.31044543382069,74.68410781046789,81.1259321890456
2015-08-12,71.43307621036054,84.45681718892396,96.94392080981167,76.42289385049153,93.05173167898528,73.07746182605595,72.64739960686349,82.07390287092322,89.1016451826931,88.33778870201743,75.82217008863452,80.60927605118027
2015-08-13,70.76418780519693,83.04801376083752,96.07929520412783,74.62674123067221,92.89638441585409,72.67012233054224,70.43230387857983,81.35376020975558,88.72425150114056,87.45014499093566,75.76812344072292,79.7848494082396
2015-08-14,70.67640410913171,83.5062357687803,95.24544400272482,74.29902927529493,92.90213094629765,71.1894249165373,71.12222374691014,81.1678111367084,88.1139301647445,86.37410134784372,76.29217024583312,80.08777295416421
2015-08-17,72.71310795235229,84.95067472993092,97.35000509296712,75.81731888823603,93.84401024287746,73.26269283682801,71.95399202491225,82.97096336111994,88.42822246940781,87.79809864701423,78.8463395665872,81.25551642872038
2015-08-18,71.661869596249,83.12814282402586,96.08237409263536,74.54350855384207,92.7753383568578,71.4310943738494,70.32193845113548,82.54407429498846,87.91108800592245,86.38572659834361,76.98873917740103,80.09694585697638
2015-08-19,71.53794720829843,83.30034970266891,96.25602065093275,74.49274633311393,92.40158519187996,69.9156406767268,69.51796025362628,82.36110984891718,87.32379084698,86.54041882600896,77.10462681165662,79.96039039356475
2015-08-20,71.79016442105753,83.13485636511878,96.22580486496359,74.64223095575367,92.06651187001799,68.6477775231251,68.58484566752017,81.90636610186027,87.02362964769381,86.86110737218826,76.95694495152459,79.48273376419958
2015-08-21,70.87835977268304,82.13952366279698,94.58890365417983,72.58390623530342,91.03682179895762,67.74997938713287,66.70917274118518,80.7329084265216,86.5521764226954,86.24428090410576,75.11943572116316,78.10350306617399
2015-08-24,71.48252663110515,82.1009846964316,95.01119466454901,73.86884775811538,91.25257287338454,69.22790154419417,67.2043634104224,81.9984155652563,87.73908520245965,86.72294567288294,75.38226661538447,78.71303767239804
2015-08-25,71.77255777643666,82.39242231985516,95.28513292524025,74.1080570307538,91.2405240675043,70.49392517876612,67.25843182523396,82.52520452949486,88.4159960669041,87.2208113628957,75.82309841943248,78.7256737052522
2015-08-26,71.34399683563164,81.69317566612399,96.24893729677362,73.82059213392041,91.34324844315631,71.07419413066319,67.29067186790559,82.09773132638534,88.96591980561743,89.55368957538501,76.06875963340534,78.81360174138088
2015-08-27,70.44894932186145,81.96026128711217,95.38830834345909,74.0455537770044,90.71814294624,69.8090666397637,66.88934597416021,80.8959656963992,88.89258572706703,88.70808430723837,75.13979159403813,78.24726599506977
2015-08-28,69.7602275143715,82.37703756206062,95.96927681117845,73.69289195772231,90.73412433587592,70.82404837896277,66.89462816007963,81.01717122616851,88.42154780819062,89.54966504129011,75.45518434369022,78.63698580723154
2015-08-31,69.95698488739328,81.42036987212526,94.5881542411586,72.65781098338458,90.38410697074387,70.37945198232113,66.75470357483927,78.99203705459624,87.69172877228768,88.86534143893742,75.46845165689177,78.2407512601567
2015-09-01,68.96387176326645,82.03809795951182,95.28241140774999,72.47020995144165,90.63348175977538,72.63479635133692,66.61709581150461,78.14771364074693,87.1506429869696,89.45070487145267,75.25989547304934,78.15910675765909
2015-09-02,68.44596145464354,81.88322628318643,93.76996211987854,71.80446128419108,90.48652753751813,69.68848388113351,65.9919129984817,77.11216714859385,86.32873962247518,88.10725117460495,73.95692306469739,77.31706794986346
2015-09-03,67.12928643241575,80.7222350876901,92.00323129312522,70.73479880558767,89.87662203110489,70.31702483806363,65.36325525108522,75.7352204088572,85.68664676735897,87.70909049452193,73.27203233584073,76.40006136708575
2015-09-04,67.75435910056818,82.79385938876965,93.18708162280392,70.74519332948513,90.57703545315589,72.30220852616182,66.19384697935595,76.42971828380979,85.81503869146547,87.74462604310308,74.2629584518274,77.45879211973356
2015-09-07,67.3062207377438,81.93837803033972,92.1173530215575,70.21605223199575,90.29357682051646,72.37062691038187,66.33888386864064,76.52107958110082,85.34967306103857,87.59027484386245,73.97453761964165,77.09362739237623
2015-09-08,67.69942254557212,82.33254595907763,92.31848499555035,70.45336578595376,91.32324799934798,72.63755825612101,66.89156118471162,76.9875798316611,86.10819547475157,89.68903235469476,73.52346329741955,77.35086470091036
2015-09-09,68.00169482641482,82.94974936714668,93.18948194474942,71.80972101883455,91.73407483876687,72.14768019491981,66.70947135936845,77.44938686381398,85.86480385806522,88.92383561409655,73.49787217834903,77.35521567366573
2015-09-10,68.53061598437674,81.47772608317786,93.30410523200995,72.22470489090924,91.08196255585455,70.90377635233075,67.11817273532196,77.01020783201773,84.60936093340604,88.25678738629132,72.9640658355493,77.04196570365708
2015-09-11,68.3395739443154,81.6646461602464,93.77198831396723,71.91113174997949,90.78698179482542,69.04141193128508,67.4408099706062,76.37854787156685,84.23181201453195,88.62475607801879,71.73876748460481,76.67810112609747
2015-09-14,69.29799684644267,82.0997272879399,95.52102241084195,71.89518399354466,90.96215413329179,71.62169022730316,67.28593011788784,76.46836280932256,84.460260138487,88.40340278303822,73.1509617321411,77.19548362199585
2015-09-15,68.81076401317252,81.90697714412522,94.62822158643898,71.87228768219494,90.65432738742815,72.399170460493,66.14119491737443,76.38131977174662,84.13815715108686,86.59020209269411,73.03537456145025,76.99124644471262
2015-09-16,69.07261191324477,81.27271100161565,94.84872567760266,71.1648396613258,89.86389134239167,73.05289153061464,65.78997183182736,75.28937110628567,85.22667940426052,85.40284218911958,73.09850769269242,76.90427843379716
2015-09-17,69.20624670076694,81.48532722200459,95.95803954933838,71.33542050740769,89.91953420572142,73.55287002266311,66.00708853430945,74.86668999064786,85.7542418621254,85.64370661902659,73.66734883830844,76.95202042842737
2015-09-18,69.9704440266969,81.76447097348266,98.91619842766167,72.54803446377865,90.05848496516401,72.7593173361855,67.26101772209762,76.19292892804376,87.25233899223146,87.36241868145002,75.45743659926639,77.89506087145834
2015-09-21,70.5188546662685,81.76992016146107,98.74722400103346,72.94834775662342,90.2368388998823,73.19180874281685,68.05643454509445,77.26836048025818,87.2529375313782,88.02929960791582,76.66587907728328,78.46024650385043
2015-09-22,70.8446350891398,81.83489726399206,98.23052929406113,73.4532593662328,91.14978397299778,73.77047482954411,68.35303581055815,77.59374478796185,87.87204107615557,88.45786525243575,76.58518943470392,78.79394370888463
2015-09-23,70.5192531698602,80.83467964000684,97.98123663843792,72.83808935965382,91.28071011734976,74.57049290199211,68.34710650656697,76.49719134199229,87.74887033542512,88.90178538887207,76.30488564465824,78.37764060906808
2015-09-24,69.62917206437027,80.70574695412873,96.23472867590134,71.40610613728789,90.10554695481699,72.40784174475549,67.61409903177778,75.67295328383082,87.04036936864318,87.9156149032061,74.85276963167917,77.31702575147929
2015-09-25,70.1928005079918,80.71397654176076,96.66247832631556,73.05452111750192,90.25067346264582,73.62977149518395,68.15764438358256,76.10013104548075,87.04684652712402,89.68411656615929,75.50021421360331,78.0876590469438
2015-09-28,70.66196947593527,81.02572906984784,98.06998781099131,74.23520385895658,90.458856624635,74.36754642404841,68.97977026258417,76.87989727364568,87.64396396847717,91.60705342310614,76.54779935464221,78.8792880668419
2015-09-29,70.95617992297115,80.79390884483757,97.41207757381919,73.98995465746565,89.58932808986472,74.39402685331986,69.33896800054681,76.25567491236237,86.5055769334041,91.35833574449454,77.21692622296784,78.79872218490512
2015-09-30,70.61133381022897,81.19805766310752,96.48825132862187,74.07680456879969,89.5170487933432,74.20034630970105,69.49850596490646,77.748314252731,87.30366905837153,92.82641976047448,77.022983351591,79.26036458919144
2015-10-01,70.99185450569999,82.17432586388236,97.40441042032244,74.89168060341099,89.89032482538074,75.39686326867489,69.84775148667569,79.2925057556468,89.23917957355263,94.0785118170081,78.18424696313626,79.91608804658726
2015-10-02,72.4832437639557,83.21079436312799,98.48963214261917,75.97638547159363,89.95969509269673,76.36588991981326,70.14807079686553,79.57340716030296,90.50589410353459,94.75398689303218,79.15623022962859,80.61730194960018
2015-10-05,71.94220244962884,83.73694806705736,100.05369143361924,77.31766800770504,90.85971513570976,75.36659441384337,71.51149434591116,79.74995885713446,89.77160505254761,95.58780360355291,79.30091498441568,81.39795942381011
2015-10-06,71.26102898951582,83.2357379393773,100.26438289030995,77.8075851369276,90.59751730708689,76.34723396398788,71.46249357638291,79.35088803182101,89.6647875836314,96.15611432693774,80.84537368472205,81.05646495828465
2015-10-07,72.89578856763713,84.36250390737604,102.21712921876866,79.48985236724691,91.29717688501702,80.20216405216878,73.05102305525666,81.07615008288343,89.99816788142992,96.53827493323814,82.11033062613019,82.32632129784315
2015-10-08,71.05373238267069,83.92684060005766,100.62696275139417,77.72630785356439,91.34898500143176,78.15508392191214,71.89184887406564,80.72300532720334,89.03341922671714,94.35783856787808,81.87662648058391,81.32460330069362
2015-10-09,73.08634285037301,84.94349535574531,101.20834693277455,79.72794538955885,92.20665761487292,80.35092212729957,72.58409052551099,81.49444920362333,89.31459479966858,96.0495730006851,82.63055196422471,82.06320779341179
2015-10-12,72.23885196183717,85.0552903101893,100.64488196633152,80.92399771000876,92.56804279017304,79.8804608622843,73.54165150798055,81.24579803723582,90.23479888380808,98.08756604043943,83.35855912785925,82.50431335781911
2015-10-13,73.7338741313867,84.61725651030207,101.40543681658365,82.29517438886427,93.95053082997232,80.27921361651904,74.14621205690489,82.2398887945994,91.09881627899384,99.14777652100952,84.78194672034499,83.26352451819302
2015-10-14,76.18079599459048,87.15028222279167,104.40374263485101,84.95897742971762,95.73180823737138,84.20476380553202,76.24905647034173,84.14513958826178,91.56934608692154,101.68461754339751,86.55197215479508,84.87346214885964
2015-10-15,78.02215280029314,88.81034834751733,106.75258572719702,85.52900439891012,96.37236524315553,86.10049255838229,77.51394646362651,84.599215816772,92.6573775859132,101.72894720325192,87.96810118625889,86.17700220202063
2015-10-16,76.91470578848406,88.11630213242572,106.97919906837572,84.2080431114349,95.83247907934548,86.8721301172988,76.538718422499,83.40113176150841,92.16835889709724,99.73536055083088,87.85467547008943,85.2165187591514
2015-10-19,75.64690919490363,87.06020265098586,104.83068707769398,82.28992785005364,94.60441259158475,85.608215434808,75.38618397299919,81.69522738083724,92.50634548902073,97.9474069161078,87.13163306280501,83.79993181844938
2015-10-20,75.9393760322053,87.4127984536199,104.53513476532162,83.84981167281651,94.49175705979101,87.81113404607169,76.4863806707822,81.89150611049276,92.06968783987857,98.44539665825242,89.69797335183245,84.52314980039093
2015-10-21,75.51853930206492,86.1309265387741,103.99035294345514,82.17615985975304,94.75713852926636,86.69405857357948,76.47088222262155,81.13564171068869,91.49002813529542,97.81526003537574,89.01115443255065,83.69198818258975
2015-10-22,74.96811149131659,85.97042959106047,104.81465848727186,82.01691366494664,95.46490949862923,88.56558969277278,76.31824671669293,81.77501825321458,90.93973742140604,97.519768171319,87.75659799659124,83.71473489768587
2015-10-23,75.6016308235979,86.49742855791438,105.01227469534831,83.79394457667982,95.44124374319902,91.82648070974425,77.84073045494145,83.16702835833965,91.35141055877469,98.26011202752395,87.55561115080081,84.4564878679129
2015-10-26,74.72959096066238,84.96779706041727,101.84976428426356,82.65320625304145,94.6722630930438,91.03925157436203,76.07995247055933,81.15050940442569,89.35081521460191,96.81728120602163,86.46337911218981,83.0907340137066
2015-10-27,72.37090771045119,82.6805911616804,99.53000636243044,80.4447214095719,92.65049761013712,88.17626266694415,73.91977766594154,78.94189132686373,87.78421487425906,95.6461508812156,83.87252617547487,81.35664878981754
2015-10-28,72.45025859440575,82.72935038760775,100.39787936395044,81.86349502359663,93.31818989391012,88.17286286908555,73.13788875680605,79.59550541998588,87.85398519107054,96.78793124301723,83.16464655196165,81.60155783771638
2015-10-29,72.61456132634315,83.08918528933967,99.69593935631687,81.14362715613392,93.35426241020602,87.2378028421255,73.57237380875347,79.47658472111543,87.54679946628191,97.6135479824404,84.03731125233242,81.670445310897
2015-10-30,71.77719044367245,82.68320493247423,99.22506393115233,81.23563585964057,93.1061460376751,87.88112383132709,74.06166322647482,79.09207012755233,86.94025498748115,98.61689266284867,82.74733313580354,81.50051878571382
2015-11-02,72.43252160295056,82.74983520899998,98.77049073864843,81.18306041444954,93.72508569178622,88.73017791059819,73.56928957913709,80.41630514392791,86.8936511445241,98.59028515972216,81.7202270861328,81.56451456670224
2015-11-03,71.92565782767699,81.08827755511761,96.99928866156291,80.73139066977245,93.23398891064889,87.12422978287545,72.74228316587858,78.19408528274697,86.1713634620218,97.58876948941604,81.13814736172758,80.88945755133905
2015-11-04,69.95275499787121,79.95814912925493,94.43142719664996,79.19767324410402,92.22614717830939,86.81144400894195,71.42780350798222,76.54511199552823,84.94407842038277,94.91624031744486,80.68361772464579,79.68762105147484
2015-11-05,69.83788784026326,79.80952862860899,94.39797519601628,78.59851794502488,92.56276904944883,86.11571225940283,70.63482318072617,75.97207877059442,84.7362536135011,93.5668591843666,81.12515041276716,79.58538999260195
2015-11-06,68.71905157477755,78.55562895589284,93.13445752787274,77.88532208939762,91.87107821563278,87.44869013750821,69.92496451205726,75.156012512943,84.29544032629089,93.48897072193388,79.57349341413143,78.83751990499901
2015-11-09,67.13914464294992,76.62019354993433,90.96188780077424,75.6835445695608,91.2999473571656,86.88795282320535,68.8002017328681,74.7437978004584,83.70509757373688,92.62328957036854,78.73281028983143,77.56288203206738
2015-11-10,67.60966750881227,77.17675014302424,89.83377925086558,76.47191112332109,91.6354611898879,89.51165074555506,68.99482461229532,75.11547602717769,83.02018450661257,93.13690847676652,78.54368708990866,77.98898237440766
2015-11-11,67.27065353729674,76.76855902055776,90.95322331775455,76.28100784427764,91.9952051042906,88.74511619324166,68.53640525940133,74.94071117041963,82.77841823296718,92.92826781534502,78.7327565774422,77.97166768094492
2015-11-12,68.07861125760307,77.29799512040431,90.81284781574092,77.21043305647292,92.55042684517937,88.13984087387652,68.92222973825454,75.39463543624197,83.58407956637483,92.39336392938547,77.12942769479429,78.32209168518389
2015-11-13,67.00742328645453,76.46431774336257,89.73220181155817,76.11337679429296,92.33545147064886,85.037884748923,68.43926954392542,74.43260954955207,82.36328577241692,90.02545313657816,75.55826685835724,77.57221010426505
2015-11-16,66.99336436829199,76.3592115393167,88.3605439736536,75.196638273666,91.52229162277142,85.30052417693112,67.36644438207506,74.12348455023067,82.13135042107446,89.15979030475229,75.29806336970897,77.08848657402581
2015-11-17,66.23848558502081,75.56844267389002,87.62747812512565,74.59421745198827,91.78524742791983,83.12013448645051,66.59949953893182,74.69267257008069,81.42207322549825,88.2816774865983,74.44381887945575,76.34284187888976
2015-11-18,65.99128438212193,74.30270618829041,85.82058124132327,74.55807576024021,91.21305168226257,83.95204306777816,66.19438904413154,73.61755646179736,81.58224475845832,85.82038232883312,74.02777755601106,75.69089808543609
2015-11-19,65.93380191222158,74.41168686061913,86.11976507107856,73.61987928432607,92.13640646265362,84.4969510084766,65.21846407319485,73.69782380974074,82.3041484392289,86.96079935284185,71.85317668289436,75.87000939962813
2015-11-20,65.14512827988428,73.78376644584532,85.26784549793489,73.06058945404283,91.43143394997874,84.7717868628817,64.80171818285855,73.04910710913896,82.0860415350207,85.96308019089798,72.11517439128171,75.30137756670428
2015-11-23,64.93382211137603,74.3392727986466,86.23076677091939,73.74602576104601,91.55659032055222,83.81219983874183,65.76154988653988,72.2581283932775,81.98828662733604,86.59896255128659,72.9392822413748,75.60150146724332
2015-11-24,65.48953723351717,74.36972247712798,85.93458076053064,73.29868111078903,91.67678515808532,83.64926965534531,65.51102964584007,72.87483875805067,81.32257385176175,87.84578039151573,74.49437449266787,75.89039319402865
2015-11-25,67.49265584733176,75.50097052084791,87.59529547832734,74.58121595500552,93.43714700102905,86.09257195095819,67.52848808365364,74.50764040267038,81.96376418129525,90.5206086119216,75.78898497622305,77.46956068219583
2015-11-26,67.43569087371301,75.03450524518928,86.07908191350666,73.77828476260036,92.42524663011716,85.70885285821782,66.38476862575895,72.3319690631211,80.8949693441931,89.28230698066926,75.29341741678724,76.41278533766794
2015-11-27,68.7742348163421,76.18187298896257,88.31162403605971,74.12613844256867,93.1814052544172,85.2880485751453,67.30602944959463,72.9323170744061,81.31338417095832,90.73969627545682,76.41863641222689,77.12694229960377
2015-11-30,68.86423620679096,76.51362131326,87.32740813813513,73.74001440406329,92.45477429508674,85.78739886585304,67.19456760112001,72.97596603542371,82.06954086429383,91.41732145898985,76.26023070612618,77.0879832845246
2015-12-01,68.79472283687305,77.03043785758305,87.54246183997823,74.71471100046752,92.26504620061378,84.97831011591181,66.73380079786936,72.52289900953222,83.05097159911308,91.52054227896001,76.61396430030442,77.10767302079633
2015-12-02,67.86622107944933,76.32000668673798,85.7031860833686,72.97765122506735,91.52125020760437,84.62953790116316,64.97998329341105,71.95565243215131,82.54537135673151,90.69652923267205,75.54107919727605,76.01147731231566
2015-12-03,67.53291715952179,76.41521630345991,85.48316613747612,72.16123354914676,91.22999072814854,84.07809633758816,65.62228556820942,71.30844813383557,82.40158183902798,89.7525590923395,75.64335056267385,75.68907522007505
2015-12-04,68.84105348723854,77.35030189847178,86.66691476135561,71.58050737817543,90.8804875893494,84.67278281870912,65.64434471442497,71.15615098585357,82.67460023514163,90.58523839618748,76.16884966319567,76.28607656393326
2015-12-07,69.26786780257953,77.51847240420379,86.71685772146735,70.96944765109183,91.08352716728551,85.28682535566236,65.49620485147719,71.53165247561698,82.79493971018542,90.0986682039512,76.19951597323471,76.2529319073093
2015-12-08,68.97392016251156,77.62918039245069,87.00714073853449,70.42622190029437,90.73890204556511,86.92412193162907,66.15082861568254,71.55397755653385,82.72856524180614,90.06701909545866,75.83470075501404,76.34548593637301
2015-12-09,68.45527605387221,77.53153611968588,86.93381756046993,71.1295304672306,91.44917644501066,86.52064039328651,66.08291566103614,71.42381887761333,83.51378442764045,89.98791402231727,75.38605494761724,76.15207813627573
2015-12-10,70.06205603557815,79.49912159419826,87.77287426622607,72.76732229243018,92.08895894762976,89.38675582866692,67.02165498947646,71.53550260086872,83.6563547308097,91.64433534643163,76.48285040683245,77.06847660466308
2015-12-11,70.23728035738147,79.5181620642637,87.65853966197089,72.10535491517571,93.11542161801606,88.32780572519493,66.19799733755048,70.83328132498889,83.71149180683771,91.51725052848143,76.70918683654446,77.08237993231367
2015-12-14,68.37629571908431,77.92733450379588,84.41884809755804,71.36401786076692,92.10553402018307,86.51889458252312,64.35334011722932,68.61620100507636,82.36967120220207,89.65996758999624,75.21264235300593,75.403427036731
2015-12-15,68.43194481204824,77.31276533257017,83.56774010454698,71.2421761382202,91.92599148226876,84.64726157639213,63.35419138732784,68.04039884176854,82.54832670779989,88.8862538030491,75.26219351300485,74.90737727860473
2015-12-16,66.72861617545486,76.01856403805424,81.23888127251394,69.56150423241836,90.55935367187826,83.06874188653539,61.29342909514934,66.51517103022154,82.59019463621881,89.4548401077927,73.2799986281473,73.45067005286283
2015-12-17,64.12548518849694,74.04359913494545,78.06828158378795,67.39884611434965,88.61122629042136,78.93815651540221,59.241379557876606,64.80597174432367,81.45182684520574,86.7213147816558,70.34087773886283,71.0727344703328
2015-12-18,63.56598657128675,73.20470337405116,78.04205529020395,67.214606613581,88.52941151093843,78.64439343388837,59.216034971812604,65.17036822704898,81.31885995462936,86.72782064602316,69.02098066702472,70.72119201610181
2015-12-21,63.72357551712797,73.15241775495737,79.50201463344256,67.90878234609742,88.49898199974938,80.76300424971382,59.83091959998394,66.22164538052651,81.95375148785028,86.70878704564063,70.7731938761056,71.6998209299003
2015-12-22,64.17919780808923,73.34267904724217,79.8544487134864,67.0944474991057,88.98463664989198,79.90943666555687,59.64310297888721,66.23665969106291,82.27988252390548,86.8441560246599,71.98324080979583,71.76232520648318
2015-12-23,62.80871773542419,71.88863772194568,79.44400714303768,65.76602809856541,87.82769646204723,77.01527435702472,59.04603249423993,66.30923497421645,81.51137205651334,85.17745119959571,71.35747045189092,70.94270440486524
2015-12-24,61.91500251926069,71.45068619264296,77.24973557054598,65.0836526930853,87.20763177282706,76.12204532902874,58.77014816556061,65.67183588153725,81.9416158391124,84.1588884322263,71.06726874360089,70.29822270602584
2015-12-25,62.44532733094259,72.23016379400596,78.53933047670267,65.80053594994163,86.72819745234644,77.87879552637548,59.14490930637039,67.00034374127395,83.37421725624539,85.55271257776198,71.51303863698355,71.12720294237651
2015-12-28,62.91239882227417,72.87664897661502,78.70700865737746,65.59529831577952,87.039753723843,78.44699063237076,59.69460743238017,66.90857988772466,83.98661024325109,86.94668047874832,71.75520168196753,71.26842973283003
2015-12-29,62.956198450863624,73.69795211360183,78.73288787305529,66.14530710051899,87.41322103485558,77.67919072230004,60.091253934359976,66.92124409863035,84.45170478290956,87.16890696159429,72.67854249736297,71.33118958708235
2015-12-30,62.96263479090571,73.85974862074404,77.97948455024458,65.61689377523419,87.53378275688901,78.69468462146347,60.07786694635564,66.77420447468688,84.22600963406659,87.63020949254314,72.87581787426043,71.32105921815541
2015-12-31,62.29665450194042,73.65122496532304,78.36059190098747,66.11881754481581,87.72374523570957,78.58739951714087,59.713067468428925,66.49494264621377,85.22410698641286,87.85197143490228,72.10172507376117,71.37696520419972
2016-01-01,62.87879071978101,73.63921188782211,79.77843525053764,66.53568607392879,88.05933054765353,80.35471706617825,60.47530373886103,67.29453416518395,84.8795982729688,88.20252876575647,72.94102477303154,71.98470803518741
2016-01-04,62.67693789561084,73.64536752002769,80.91875385454546,67.05333115132997,88.47428957575083,80.08516737252616,61.123714199299584,67.33213226563258,84.76896519425713,88.74561911557335,73.41885566166255,72.4141817792471
2016-01-05,63.005613773119876,73.82485010452228,81.10899861763073,66.69865426505503,89.14991199030594,80.95438704213478,61.95304362593652,67.46648427137815,86.01533784368303,89.68875571457758,74.16890264531881,72.60035316734714
2016-01-06,62.44287516756732,72.22780631191854,80.54028689885014,65.92557717440883,88.38792637596177,81.42280153969637,61.02890991585059,66.91374569195817,85.31249710428324,89.1039578563034,74.41428507018212,71.86605144083572
2016-01-07,62.843679878869516,72.60267370818555,81.590905939886,65.96852814179407,88.93073838572091,81.35545822234734,61.99158379855003,68.33794092206007,85.13673099849986,89.28048918053115,74.90233069398741,72.26478711382892
2016-01-08,63.27363671091529,72.19604596008473,82.05501420654393,64.62411192391265,88.87769933022919,80.52866644149871,61.40799175972251,66.90722796502129,83.94972552918205,88.4744724569818,74.7259700837036,71.79508501024141
2016-01-11,64.34616056178616,73.19004857065029,83.85980650031345,65.47008641888141,89.44451865705595,82.45605097696075,62.37357852625013,67.78124590614932,85.0232963018319,89.7196091747862,76.2564158287613,72.61511077484289
2016-01-12,63.70341426015295,72.26346784579232,82.74908439281938,64.516893510356,88.83459444827906,81.95951638644995,61.47299787793193,67.17383235189911,85.07885532728979,88.56640955648125,74.74276421528113,71.71365497448909
2016-01-13,63.70379978879587,72.24909588649422,82.71177554671442,64.84841465187074,88.88016599629327,82.39946883328207,61.43233673463543,66.93021850609259,85.14750504694697,89.20306471692932,74.55671724091734,71.6426395477704
2016-01-14,63.652461037048404,71.93387798135221,82.84248297846585,65.01613112099055,88.69314993908148,82.42652799421903,62.00477525816338,67.371623977121,84.29679468273618,88.22990143479743,73.5866337783331,71.66575582218073
2016-01-15,63.14033979921289,70.93152912620828,81.74438155447838,63.562636501651426,89.00403568372342,79.50070125395453,60.85454908168998,66.66665774227525,83.65418190400331,87.84846115476242,72.76743614532559,70.73737276739973
2016-01-18,64.92131578107089,71.20954110835498,83.12058132451966,64.57595576918003,89.85183858413059,81.31657982204315,62.348712766330415,68.20054329549343,84.06419121975284,88.61921323096402,74.58449172893997,71.9931498750792
2016-01-19,65.47485632288348,72.17996682331687,85.02848036878274,64.50922461499408,91.49122539503988,81.47300306244342,63.27686833205104,69.12536360236935,85.24457255094975,89.73861019305505,76.01515920597609,73.08142295321872
2016-01-20,65.64172865927841,72.6218410676437,84.18588970692453,63.659703304381175,91.72161682303435,81.27888579862392,62.959648046703144,68.69008927878492,85.83306394060993,91.01544162348125,75.9875025414537,72.76895165628872
2016-01-21,66.50298033301297,73.2008763395903,84.49049919273085,64.87975353995209,91.30928294491447,79.58232608989061,63.2422523168939,69.19242115746387,86.4632442965312,92.46678089105949,76.19478369105487,73.36384101081089
2016-01-22,67.27849190813183,73.6317397189223,85.11597376111048,65.93276732998298,91.67951977773244,81.68662542981107,63.60789841860852,69.01654215326032,86.90197058492389,92.4441629760756,76.0377619274752,73.67296112684284
2016-01-25,65.49910099163992,71.55258101700012,82.22379491308085,64.34641661872035,90.60226587520853,81.41284929127124,61.00428427205367,67.13393776048682,86.51108618907386,90.15167048586287,74.80356604062717,71.76148830623065
2016-01-26,65.16475700615328,72.375351063525,82.35463000095467,64.713554143978,91.14242864478413,82.32431660515482,61.09760051968382,66.83486676196428,87.57955888462072,91.07947124297694,75.47325361462983,71.97107492169562
2016-01-27,64.62887453404895,72.01202892543847,81.0995603265109,64.98637844742106,90.73649572132267,81.4687271219441,61.45917018714956,66.36667213193334,86.9263838493059,91.80774434404462,75.26306113726264,71.95513586116574
2016-01-28,65.54808249985005,72.4513701526322,81.67906895468029,65.32034276824854,90.93215238795759,81.37523436660062,61.85681137851313,65.7899156312371,87.24100421071103,91.92273142030416,75.76663422327053,72.04404200666788
2016-01-29,64.88488348924963,71.85637438476792,80.69249463026458,63.69638958474469,89.7912182408129,81.47488661092223,60.520395763821035,65.55293915279465,86.1091334516636,91.7134997288774,74.49067128839961,71.29067359940278
2016-02-01,64.08501147922206,71.28065544760219,80.40247693137633,63.117916416737806,89.20931335541738,82.11254053467789,59.942232815672156,65.11620670780948,85.5985711922355,91.25625452430434,73.73265226093719,71.12542626273458
2016-02-02,64.14661165875111,71.65707142756538,80.5407204353875,63.57958341092306,89.03205588896581,81.31140805826782,59.69229683071965,64.59685635814239,86.15653933936356,89.11636440982048,73.86646828597061,71.02586104614402
2016-02-03,64.9084740632236,72.41755480809292,81.8078478028298,65.04925021975822,89.83780087257112,83.98687158909271,61.19067931351706,65.84276092542079,86.15564851301573,90.89543452402712,74.802502757234,71.90457094703947
2016-02-04,64.37088490926473,72.73099582100045,81.74846888549403,65.45332217973049,90.76914675227236,85.33232028465792,61.27808795109655,65.91406294405205,86.25828337541661,90.85751628115723,75.31401033768287,72.17547381494302
2016-02-05,63.38479885482037,72.95922043385521,82.96185416756188,65.3333140256697,90.95576690329841,86.12570857772357,61.29304412442772,66.09494979686838,86.96011498372067,91.37087024006566,76.84543294358052,72.2000738114986
2016-02-08,63.843184881405925,73.92963679644676,84.19914951425602,66.33914023071105,92.36855335574144,87.47230979356272,62.261362626971106,67.15605344276779,87.98019101709241,92.50750603105973,78.41923156152741,73.34136885758163
2016-02-09,63.59180844415482,73.42652428207603,84.28618522742858,65.6792797627466,91.52375331553787,87.05636434338815,62.017770631889256,66.94356991210194,86.8415479528524,91.9212630669514,78.13714110643251,72.96002691176149
2016-02-10,63.32269543960325,73.42194171650466,85.05578542789485,64.96464167671401,90.80557983326547,85.96764623271034,61.42364424981799,66.7722848669845,86.63465868126646,91.00951814894349,79.20723751534715,72.7026047384556
2016-02-11,61.918877109062755,72.11672548090975,82.92151284622207,62.69829602378514,89.54095150445991,84.47105412497946,60.307298893268104,64.4116904347687,85.67436917948538,90.23661963926314,77.23553173514425,71.40018527122307
2016-02-12,63.20524667198174,73.14019252880158,84.52226001178317,63.942200580679234,91.25813067928046,85.4730786215726,61.556162293969805,66.23952816823594,85.97223068634786,92.14339887046994,78.49314794013833,72.5577197753608
2016-02-15,64.2138767484379,73.46149075707689,85.00530166692806,64.47575764830718,91.26980125392183,88.01657633350996,62.63412593070641,67.4526593371573,87.56555589411829,93.93566848703597,79.0513788819152,73.29174139094202
2016-02-16,64.00024847331498,73.37373371575096,86.58992227677219,65.09272280143004,91.14419473078915,89.21349956582495,62.95267125153777,67.45571028774202,88.08061553464438,95.29165274181761,79.83053252072112,73.99811144232221
2016-02-17,64.40226218456027,73.50780880226984,87.09019626750441,66.46515585657934,91.54110121728678,90.36901914335714,63.79451993254046,68.41539830287032,88.47562589934729,96.25271304637475,81.96939063108782,74.52636087484434
2016-02-18,64.15462856348684,73.37269157035976,86.54849488987875,66.87940546077324,92.1703667990308,91.07683696531866,64.65552583819601,68.41377137888087,89.13987831079805,96.00553534550218,80.82246816804653,74.63867350231482
2016-02-19,63.80611203335492,73.53974029988872,87.62457461031985,66.73208866880269,91.59797918839125,91.89502640137944,65.15051085499115,68.66080180490748,89.3793039595968,96.29461234036214,81.92491872129317,74.83040157639996
2016-02-22,63.41704438046016,73.95445582113423,87.9870829105368,66.86217389576254,91.36473603307448,89.99544351891792,65.26958837547885,69.13082903624024,88.56031408914839,96.50443106618107,80.8801119630771,74.67002788193653
2016-02-23,63.25239733638881,73.06333092147221,87.25396145353508,65.98961823697947,90.66793935235806,91.53352406040169,64.15989079493548,69.49726876840306,88.5065193703129,94.42823505938169,79.7122381805863,74.54642852574257
2016-02-24,63.21437195024736,73.18115285668918,88.09173565399607,66.58463956504363,91.37286662572666,91.89401566313978,64.75507573320678,70.05527943325377,88.81245753352087,93.6405706922829,79.72436325185606,74.61681186098885
2016-02-25,63.72379526530716,73.13399605661863,89.79799853582537,67.91814596614991,92.61789258707826,93.0589728599767,66.63419340602869,72.27035854445431,89.69207817754264,94.78743534469405,81.00491883972192,75.78341844845538
2016-02-26,63.96008925746379,73.02500212624503,92.17422978498247,68.29383509873499,93.11036401338743,92.62547352481589,67.57456075314212,73.31108665801558,90.60805682978753,95.9513323889989,81.34426986751956,76.2379395794823
2016-02-29,64.8495107274772,72.77980190500114,93.292341330171,68.57551412554999,93.08432266698723,91.87125716272827,67.76923363156106,72.97450066839134,91.12059332199365,97.0888645606384,80.61388984812233,76.22327160677926
2016-03-01,63.980009768599565,71.41012383702633,92.33289972068229,68.89724970352911,92.65503127616279,90.63217914494714,67.70937253503256,71.86172484089897,91.17126912876304,98.05251622561954,80.6331723237346,75.80839614747
2016-03-02,62.80050074737912,70.21004890829204,91.51391059455884,68.18838270722588,92.36311499164634,90.1265606454476,68.52043883384466,71.81714496000507,90.80855951645064,96.97969726376002,79.2997235086189,75.35329122362849
2016-03-03,64.12553696056654,71.2658932343638,92.67456982393213,68.9886044123853,93.07104873761325,90.98108207273265,69.46263812315883,72.2363805601433,91.69030911663178,98.44039342999031,81.12216689452836,76.60043141063815
2016-03-04,64.80669708215906,71.63419733590611,93.34795257102732,70.52032313047887,93.00888068454566,91.85023075735647,69.70659296976777,72.48788664149322,93.1072992832485,98.52276097952303,83.52436898639189,77.02202129505477
2016-03-07,65.10568765413996,71.64846825441357,93.49311077531927,70.62152271370287,92.57512599555339,92.28470521847011,70.2630738838075,72.3825196535993,92.24017771939832,97.99304964677998,82.75283295378006,77.1050256959313
2016-03-08,64.37934278137499,71.09738459454577,93.65458882111959,71.16431034936973,92.40131215356064,91.19763530928185,70.1332112055703,71.76635915324199,92.76632156416417,97.4888727484481,82.7053404590975,76.8665892291963
2016-03-09,64.03660571895654,71.41071663364959,92.54929231775388,69.92823201654062,91.40056372094118,92.91600451069985,68.35800325614359,71.6120172940626,92.51108327811731,96.72764439429679,81.89213962475887,76.03786114531307
2016-03-10,63.677888821604746,71.32136242270143,91.53511408805636,70.10914451185342,91.78170931727797,92.86487958105613,68.42965555818327,71.75255417644703,92.13439486473861,97.39356484754522,80.86631119680607,76.01679289724329
2016-03-11,63.86112938453671,71.49191405994843,91.96543143222448,70.52062794232465,91.39270690989443,94.44886652593146,69.26758120393953,72.3595913231602,92.63179615821576,97.00069716871992,81.69676230713586,76.71633520602006
2016-03-14,63.34058852842458,72.03148321540088,92.52445733888189,70.571328036982,91.44168877348642,94.32027053161167,68.59214670332943,72.53971332425017,92.83887182121485,96.64015888656112,82.09629154762054,76.44325741418079
2016-03-15,63.16500253968742,72.19429285784497,93.09106431517465,70.27724125548703,91.57440956117621,94.02888771726681,68.6088146865437,72.17149767918329,91.97037487298999,95.72661939206722,82.61573649300826,76.29850717160382
2016-03-16,63.35457830171006,71.91323693546867,92.78360477563301,69.78262990061191,92.01710198377512,94.82148032388338,68.57319744331721,72.64692402260441,92.01157979948889,96.72541973047649,82.97048924853681,76.15880525650567
2016-03-17,63.74789151340532,72.5453122227436,92.84985932506203,70.71786277409817,91.99950717122229,96.91646265155373,67.9162282554727,73.8329376970842,92.4582666423838,98.25153411351748,82.74884072457164,76.27315258457664
2016-03-18,62.6000933580222,71.65130574996867,91.0619095782019,69.62923100783797,90.3927114964435,95.12847940348708,66.96184589631467,72.48880796887097,91.18850819711172,96.59664763846023,81.35370770404981,75.07877488464119
2016-03-21,62.87246799229331,71.82126126610112,90.86679402447298,68.41930011124693,89.87355087037957,93.90820884998836,67.71023111804939,72.24227189161346,91.20460697638677,95.9035071646156,80.63464892900102,74.93043672049188
2016-03-22,62.32400171814556,71.42600425145555,88.90505969384262,67.65749785819621,89.89792421214005,93.81113223669838,67.83231819836722,72.18550110400476,91.62676326704765,95.75805930187963,80.76819878692886,74.31490776125594
2016-03-23,63.38829686551243,71.52866078273034,90.42816112508672,67.92267125036662,90.31350098272868,92.20813630217661,68.04679226032924,71.90328154966058,92.2493156048062,97.30854730408444,81.1089926394652,75.00697310429402
2016-03-24,62.244470432947296,71.51817803041352,89.22931259511192,66.73267418537212,89.70400874996099,91.71073266329938,66.93285467498484,70.66808432540574,91.42381584796398,95.93542937358305,79.80239494675294,74.45416577134606
2016-03-25,62.020114976382544,71.96815357764119,89.95826657268286,66.92278177684952,89.81482847164773,92.27441321319556,67.41295753226838,70.62562143825289,90.8725894684154,96.13484629884377,79.98232793228149,74.91674279670264
2016-03-28,63.48750685906065,72.47472853332755,89.9451539747532,67.90128372505767,90.71200524673267,94.54828773708182,68.69745919645908,71.02519071604178,90.70290285533001,97.6697762131753,82.47856476914258,76.09755882242418
2016-03-29,62.68425322226887,71.95615047175612,89.80794451407102,67.70702402089067,90.45326346794513,92.39278943599876,67.91342259670621,70.8037335517202,91.16101284808228,96.62211555404762,81.19009161537323,75.8872306625567
2016-03-30,62.154755022189036,72.04261383534579,90.08654208645095,66.86830865955731,89.4350537032178,91.32419318216738,67.17416813069495,70.50982260244312,90.8059397187706,97.38483065739494,81.35374576665915,75.45721617849678
2016-03-31,62.28864664329452,72.01743557942959,88.87126653129107,66.11954192321903,89.31367970149674,90.40251181738694,67.91302075454216,70.67244309401346,90.90795738621814,97.64208522682358,82.1169977674398,75.63275088253806
2016-04-01,62.1148849625621,72.0615390228042,89.88062969947691,65.88731337088119,89.7816292066293,89.88117606276107,68.04190005660473,70.68376303568478,90.84806228132727,97.75586424333886,81.82753837642748,75.66121713803479
2016-04-04,61.24252951266014,71.7695411066185,89.18955314649651,65.59683094906242,89.86286481153522,89.67340429591954,67.76001855205311,70.39777962767069,89.99372596234024,96.04600273681787,81.19395144521573,74.93351617352037
2016-04-05,62.19837535195731,72.13517027915243,89.23159273529191,65.3105493458607,90.10873043626407,90.07441691921444,68.12000393661694,71.32819499149355,91.26579345665438,97.45900238764537,80.66945050471098,75.31136516460305
2016-04-06,62.59944631879666,72.71137909262346,90.33257148868637,67.17291071571744,91.09871838419016,91.67447212196238,70.10572502174004,73.58741881402247,92.74146804194565,98.11910286457982,82.73188827593242,76.8711627782102
2016-04-07,62.83406872586761,72.86707627935168,90.85813849657758,67.23770407295953,91.57909058304422,93.01919645869135,69.70133338074945,73.32959960660673,93.52823353997563,97.37541720356695,82.91257759473129,76.70168500376079
2016-04-08,63.72427724081234,73.19574039376437,90.85358185498139,66.8886911836305,91.40655766657908,92.94985715801911,69.34713444536492,73.20214723127167,92.78851193525063,96.78442539045626,82.29749161333697,76.57528258603864
2016-04-11,63.00207671643506,72.96477141429048,90.18004869040762,66.26823013885581,90.28184225442611,89.3335406098515,68.16047286216069,73.15779858179759,92.66087882282808,95.87066032378469,81.59761467780562,75.79918448189744
2016-04-12,63.26555909243703,73.93198902035036,90.37455157989473,66.17548473172296,90.44295035047078,88.53222245128967,67.61260628659639,73.66078461811101,93.26607539700338,95.05266887911222,81.97992916822312,76.07304198496759
2016-04-13,62.708491043636194,73.33675943318966,88.58618162860664,65.05470491730743,90.04050073332151,87.82325759908728,66.53722878743852,73.36969802054348,92.02762151035932,93.48184360280251,81.37659610186888,75.14711792138436
2016-04-14,62.737180912454406,73.02499525737103,88.04317841389425,63.755446525858225,90.10364475727765,87.29800903039299,65.18365908495342,72.24671632358381,91.02741174328445,93.10682951757666,80.98520660696657,74.33853563613646
2016-04-15,63.18984113998607,74.5813113045227,88.77909458985319,64.95622299655611,90.6719617697469,89.0350068180436,65.94310536649269,73.27585606707413,91.27157874672737,94.15062745108023,82.89406453596695,75.32684112969508
2016-04-18,62.6039249620146,73.89133688353947,88.4619923773833,64.97535520290774,90.40211297754455,88.49934693283342,65.3655851185435,72.23011700850815,91.45375185544037,93.56934610952072,82.11762952585762,74.66929176867723
2016-04-19,63.34632230477034,75.40903796712793,88.54059461288547,65.49227294619308,90.92420773765193,88.68388346647394,66.2450512462162,73.11245851492369,92.19203025003664,95.2454544381391,83.54926860787896,75.51274751886648
2016-04-20,64.75007202269684,77.24328875686909,89.5504546921883,67.27090285858787,92.36895169148059,90.31833321193099,67.5526236820659,74.59996034347452,92.6265649764324,96.8984893814363,85.6088833354258,76.7028971302387
2016-04-21,65.05594937179667,77.82199572865076,88.91817577505068,66.43038215136683,92.67137641413959,89.24600200764208,67.60629344335841,74.60235894750471,93.22423818589421,97.97746815260841,87.1250065930417,76.93381813643809
2016-04-22,65.81062154648335,79.11907486627476,90.36660138132744,66.44911763317612,93.1550889709173,88.93075696555762,68.02240873541399,76.14103259094449,93.19206434137308,98.51848654097313,87.81285866380564,77.39345819136894
2016-04-25,67.14801219563337,80.89366257383864,91.30659389993149,67.48196333183292,93.9260764449671,90.02740291749186,70.01181940362329,77.0045112377449,94.3374926809603,99.49739016826543,89.38732718334191,78.94702857317368
2016-04-26,67.05899884904369,80.33581856460042,90.38522026223399,68.2343221945299,93.6868073540044,88.88297793560895,69.81801393061652,77.34508405775823,94.256028917027,100.75046850222469,88.8184805259077,78.82181775547754
2016-04-27,66.32782549172104,80.53037468665124,90.23273268303684,67.49727129453885,93.2028012464929,87.93001094452578,69.39717433205338,76.26073490158063,93.51072466275623,98.88229152854558,88.2901488575498,78.3819832449955
2016-04-28,65.0229448277311,79.78949723429805,89.00431463877246,66.8678454999028,90.75955476875814,86.31396804821028,67.31949745044491,75.30810520009845,93.42448795760447,96.67111606238812,85.86314079566219,77.34401283363303
2016-04-29,65.03059955597635,80.05274614346597,90.49387917830393,65.90530895512431,91.193254537699,85.50279853317218,66.91107168720166,74.9540555915689,93.54080039681931,95.84319144912729,85.23689626525018,77.40721783915758
2016-05-02,66.12153152452514,81.17214992261678,93.2867100716088,67.12517887263081,92.10033906860272,88.38307192389351,68.49109832138112,76.25046841800476,93.04522449507857,98.98341877240813,87.149461211767,78.59195061327587
2016-05-03,66.36043621465821,82.56206397248684,94.77922439431158,68.19114274306428,92.61351084245842,88.94621248329143,68.8740910450886,77.12992454741614,93.4958914982974,99.91945489626075,89.599298392063,79.38326449278676
2016-05-04,66.3985845760398,82.21082790783086,94.25622126138167,67.46200212426493,91.90618298921987,89.88825520261207,67.71582351398014,75.90967280804647,93.9412266995804,100.06186805230735,89.83390095923295,78.66099095553112
2016-05-05,65.71895888106829,81.27576215721135,92.11795929340389,65.44652195812856,91.43072159279465,90.27360940954216,67.50783617531167,74.55228776862933,92.25506605953339,98.09716354766007,88.66920870588221,78.01403985173056
2016-05-06,64.7452096582786,81.2008509919989,91.03115865650176,65.18406648487841,91.26466566926385,88.30855500497827,66.63647727816212,73.78128741625099,92.58059008861392,96.83880189442282,89.20156108972694,77.64856412853764
2016-05-09,65.49856224533883,81.804593654925,91.16144397873632,65.83517100012597,90.8823045483611,89.76973432258154,67.28901038863549,74.05872370463264,92.92581071620641,97.39011687587875,89.84525756813365,77.9081130558562
2016-05-10,65.04336167492463,81.31438840612083,90.86541526559374,66.36555103286508,90.84319068576485,87.90686961071803,67.11741208492683,74.34979880092915,92.17779872065822,96.90277978037746,89.37508360326348,77.7778102347703
2016-05-11,65.4741343919839,81.26876656399989,90.22588389663429,66.76283856806377,91.04887902849157,89.94577925377824,67.03675943939533,75.41342419565865,92.33888622958179,97.22856739883095,90.67577679068336,77.97679060639395
2016-05-12,65.7318826439126,81.30667670891899,89.96649681017668,66.17807017495791,91.26577467876386,90.7423533743237,66.42013041607972,74.75593167861086,91.90320594841525,98.01786386907506,91.76163721326786,78.24095080211237
2016-05-13,65.65883011476473,80.81491804581827,89.14152641102234,65.8780944621727,90.44972539454015,89.25097226547756,66.77431703534084,74.78115394159882,90.9411796368055,97.89879027412512,92.2729358430071,78.03638754355704
2016-05-16,65.74645126805878,80.99192774547986,89.82166258383153,66.32837082166938,90.39121903813333,86.59897323249727,66.00717892960354,74.52277102047454,91.200554366151,97.99324560576616,92.79565696741788,78.03575623899212
2016-05-17,65.68229161051445,81.68185057086596,90.35045036248651,66.11206283388331,89.9721527819393,86.40063935253661,65.67132945941533,74.72688532135035,91.52563777956372,98.39604305389854,93.8737259289334,78.22921318683429
2016-05-18,65.67739993149392,82.6243546754743,90.08323303513082,66.362024465411,90.10357975468544,84.77104404544924,65.95567159806939,74.85611365289826,90.52263411380002,98.21576185912176,93.68343848402098,78.19404839957541
2016-05-19,67.0263709287943,83.63046169326572,90.46686965833835,66.54352160380526,91.00926586092294,86.60772074176725,65.83237313245894,75.72788283920575,90.53477382108078,98.95010045847502,94.07223686743048,78.62191361871196
2016-05-20,67.48182061085085,85.53756996495254,92.65672930220984,68.0661491221543,92.54060379438144,87.14375427016256,67.42854642116319,77.5469552682193,91.55073062482722,101.38758641382415,95.59563931302509,80.135659119072
2016-05-23,68.01719552526593,86.61622621489755,92.863608204364,68.95567313943194,92.77315766387126,87.54091242335423,67.87706040281576,78.07088814857673,91.01809254634928,101.18696875606294,97.03444101025045,80.6455899809412
2016-05-24,68.30804471909376,87.41542940334452,92.78533497123094,68.66684204658053,92.58876782370973,88.23117430415418,67.82507891309024,79.02371092567098,91.71783393977465,101.52806483036116,97.60579127930255,80.72295674949842
2016-05-25,66.5169991157054,85.97473059296871,89.85556481352639,68.8402567658584,91.33678141288962,86.48735059139253,66.12878718415509,77.73450933035068,90.50090469025378,100.86757711743135,96.78702964134276,79.38314513063148
2016-05-26,66.2254042777818,86.66513363189442,90.73199841290403,69.26298883874078,91.75254786391326,87.24098702804322,66.16007170716242,78.09417653126253,90.97847229204443,101.10621745500418,97.05153611139824,79.72505351872839
2016-05-27,65.7625671936092,85.42492280022562,89.35286893830482,67.91373778649226,90.31043739522951,84.9288931361445,64.86687416777251,77.07552534146933,90.42165517283536,99.40677760938138,94.96075940527362,78.19243114932752
2016-05-30,64.55969174435164,84.35292744614848,88.16461300282738,66.45917830723009,89.26671714262181,84.35435982826483,63.47455955669615,75.26644851627142,89.2480191594742,99.78354419231522,93.66220598458871,77.11299219915493
2016-05-31,66.16898466161369,84.7572512242731,89.37891134031226,67.18183888079838,88.6959417392508,84.18508487512133,64.34689789822693,75.49839257005867,89.92099632185229,101.50043915294849,94.65005072800103,77.80784035981688
2016-06-01,66.9969887640733,85.02888154358878,90.38360420625554,67.62952940050613,88.76303440546035,85.59052327507695,64.96717412880895,76.90492577327568,90.39810935021971,104.09690840941659,95.30503992588667,78.3925667256095
2016-06-02,66.9571093297183,84.8047934639801,91.59799845097251,66.80179175647723,88.36124515984642,84.0590946873426,65.09983935399647,76.69457426610523,90.60926171664232,105.63367841595922,96.41077669421884,78.30520466512306
2016-06-03,65.89199977969527,82.931369125094,89.95521580812637,64.73971649148169,87.16401685349105,82.5536756901286,63.980080448883925,74.28461099082159,89.5657589683636,103.86527798682475,94.9488329801767,76.98666509866285
2016-06-06,65.93884807428798,82.96805510027968,88.74473537687686,64.63337935673678,87.4965063978258,80.92639858070717,63.96209208441533,74.43065141538244,89.97957922987749,103.00953090377692,92.64672007385923,76.72906649755129
2016-06-07,65.99965204120724,82.50215265533775,87.41032693512047,64.1142747486694,86.5512972807,80.06413779107497,63.65298983873671,74.54029208603959,90.09942596614722,102.23462161814044,91.63676669070126,76.23460798657685
2016-06-08,66.72674139295475,83.03520988965883,88.54147693592836,63.34718466672783,86.37388626225999,81.34762182890162,64.45152473561039,74.67739562576844,91.33666519152099,103.59322727087931,92.57135185877195,76.75419081087266
2016-06-09,68.58082993811661,84.84647903809609,91.57800855301198,64.0112059019692,87.93110375776686,84.96679497902298,66.2370142072344,75.87153171175265,93.14516627539432,102.74833306093043,95.03144269757153,78.53125067350261
2016-06-10,68.87922916915251,85.42024205892716,92.35642748399164,64.05491237619573,87.65872380174994,83.1242541172037,66.55048011211692,76.05108891353231,92.53735749373732,103.04978114621942,95.42867806195102,78.73411881979257
2016-06-13,68.94466668279537,84.56032346261149,92.12122804245779,63.474900743914034,87.16643087067993,81.49188879702284,65.61322689063724,75.61442888805968,91.87517279476867,103.45837604186914,94.60509063104264,78.14692822831132
2016-06-14,68.4419483129434,83.68423510193604,91.03345326833715,62.9364613271896,86.59767301419097,79.2742390660048,64.07190487689553,74.33373553546477,91.58555812408503,102.53235101374085,94.75931289407065,77.25595751151957
2016-06-15,67.9643288361006,82.82430570572087,90.03105691144182,62.33803659727503,86.59770615426422,80.55292092769749,64.07195820583088,73.82371076807593,92.18530620746633,102.83014317435266,94.20738609803077,77.24293588001999
2016-06-16,67.567511742945,81.56859704969786,89.42134434002752,62.51988639892924,86.19311175405255,79.44663218696047,64.35090853258542,73.98024342019652,91.75813193496242,102.55033025638703,94.75910696464425,77.1359480411047
2016-06-17,66.86209325592249,79.79432127019453,87.09289556261962,61.57120033394402,85.95594473008705,79.12287968015235,63.17378561388522,73.34129915991602,91.24108618748728,100.19781752712137,94.47603436000821,76.27130059215315
2016-06-20,66.70478703850466,80.67327173881897,87.00153663387879,61.44886135541214,86.67773238468503,78.69470278671487,62.64519517826067,72.62436254011398,91.53558982293262,101.15103046374799,95.49337841637822,76.39101419041656
2016-06-21,65.68194476662987,78.97688232497013,85.01750189364647,60.59385990767077,85.62283824956837,76.06562049435504,61.6498527446512,71.1387446421947,90.95216806728774,99.98831062789033,96.20827322412423,75.5351833111556
2016-06-22,66.13393606399052,79.9909057155462,86.20687987728203,61.8561798998982,86.15736809520786,77.21970876059834,62.567541901766155,71.87231493144574,92.14004060473776,101.40259210830207,96.78257219978329,76.41183053117909
2016-06-23,66.86928940662555,81.49048304087653,87.19692269352689,62.909327759039776,87.17895951444422,77.02610307624978,63.65854918062064,72.41690059550513,92.17911323476706,102.41640745934086,97.50086550397927,77.26056246552157
2016-06-24,67.94747630989633,82.04029127373106,87.09758812994978,64.15425730272037,87.7350177015444,78.82015891704803,64.3146671831511,73.42028831518654,93.08506836601497,105.08815741040141,99.0786355340597,78.13593162820403
2016-06-27,68.08447368381212,82.57706327713633,87.1155762371246,63.50016840195295,87.05761097087299,79.2742866858244,63.52121723835237,73.32581296067117,92.4459670957242,105.14492879180837,99.17124219559523,77.79360606021652
2016-06-28,68.53674560871693,83.92984431885829,88.14943705298825,63.774094993312815,87.1928804791568,81.22459158904975,63.878030280596164,74.74012481932364,93.01658974831977,106.05970223838825,100.33471703107226,78.22790483126201
2016-06-29,69.45936211459568,84.3629986116017,87.16098962815279,63.1477405676095,87.49796496006607,79.98305044538488,64.07569671889121,74.8451019803595,92.47810796851013,105.93368306361204,99.79262929662141,78.15481571007294
2016-06-30,69.15227522827412,85.37132881216193,86.89333520961463,62.63032500704641,86.87349246714481,81.34046467923885,63.79714108274054,75.03829600148076,92.17844175758057,104.94582314722689,99.22357747400878,77.87955196172089
2016-07-01,70.45319652195525,85.48697472328308,87.03698429208612,62.2275100035393,86.81362395067477,82.09441283712871,63.98061330219752,73.94011087698303,92.59590780188358,105.06705509817706,100.3133234762271,77.64424344946161
2016-07-04,69.92416294269111,84.17162272309535,85.57588363783174,61.10190609677007,86.26181460738786,78.80518821450994,62.87567881586617,72.5293109653787,91.44187463228019,104.91192726859792,99.65445093300347,76.65792293959741
2016-07-05,69.03761877287536,83.43671905987117,84.70745583537106,60.43896481032574,85.19515631621059,79.82694167609229,62.23105986090462,71.93767598186075,90.81303652877781,103.6964921039462,98.84582342220743,75.57275700371278
2016-07-06,69.47696954637412,83.80101196181167,85.63535183492974,61.21963913882852,85.89891623647952,82.4437150043223,63.436077367588354,71.84193988906847,91.63325168732793,102.63284117872844,100.52750989686542,76.20777719420597
2016-07-07,68.0059047000093,83.005765111965,86.14423698313036,61.465630177104615,86.096586373885,81.09493366087078,62.924656368125156,72.39825741220497,91.53405133859316,101.88204308991902,101.98573860741553,76.09113004194701
2016-07-08,68.14522699683707,82.52237629116158,86.50851763004984,61.7098829655892,86.66421149360822,81.68288651853139,62.75175498068988,72.8760068640017,91.55182338464833,103.77080562432359,102.26465423669526,76.28730688908426
2016-07-11,69.06251296550161,84.46242202728692,87.44133039441728,62.95732124120031,87.65373800947222,81.18496286551607,63.72282984727702,73.7750891009524,92.1263152506358,104.25852534826181,103.7835331914309,77.08779853394407
2016-07-12,68.63762963155774,82.951541230025,86.04115556549414,61.77794055744391,86.04380089496794,79.3446660719552,63.76357123338935,72.31418812178107,90.79728557407994,102.94447410203948,100.68964446810907,75.77179354863188
2016-07-13,67.39978650569637,82.41269081136025,85.77970469466544,61.69800862874438,86.00355173514622,78.80372473439749,63.43086886451113,71.10222894971037,90.88772964100478,100.71501860871268,99.73326633074109,75.20301539353429
2016-07-14,68.46833739533253,82.22321351125494,86.1403529721048,62.08857981660737,86.37232248283789,79.64763863594962,63.56264252452246,70.70949949504266,91.44350586844662,100.4629067068344,100.34107716243086,75.36575731403455
2016-07-15,68.70242070331568,82.60234421149838,86.28179241766054,62.746611105686554,87.03240679515004,79.13764143156045,64.37948392150588,70.76780132202704,92.68458894381295,100.16134761638185,101.45027081847289,75.6935056118281
2016-07-18,68.78910156685397,82.24351625757537,85.44040304282944,62.47172770203898,86.48024410819443,78.75719776952927,64.08406896329325,70.27234669387865,92.7141581614012,100.56751760080044,100.60368430211977,75.43586552037796
2016-07-19,68.4413535597863,82.78858395992498,86.25789102545679,62.66299405436917,87.47107643288916,78.74377904112701,64.18506109393284,71.71080912868301,93.92980311835247,102.04737201044294,100.73145371735257,76.24830805942075
2016-07-20,68.71629193982957,82.338997496357,86.13904347630245,62.162521236187196,87.77621894484278,79.36590946079083,63.970315485409735,71.37306289371212,93.8128540369718,102.76708730061569,100.41542665775948,76.44025608805525
2016-07-21,67.62844681882925,80.78332993587918,85.08539207763764,62.23887187125615,86.60608797221443,78.93168062725371,63.669912527987336,70.11137806084864,93.52376694895109,102.63198005235313,97.5406704965115,75.53574488071672
2016-07-22,67.26024178313136,79.7933974077704,84.30123244916676,61.78075806275152,86.64271578616449,78.13058751653467,62.36068334591878,68.5321822812562,92.57437197010888,101.48053179650134,95.86925878319235,74.85710216345713
2016-07-25,67.97208074339407,80.52391981605848,85.06442833968154,62.595299905037734,86.79440402092064,80.1291237790992,62.37999378873453,69.24128263137094,93.18869441551563,103.6748659070513,96.72008510784565,75.49452615285549
2016-07-26,67.84132500386805,81.93057609828665,85.54862803452356,62.88390300468703,86.6522229567626,81.41628668061897,63.04010702372423,69.61294972895874,93.30859239826759,103.95600671417047,97.71515620207177,75.877419822855
2016-07-27,66.8349150954188,81.17548870072929,83.80069853698411,61.31293559536051,85.76785006445088,79.96971343074284,61.79053402369609,68.70915993467516,92.94065548026127,103.12848243170163,97.07849738812625,74.4551800861876
2016-07-28,68.24176444694197,83.07935985664349,86.09132983456614,63.632147306719055,86.29644428803067,82.55351543811763,63.20091428003959,70.69577134435735,92.53262067562999,106.1885394113417,98.73740349483668,75.4960998837418
2016-07-29,69.0389628331962,83.79438235653589,87.46967190576083,63.566097760508214,86.81229083535169,81.75622889204064,63.21925594878165,71.45300140018632,92.80593096828966,106.35730401736198,98.87982097992656,75.98111486166785
2016-08-01,70.63906327462453,84.74881950726862,88.4929772278057,64.55724349859693,87.49743877105217,83.052972016327,63.888669196005324,72.0972216176716,93.38785777834322,107.98921304692757,100.59800726499424,77.04002187352134
2016-08-02,70.90725324242071,83.79961505799076,88.39927445057822,64.27709689447506,87.42424769472306,80.66181898975155,63.497021460419646,71.92416748316258,93.6343426388935,107.60659734896083,100.02408017955331,76.77265324717173
2016-08-03,70.69711494299243,83.62515636010497,87.91301559703545,63.53913519823043,87.62950791663275,80.36213243538138,62.81572656391522,71.85171458044464,93.1311212001816,107.52728546344825,100.7208546981666,76.57430240944238
2016-08-04,69.15243488035131,81.72520894196012,86.73069835937463,62.13021563887764,86.99440242451014,78.75877567453537,61.958201949466066,70.94132143140605,92.36867137877984,106.83723297132788,100.55053128335105,75.73529348889679
2016-08-05,70.56477077448646,83.38307194823892,89.1543326634677,63.6577446519209,88.83582685070614,82.07535701855096,63.653046131089496,72.4050970323933,94.44673072774876,109.17424485046404,102.0124347469982,77.70188701458964
2016-08-08,71.12465298068203,84.15011779091024,88.59540395316048,63.3944259959281,89.12836278759585,81.41334341846897,63.89400971347561,72.45995820969866,94.05377434280622,109.1033779555352,101.73477950271557,77.59531211863512
2016-08-09,72.82730409517251,85.50680269589925,89.3754551229815,64.35967265697107,89.71683966275482,82.27187373490037,65.00297516603172,73.12503771729318,94.7200205895361,111.30277144903637,105.32681770671861,78.86769335130163
2016-08-10,72.37718528632944,85.67916569504862,87.13059309744308,64.30437437358626,89.73849386582093,81.53004958471296,64.39289538088958,72.57327868556868,95.10884709316963,109.55571927497371,105.80671538382317,78.38444975687605
2016-08-11,72.34116451123967,85.63233329116869,87.44979022986085,63.8854393124466,90.13303715570154,81.55299614422363,64.72908003339018,72.5650275545748,94.02830154266529,109.12528766660911,105.95769991358652,78.54499595557138
2016-08-12,71.0000499216089,83.70317978094558,86.53511420586727,62.874957406468305,89.23242711408612,80.48841009346127,63.99870479621509,69.89612031174471,93.4543518001615,107.19629691549693,101.5273384423127,77.25302312129081
2016-08-15,70.74083642401668,83.21478093285637,85.60623681840784,63.325135926337175,89.52328065232199,79.16147759349234,64.16375358282957,69.92009125016753,93.51562241204962,105.71054008910656,101.83218373030647,76.98556444576951
2016-08-16,71.42590313248547,83.74695090313045,86.92333994323948,64.50607310800646,90.85199433962593,78.48624093524234,64.99450896538943,71.76343804091806,94.23836638064971,106.97730980125735,103.35501397394127,77.7794505858359
2016-08-17,70.08755608514832,83.5241210160396,85.44335865290364,63.04665866731269,90.47210679798859,75.59586888436435,63.95717469016265,70.59669537983648,92.6142868699423,105.50592382935578,101.99339905549066,76.82901942647449
2016-08-18,72.05284472882472,85.3701305072119,86.70422287035126,62.453951571679134,90.48606950866986,77.77651426729912,64.54711100981278,71.13993297785294,92.41827469728008,105.80709994836863,103.96860102864596,77.68980125268088
2016-08-19,72.4929250742434,85.25904965532214,86.55898276666466,63.12814305629569,90.91045997328995,76.75824596061564,64.27856194282853,71.89540468191285,92.18198096576273,105.00472571770909,104.71750948850965,77.98470110141854
2016-08-22,71.35601173535491,84.34433596040711,85.39062476250918,62.63262605813248,90.25816461197098,75.31004727296214,63.58141091293162,70.4061844631312,91.2247885442649,103.37570301764222,104.19727735422843,77.19508955563056
2016-08-23,70.34123443166742,83.94502618436236,84.84988845620505,62.02226500545901,89.87078666142844,73.72158017532125,63.2372821429936,70.04114447193133,91.40762560187872,103.37836048002325,103.56340251882612,76.83545308069168
2016-08-24,69.6564980877212,83.47086217987521,82.95212585157091,62.32344412200758,89.77989291685269,74.21059661020742,63.58805790056895,69.82190703706524,90.9875830266758,101.96700604441162,103.04551493136454,76.51042976238084
2016-08-25,70.00675470491953,82.82181832377923,83.05828778910407,62.127999757382234,89.63535482574741,73.60097741772272,63.65923049636189,69.51950911442137,91.81813693176858,102.76133600757105,103.44947469925604,76.50260407549743
2016-08-26,69.98265752939349,82.53023843924633,82.48214560859746,61.82342722736396,90.06342006025956,74.37049497281386,63.59822992353769,69.086048103496,91.59237586749313,102.89115538055806,102.71012065518386,76.11955570180285
2016-08-29,69.24875020443694,82.17392925261473,80.22224470651317,60.77609974219628,89.7249670409272,72.91727582963567,63.556167566695834,68.05002547714206,91.57901919794865,102.47866919612629,100.92372892469822,75.51505583680117
2016-08-30,69.07167782568389,82.1996224415026,80.34097659464757,60.738276804456525,89.58275260672188,72.95406219198601,62.61540316348465,67.5542654601718,91.11230706492124,100.86495415906431,99.6746258323399,75.31319426937945
2016-08-31,68.1460259870213,80.892336566789,79.38687288511865,59.84791116638738,89.35175037020572,72.8144979424252,61.66773486378795,67.12167771153554,90.32098987039281,99.41326607186204,98.9340720945015,74.56358319539962
2016-09-01,66.64624836723122,79.98076572927285,78.33998008341467,58.75527655038264,88.97517599561093,72.65312716283084,60.71343871807573,65.75862507392706,89.97596877352858,99.23538942833822,97.01094465543065,73.62405365515542
2016-09-02,67.25116356588184,79.11095082653071,78.52346014033228,59.23122784801902,89.48994013856753,71.43220369399954,60.74508212716826,65.46983048905565,90.49662393301851,98.9546051381365,96.36618361873694,73.6175196746283
2016-09-05,68.15438136012199,80.2040860325871,79.1092170203051,59.962752452847745,90.31367071582463,71.84486295803333,60.925579346051094,65.79948950975094,90.63386894496722,99.15044307610155,96.82634895605037,74.30182110824941
2016-09-06,68.15763898857664,78.67827855069052,77.10671087890015,58.25167112325409,89.42247507682836,70.44667322990247,60.23913576567741,64.93842994089077,90.64218774659038,97.3306720322743,95.90601187426671,73.18597177760505
2016-09-07,67.84520263060251,78.58424641016471,76.87933963630292,58.587440093979446,89.51316252203475,68.69332463423288,60.60183588441297,64.7822164597658,90.57152644065476,97.70338115956272,94.331112218094,73.21760160119693
2016-09-08,67.31115766723735,77.96415619996273,76.08017667218814,58.545634672117465,88.21739106377257,68.83350011531265,60.37458273587788,63.93587987903655,91.17680366950542,95.75192819572112,91.84101218560583,72.7670118934631
2016-09-09,67.00203000193213,77.06463535874279,76.4708520216854,57.543293288675045,87.04908217639283,68.39841818887746,59.99676541083016,63.409436808248664,90.05539199764644,95.81923302273641,91.12180157069795,72.07922720200578
2016-09-12,67.59224096757565,77.15335247421797,78.27603050178972,57.970121999435484,88.00636379549883,69.59268206869619,60.16918530667669,63.11329611148886,90.34991390563135,96.76427017100966,91.86673268814425,72.72784426619306
2016-09-13,66.57789760237574,75.9913506335743,77.54658321342941,57.67428728987669,87.59613047199956,67.83809706565319,60.27077500496737,61.90720787718498,90.51191197107038,95.57747537514429,92.57279745582089,72.37687175078418
2016-09-14,67.33733248123431,77.83549536140714,78.6781320319153,58.59578288825013,89.26059616051549,69.2494501859508,61.05896927956154,63.077750231505206,91.28557844147431,97.34578169926418,93.88575980525574,73.49858927348357
2016-09-15,66.81709525475365,77.48111322550172,78.17145673342407,58.150074231836726,89.61986518853972,69.02195284225158,59.826530841500414,63.38628366068764,90.62998527733755,94.59191730880954,92.04902227744401,72.95005338307693
2016-09-16,67.31650635854626,77.90752358072584,78.86322367371925,58.72511523320338,89.32857519354866,70.33048200725779,60.14754726841131,63.45033391011253,91.2458549266966,94.00789784880776,92.70815849039269,73.26318414303798
2016-09-19,67.13644204708928,78.82655483132682,78.27535460642927,58.38122977411424,89.36063758093114,69.64600127429826,60.173867330051834,63.45848597606243,91.72327602630871,94.12196061639553,92.79806525473691,73.1244257247804
2016-09-20,67.05781039329909,78.30863070506624,77.03702074951839,58.818243152881585,90.20941532549577,69.66967377179101,59.43084701175692,62.31269730798056,91.17606985054316,94.72876257898164,92.39468745692469,72.59771047976609
2016-09-21,68.01713854229823,79.01657466801122,78.66885178019362,58.931553580017926,90.2399666593927,72.0527002709766,59.21793986831603,62.78776512100359,91.96421839114305,94.3391687484018,93.31158466523281,73.05653041085198
2016-09-22,68.08891971273357,78.9636700068084,79.15332504463905,58.61484180838469,90.35261147559946,71.50107970530678,58.70647307219503,62.7825401699241,91.70504030864608,93.17516313964353,94.89804525529222,72.97140113454039
2016-09-23,68.61954909782733,80.00398844503785,78.82540762756643,59.926107343655474,90.63849093633235,71.63254554240766,59.0608657117895,63.47464195000255,91.62875934180444,93.66239767451215,95.29780761860283,73.44400892076841
2016-09-26,68.50389418524938,80.26682044715471,77.7820269709613,61.00319578815001,90.53415536594514,71.28687464642037,58.10669182237132,63.1190033327733,92.39018787079141,93.75362389177904,95.62966626915956,73.43814601827968
2016-09-27,67.9454316414873,79.72174068144207,76.35032436469858,60.283033929544885,89.79730502702915,68.90631945382964,57.79931245723283,63.24666536030169,91.57725643994712,92.35086300051036,94.56221400099759,72.66358113094893
2016-09-28,68.33981495465676,79.56624670439633,76.39987817184105,60.156291135826514,89.75994344666553,68.49153586631844,58.114390050527994,62.75644955475476,91.31298488810437,91.72513905899757,93.18140524038564,72.6176624071897
2016-09-29,68.45170356346966,79.78430968937421,76.76886420906447,59.73446246833548,90.1552658006347,70.07384114504436,58.09973057003833,63.48890940616114,91.82926052543716,92.99098044489111,92.36573061868853,72.68450582417097
2016-09-30,69.46771387819717,81.06701156618298,77.44694423374936,60.94374449989729,90.39786632930469,70.00797972659223,59.12072286096567,63.69060460763921,91.82757644643054,93.09739546099117,92.66573470281905,73.41551017600652
2016-10-03,68.62460627613713,79.42046053048091,75.73383968978203,60.413563183548455,90.11468583623558,69.06916167494242,58.48337793827412,63.42600033197143,90.89775044751698,91.1892126501455,91.58868950205068,72.77404159713971
2016-10-04,67.96430658362546,79.37177034823503,75.83710305870906,60.02954847373502,89.81122757979641,70.18340524135077,58.058447638955066,64.0221348142974,90.79437149153952,90.90099971614556,90.6855880920822,72.77407199751022
2016-10-05,66.17827089998708,78.03467883006775,74.67404544851794,59.04544727942703,89.05860109538722,69.28068187392718,57.19805026765912,63.80979438907919,90.03962727173277,90.58307193603892,90.13950529152982,71.53996339574465
2016-10-06,67.06987332404745,78.36465547086563,75.2528652704746,60.13231776786244,89.60672501163684,70.05846616689966,57.8296998871788,64.23383304964544,90.94051466115491,91.6528143172644,90.73649425012132,72.03811463459157
2016-10-07,66.47812567371943,76.70544089951198,74.05179958911707,59.72007744999416,88.66208578256007,68.83622400867394,56.81684569101405,62.72256928062525,90.35181761073622,90.82358159320681,89.01614846513982,71.28146241240863
2016-10-10,65.85967121532397,75.91321181319074,72.8286610710846,59.49617744742611,87.70394486161149,67.23910591736137,55.19271656819475,61.86148431024191,89.14718063775749,88.50140973183326,86.82024442047195,70.01197041352466
2016-10-11,65.8805769133007,75.51144032285083,72.76316933185834,60.006388895344564,87.38481506636013,67.21662741315802,54.83220993863023,61.52290489601705,88.47567833926956,88.4379475925998,86.8431231807769,69.99796632575162
2016-10-12,67.16019469597764,76.15966603917038,73.11213416183045,61.00503842152358,87.6866824952211,68.76446580409701,55.92310525310755,61.820255901190734,88.90260237756169,91.40354713436466,87.44815600870777,70.80581861379603
2016-10-13,66.630502027403,74.9645610547865,71.88535865628785,59.94224123955622,87.34172141435381,67.58630585014055,54.88776041919188,60.53184492828719,87.9581616896581,90.71293294164525,85.30100594937153,69.74598610334182
2016-10-14,66.2903298736984,73.5178198791345,70.31011248746573,59.46529616100975,85.97206751618454,67.5837374765444,55.21085834465151,59.42395841286113,88.08267752805303,90.69651407085207,83.48690301585133,69.00880293805905
2016-10-17,65.48046175186751,72.88293590448795,70.2154014130357,59.52969877706833,85.81757771417351,65.26477339514169,54.54429711843569,59.27507632830334,86.90853510132868,88.9840774784861,82.8454302126504,68.51920747180343
2016-10-18,64.57972979686387,71.37161997193931,69.55149371338514,59.1662989774866,85.5082970889321,65.12229020810089,54.08468394343841,58.62902629860693,85.4741765723183,87.86799590241455,83.07466722936738,67.76635742613408
2016-10-19,64.96154031135146,71.21861800749525,69.36230060702174,59.927633745740685,85.50246273006053,64.96518828557107,54.43756647410637,59.17903807123104,84.73132382785084,87.79518193608541,81.54324191460582,68.05240593284415
2016-10-20,63.9497985989143,70.62331582643033,68.83458889375278,59.49751696070247,85.53445299743413,64.35764837395563,53.88996890371749,59.03030763615984,84.28263551299422,88.4838402059942,80.61364759477406,67.52563447352708
2016-10-21,63.664491504177214,70.22312812372154,68.9046251957958,59.37416453531882,85.5395430818686,63.438739528732725,53.75777661921786,58.411282084022865,84.2245165744642,87.77105621873037,80.04478890251937,67.06137145474706
2016-10-24,64.58582450496804,70.63674879929384,68.2982824382251,60.35047553780045,85.35436878983145,64.46061015304753,53.83194470948224,59.10043096124763,85.38553906569692,88.20832550999597,80.01911750685434,67.48224803185224
2016-10-25,63.844764531953146,70.1567748363808,67.64313881225115,59.77644682665192,85.18012355300165,63.783840145619116,53.37820783421168,59.13611800479629,84.23295026657793,87.32991635255705,80.8615089810805,66.99515803984559
2016-10-26,65.07696278531667,71.3998826680905,68.81406932253921,59.52027799336146,85.64547117688389,64.68066269799517,53.25652568308337,60.223710881317835,84.56800413914281,85.6545185248909,81.36478317866614,67.31397719549318
2016-10-27,64.25317389301016,71.0404506586762,67.26717577630669,59.65632464228258,84.82112505031331,63.22492964613809,51.96821625622391,59.66601479309943,83.844019792268,85.7877069617741,79.40585239644098,66.6816420216931
2016-10-28,63.29958763975353,69.79475529117127,66.25208090773418,59.1108160187574,84.41539178004022,62.47914101308023,51.307787820806794,58.770448572088775,84.16571036007252,83.6034633784795,78.57371687416594,65.89343950974273
2016-10-31,61.887337994028314,68.46617005650512,64.16074511939523,57.686142607562566,83.7388565305466,62.15946990854994,49.909715283056535,57.20069954699607,83.53906819699023,81.93257664743885,76.29523336153466,64.70058608834897
2016-11-01,62.956764969104015,69.31171193358969,65.52512489102665,59.06130477011378,84.49384624078425,64.52454100904079,50.5460216968617,58.237251040763994,85.23248167041879,82.21674507462276,78.31085568194175,65.93998962327832
2016-11-02,62.944077321693115,69.08192536996067,64.13604963857595,58.761066513824325,83.52226559381819,63.97747541187141,50.56630755137095,58.052436244934405,85.11950619730169,81.62459809530166,78.06751022212912,65.75330808988215
2016-11-03,63.16949614551209,69.00143846260818,63.56311388128258,58.19898687546573,83.84852823528472,64.30913080849544,50.66628166761555,58.33209999463315,85.84533233410343,81.52372190226362,79.0450135582337,65.94106288995606
2016-11-04,63.912837642205155,68.64896307195762,63.3005613483721,58.12614159775668,83.55621324250646,63.977764989674036,50.786779728957086,57.76849619151289,86.07155945796111,81.19646307085344,78.40868832704943,65.94659374686506
2016-11-07,64.33961203827896,69.49369873450688,63.49427879499735,57.63707091513622,82.97022054586513,64.01499938435838,51.444041158299946,57.72202080360258,85.86238096808162,82.31112451210264,78.80044025231629,66.07908628086633
2016-11-08,64.6559588990843,69.58052626539683,63.719861652667475,57.78720302703352,82.87001341021401,64.08691020556142,51.54592853293519,57.68901209669926,86.43379295054035,81.57216033850226,79.91320115992212,66.13840006055563
2016-11-09,66.0265319920087,70.60831076209905,65.34092903129238,59.04627286376417,82.96942770527838,66.64713954351875,52.79867998581701,58.68301314565761,87.23604042737728,82.73396394714297,81.37329503112349,67.43668662432157
2016-11-10,64.62500413898859,69.90627278091436,65.11979536865664,58.870497313878566,82.29592767343125,66.36086773201464,51.81097421354007,57.76899457760418,85.57822002417976,82.40293681866352,79.80679640140984,66.75729097906273
2016-11-11,63.45803652538786,68.91629223355447,64.29175642043175,57.783524882124404,82.08858182469959,66.45538008095014,51.20460715115181,56.93368144852603,84.83454883518411,81.06099488358473,78.26851261321907,65.73584320302393
2016-11-14,62.37884225495338,68.96123863469103,63.899865844299654,57.29779412492374,80.42837121744311,67.05903441215683,50.9200106105933,55.91600088498802,83.76820724400568,80.0465092711791,77.58411355152563,65.0914498944287
2016-11-15,61.86360802417177,68.41833232320091,62.46152659892669,56.31039926027499,79.93303830813724,64.8348827170396,49.845990101222235,55.29517155013347,83.46960643888808,80.44605213400476,76.26224709864651,64.24163044414347
2016-11-16,62.42422224416684,69.37783102769912,62.941966469931074,56.66418880337986,79.9905402553457,65.71412812597852,50.47954262839559,55.344619192437406,84.65297750333362,81.51082351413172,77.15650182730275,64.75077717941937
2016-11-17,63.77673807863673,68.54086249489791,65.03216871708403,56.63254907610482,80.28676253403817,65.9855978568039,51.05548962864685,55.95119241557265,85.24317464098645,81.55867826050532,78.56099163309213,65.3118724835999
2016-11-18,63.430288706988634,68.15501305138542,65.40889932796765,56.45362223937072,79.45057433095158,63.78025434800561,50.45830932250601,54.92763301474448,85.13011973440534,81.09727358348252,77.23096672460085,64.70497336679587
2016-11-21,62.81427801662195,67.83556566382495,64.7676860787128,55.6446504699729,79.00160922833618,61.78567016532007,49.72306430588599,54.56245083012483,83.87832055915267,79.56678812136371,75.11689505284363,63.823856630460796
2016-11-22,62.69499162408869,68.51022223117094,64.86769193013777,55.198262351899395,78.84103563055784,61.114897829037986,50.30011654481768,54.65470512192733,83.35331008133682,79.6576743753161,74.284617787505,63.620948544289824
2016-11-23,63.83512732530603,69.37742910171269,66.40000837357263,56.2026293593359,79.28513312390355,63.55966979846263,50.88712441414517,56.040254990703296,83.74224546596575,79.70583772564652,74.40227016248394,64.53823768054987
2016-11-24,62.07713715868034,66.98977557014874,64.04435346731029,54.21758359510671,77.34003077631252,61.48773659681621,49.20545702842453,53.970068949646574,83.49291078783082,78.34331280184999,71.71276349744244,62.72976247254771
2016-11-25,62.89113336923744,67.57781988132243,65.37571884640705,54.27864044243914,77.47175498750694,61.74266184511909,49.53959039551525,53.79334275920653,83.56878371959262,78.97437044154624,71.96026222519085,63.087618473451236
2016-11-28,61.83596528482433,66.73761575760032,64.39127165610653,53.73108421257897,77.38939892630329,60.93472239377502,48.90802572862463,52.66107635298907,83.26022873791756,78.50244139140418,70.129338414289,62.42861983837518
2016-11-29,62.83060088684172,66.61634687728572,65.14091829769465,54.89919058879209,77.48356540378859,61.09705193771951,48.92619258992475,53.200833900110275,82.84643421796993,79.2340031456282,70.91846638020726,63.10801431435783
2016-11-30,63.225389849038436,65.77869136599448,65.38926834659453,54.1286680296974,77.12102466206667,60.464503141584444,48.55622925899388,52.98720166411178,82.14067241461957,78.6831196369743,70.06439382224129,62.44742317768246
2016-12-01,63.0158202269897,66.09222024966606,64.17764444406482,53.3935045068191,77.13114952855025,60.20010983813107,48.699287215808056,53.10526665518148,82.11986093335622,77.96231088693168,68.91743546976694,62.29256007881831
2016-12-02,61.84279230856136,65.77673407402048,63.24152693583155,52.23969548448015,75.64114348439303,57.78280517803718,48.43164808442588,52.491703615858235,81.4102507703423,77.0293793567892,67.55338992779194,61.37156202971072
2016-12-05,60.883573832196525,65.56190563136886,61.72979029094373,52.383643242848834,75.59180806357254,56.69989595466524,47.75042873868722,51.476870763996466,80.86835149063494,76.79516126244705,65.91667569531661,60.791416169292155
2016-12-06,61.28787793152384,65.94430354230948,62.43422826363278,52.929873451063735,76.28927156031168,60.26884657318698,48.12046361146349,52.6841631973894,81.75109631461461,78.01458883018141,67.17403147834827,61.66467095562338
2016-12-07,62.41340174362192,67.49063216917092,62.99749491505266,53.9348743008094,77.55995542047951,61.40671966748048,48.77193691850783,53.456901792016964,82.41342825345349,77.9962195052628,67.5610480630584,62.19914832847429
2016-12-08,62.18757947085597,66.79932518582815,62.55161838612649,53.61309139304484,78.04341512211633,61.04787457956633,48.25501740839824,53.027038844942375,81.6614311314732,78.12505792110912,67.49147243995336,61.97202135603952
2016-12-09,61.72771559237734,66.30645171789587,62.01323734206565,53.39891952553991,77.52994128328197,60.98131701198199,47.80395636555284,51.56466095739084,80.63936591714652,76.80319878486058,67.59692095973938,61.45308700273498
2016-12-12,61.19979734349085,64.66475791316991,60.31047692457487,52.21039301943529,76.53603058199776,58.796657497396964,46.69389140451009,50.2047085653475,80.11329577360225,75.12691843846244,66.56237647403825,60.30447003463911
2016-12-13,62.02227897205811,65.0200355256203,60.00046677579047,51.375527616293695,75.98746325487025,58.609531826036196,46.560751663133665,49.954124253946894,80.38106430804976,74.3751770385928,66.23187872782769,60.08913113552431
2016-12-14,61.65633748130131,65.22259078811817,59.46153444241292,51.222664469287416,75.48609614878669,59.30929544644559,46.42875046442158,50.5176110756255,79.73520726088348,74.0129975860267,66.32240375796655,60.09425973614139
2016-12-15,62.08473905920302,65.5778849749309,59.24374614196326,52.01598661505176,75.76544543605792,57.971648661219355,46.604614403312375,50.565123540698366,80.07325962130177,73.91247658020767,65.9556827366842,60.0671955111621
2016-12-16,62.32381423115749,65.60016167999046,58.57981203882618,51.93345185259103,75.65150431713147,57.3461008504206,46.30126085508227,50.505414841216975,79.38332508533863,74.29432795634774,65.81656159591037,60.0342481510626
2016-12-19,61.72433387681126,64.9793068677836,58.1149274759154,51.50566870996413,74.97206879225756,56.27579049635126,46.43464828845694,50.46908232000011,78.84961442644118,74.25954534579668,65.91945215981661,59.379277333844136
2016-12-20,61.92017559893493,65.05137322963583,57.52192176006109,51.36074698342564,74.90247600747114,56.03418463345707,46.64348502622125,51.01136341275693,79.48306001783737,74.52063914940375,65.50478916626155,59.36317648955609
2016-12-21,61.92126393329475,64.29372495283648,57.8037733741746,51.31203906157851,75.15966460798158,55.63745373217809,46.45482353683674,51.14457388169021,78.70577723347562,74.07085906767104,65.36261481500837,59.36359407208883
2016-12-22,63.56839581721191,65.44459901349795,58.50144975339852,52.23010506763617,76.16896326524237,56.73209321275399,46.852357584214026,52.12110059722341,79.306765301062,75.37435374655362,66.32110121797055,60.15933147376009
2016-12-23,65.25455968258424,66.90596421959712,59.646312809738525,53.57334689887941,77.12719267916623,58.820689108576396,47.78199983902043,53.685271385660016,80.06148909368278,77.2185895800582,67.76619454863523,61.31509631295652
2016-12-26,65.34800043778434,66.70120019236447,60.08699495303773,54.413802941716625,77.01119918983684,59.02046189269951,47.58376109788817,53.343960155094564,79.47960515293568,76.67289679290622,68.0146713194666,61.25476874452699
2016-12-27,65.37352481971658,66.29719969612296,59.61318932303106,53.95129504711442,76.69034335723721,59.31785627275068,46.94748004360196,53.06343179732907,79.55660443863549,75.44646778323879,66.76106711702779,60.805966532884995
2016-12-28,65.77177441046422,66.424487105412,58.73836565536942,53.86423097170947,77.46504314837368,60.13649425485773,47.34157997192373,52.881093232724815,79.1058991551974,75.33555463263411,66.377674229157,60.79027051192084
2016-12-29,65.55992690585164,66.7749661539045,58.55450865477866,53.24228442674372,76.3925425558902,59.228745640546556,47.327855216526984,52.175409012789316,78.5520178799471,76.17245762452171,65.83889990606058,60.442099015339004
2016-12-30,65.18578935181158,66.57151811789619,56.79588680069706,52.28241718489287,75.61241583413431,58.938033360053986,46.63110770563691,51.94993481807105,77.73101208587066,75.5250285327175,65.41194789747877,60.01379396583558
2017-01-02,65.97585485988722,66.59551547519332,56.88112500791921,51.63705298895265,75.7864724816242,58.61789783426231,46.78054023023262,52.34611776746802,77.95285538752972,75.40523876203427,65.64250727788254,60.002132531283095
2017-01-03,65.45280846300403,65.8264896736317,56.03413848019338,51.297520395364835,75.34999817894341,58.424376699474834,46.25924938063235,52.4620357649434,77.80881834426073,75.19565225720571,65.07431474825067,59.39498926144541
2017-01-04,65.91342567471699,65.58432289291724,55.85367533920051,50.961991782940366,76.13178166765641,58.5969376217049,46.8099801229304,53.12494028921071,78.76273048143844,74.88274550637361,65.46548115771003,59.781401612077346
2017-01-05,65.48436384661588,65.31905386726268,55.82989714773188,51.46807601271214,76.59851446978467,58.39748311896437,46.57698120445653,53.51692962876925,78.63579799572643,74.17442096978466,64.84324338971939,59.74251112669554
2017-01-06,65.55957799292057,65.527791048768,55.87393016162332,51.97745504997301,77.49762136922446,59.94366876619268,47.34668936330356,53.615565464413905,78.37796860670527,74.28633750864876,64.34825093677507,59.91676045256745
2017-01-09,64.98529555419863,65.36071282700777,56.602648272065935,51.77771701474357,77.12727733679824,59.68938352761718,47.2898866776366,52.94624453310378,79.05934391212003,74.7107248935245,63.54256084578472,59.830058692208844
2017-01-10,64.52721023033547,65.0243752911799,55.951034127578495,50.915912659313975,77.02039004793363,57.922962764872246,47.518952899714364,52.29633211715004,78.4743145760266,74.07983427977918,63.41691742183703,59.41524430462882
2017-01-11,63.97407425666444,64.84133103081342,56.158523873536794,50.39333785098458,76.47959904588426,57.37558466218285,46.89435121874543,51.916076431463374,78.42830328074366,73.10781542406508,63.52223802837565,58.87113679416805
2017-01-12,62.92964136365921,64.92711702717199,56.59499173680446,50.28889952645519,76.75406506708627,57.464384216223216,47.18556247083503,51.57744288920486,79.14633710361014,71.97672629786662,62.86376298221968,58.75370701241801
2017-01-13,62.57728381205373,64.77441233606989,55.98744507109519,50.42325602300084,76.57606636021667,56.71101688384491,46.882871881017216,51.99419850043853,79.32996831550697,72.60161534308926,61.727016402616805,58.45205614369129
2017-01-16,63.06810979672943,65.21198627513381,55.80832867576282,50.30312852223749,77.05522261275348,56.94784520736622,47.51292181011442,52.60447998300721,78.57233186606778,72.01836847243973,61.632144773035655,58.613052351102866
2017-01-17,63.17764434141757,65.3264448731483,56.36708446357924,50.18280583577034,76.79920440221495,57.75640961684605,47.47298963526582,52.547193634429355,78.09520864923462,72.81759373964526,61.67418607821207,58.633693407982825
2017-01-18,61.802161285104475,64.5918768221488,55.43038286144872,49.39626409283585,76.20413016287995,56.421865723172814,46.453955174825815,52.42971638816839,77.1586583313923,71.56249120322349,60.4475503612395,57.851875493145975
2017-01-19,62.432742680248786,64.86037462849862,55.55032871428196,49.35668788650996,76.07260711804653,56.34698608304053,46.19053966954022,52.734057827837674,77.6212941452271,72.30201982493435,60.31101165865025,57.913970485825274
2017-01-20,61.19925619846367,63.448767772466674,54.59044916711614,48.3810724216839,75.3333246419986,54.913389646096334,45.33452148726118,52.593593741100186,76.70067364041908,72.51002366940747,59.713220091711584,57.1531004828117
2017-01-23,60.27979278218367,63.654125270156015,53.71641057456827,47.433346205039186,74.88806883186474,54.77300430421883,45.21353906453434,52.18712732337409,76.8363359620673,71.62698545838057,59.433062347585896,56.820658899050834
2017-01-24,59.66085273256356,63.01665057021943,53.39354162820601,46.70820936790923,74.3908072031895,54.50757750637487,45.189081842601595,52.332803982201284,76.8461531115834,71.8126623070013,58.96376793919566,56.67463093541826
2017-01-25,58.25749221190223,62.268240869255195,51.73569332572507,45.37036038856988,73.81640934879982,52.47951776888679,44.19952408977012,51.06298333249666,76.0705142377108,70.99372629746614,56.98698937121709,55.511669596585
2017-01-26,58.752902825229484,62.36150381129527,51.20720115405467,45.365011733525535,73.99565551314569,52.449335167135466,44.556031468496954,51.14046914718106,76.1293549418843,71.80498393298656,56.91021530100087,55.58489691504194
2017-01-27,59.367366417440394,62.91704876056657,51.19401987820179,45.8104482176887,74.49493070835581,53.8682619738362,45.106633171450234,51.670369932224126,75.86653246728258,71.73760601052209,57.4324183283913,55.69154179378967
2017-01-30,59.38238084914722,62.88592754456717,51.79459262171993,46.55000988663675,74.07983239387838,52.54273775652344,44.758762802378136,52.31349680611485,76.47390284127844,72.39329043498435,56.48919930206695,55.62493979093793
2017-01-31,58.636609852881925,62.323476951902066,52.17739982559741,46.94841715967589,73.1872562470935,51.310079821668666,44.84809415394894,52.13658896278164,76.38208071449966,72.21513490802312,56.87199796648327,55.409121103394575
2017-02-01,58.15274892428185,62.58540379059353,51.937190984867634,46.90979262341798,72.80205754613472,51.334782939528786,45.33261027612248,52.054455769304276,76.96745584154246,71.40803550397112,56.664863359923665,55.22246187324642
2017-02-02,57.169326755905516,62.17488236639027,51.41205635796492,47.069288240649826,72.30912421010035,49.78655650752548,44.68227336215869,51.182028353957584,76.14374511527653,71.42323551210985,56.70834219161706,54.70084334940177
2017-02-03,56.955842795895684,62.117803390918915,51.45886970105236,46.90539108236461,72.49067816739112,50.96284371157511,44.40610504736146,50.972686714342515,75.25554543574688,72.02485537342868,56.183197600022,54.57385540613649
2017-02-06,55.9265602968615,61.89570746719443,51.664032647638955,46.44264551544405,72.63372683389802,49.615615015052406,44.263971964498054,50.864490716236546,75.7071471962557,71.69866302500087,55.43278171475644,54.2915460502521
2017-02-07,56.06408824738922,62.37495841372732,51.85223577373331,47.32832537726148,73.14247716813556,48.8155563760496,44.38978162532657,50.47911245306768,75.22157605478161,71.7034600745437,54.825200135359474,54.36326123524262
2017-02-08,55.567258236890574,62.09346725749564,50.95265445768939,46.31079645851236,73.1487310186805,47.78640782744519,43.66378502580172,49.66917358809596,74.79767064126082,71.44338767487353,54.16983103513012,53.72505146542367
2017-02-09,55.69631580304056,62.34945967392855,50.95185413009708,46.316420988194054,73.55271577288596,48.642566972530204,43.77510163299892,49.420223749831244,74.7450466900792,72.6029274521999,54.30264916934462,53.87394230540769
2017-02-10,56.00110092098958,61.85774374770223,51.479731104458246,46.325464589234244,73.6903262869768,49.2771848168901,44.30519024495639,49.59090573929178,74.75569830421345,71.97425918314909,54.23483513029203,53.97308846948421
2017-02-13,55.57987962193282,61.665986010920115,52.41159887241229,46.78474121461911,73.37211940488102,49.59542326869708,44.508187796335925,49.85356572798092,74.56569685498343,72.53973710079087,54.13372617384478,53.917496521005894
2017-02-14,54.77126922157384,61.51572764386356,51.90842634686758,46.36088086099448,73.43777535694664,49.55416386741925,44.08230483891232,49.75458414135162,73.89704311656024,73.50110801128324,54.01953925271585,53.700212076680955
2017-02-15,54.91422349717819,62.54313856014777,51.450948819782404,46.95573051075833,73.54979445434913,50.78046194287702,43.89514463911931,49.98052858985588,73.59280801476622,73.3394347571118,53.931609247691185,54.02047413962745
2017-02-16,54.329135627325954,61.84425491384087,50.78141307009999,45.9299476986844,72.48359698981228,48.53100868046209,42.79630814274306,48.71590313386675,73.03091501368007,72.66398087472545,53.32833623514696,53.13557648671685
2017-02-17,55.04061100072174,62.09359002014829,51.03297289128257,45.77453809174815,72.94012202424253,49.00544508104161,43.080024871475345,48.41831593293359,72.91281778732657,73.01035497281876,52.85008100966449,53.40326070571702
2017-02-20,55.05561431784015,62.73220018352392,51.23984446461372,46.009104002346646,73.16345676647403,50.12074790971515,42.99988756847781,48.57625812239834,73.81151749272004,73.39903945550142,52.72821136725197,53.555268430852124
2017-02-21,55.72987765440938,62.88252282261261,51.894459077831165,46.24289596706681,73.63682016112584,49.59112597076826,42.92394366134416,49.28287788610093,73.98249228325045,74.35603393420621,52.97643384056473,53.72948318129439
2017-02-22,55.88660797882624,63.12017386701212,52.16149599102431,46.06871244508535,73.58927471133917,50.058826491192136,43.31817351438735,49.418878795805085,74.80251049703337,73.64589996209354,53.02266290725658,53.95838438306004
2017-02-23,56.08336066892914,62.87166614791153,51.256205585503025,45.44263140686412,73.7284239310208,50.51512888227083,42.94389211035938,49.058676129616636,74.32797263643286,72.94756857116911,52.66917726319914,53.62431232519235
2017-02-24,56.13703592007314,62.18108293481327,50.35536621236554,45.057598807302504,73.7624829764665,51.23527406037546,42.733996157940275,48.78178362992049,74.60831525149871,71.97848510660364,51.79899803961651,53.505358254146564
2017-02-27,56.410549488117944,62.93752852085053,50.719022347583056,45.742210360194086,74.03719136577217,51.55965208256846,43.1105382209145,48.750922997340616,74.61186220679849,72.20621936743987,51.96134792549489,53.87014547166651
2017-02-28,57.03794433042854,63.38114275959256,50.540282065888256,46.154307854386026,73.99742271311376,53.15119400766598,43.72734372554879,49.380079175318464,74.36902720700513,73.60612469558991,52.118589324933104,54.12534241062655
2017-03-01,56.90374429650652,63.42354261035299,50.781496498885005,46.37246259266666,73.73203198368033,53.6724474837708,43.929528450276145,49.767732515052515,74.35831454336937,73.12309278100273,51.57790123774605,54.25958918540861
2017-03-02,55.57117560478639,62.187458198386025,49.41320682037299,45.75499696927336,72.53146802742549,53.49241578610023,43.40048099661242,48.42406535682808,73.65756190322742,71.91337839193847,50.929478435387324,53.45296135623996
2017-03-03,55.39325202814535,62.600032418001305,49.59991581906923,45.89990072633666,73.31743928867942,53.090314670006514,43.69904691834863,48.30060078910653,75.08451199593631,71.90582405220431,50.649844884515524,53.763962334302164
2017-03-06,56.27744668279694,63.821982299337776,49.73292846669472,46.71215871072904,73.39317909722895,53.323872595560715,44.70962630640818,49.416669757312434,74.96331801113834,72.88563461198979,50.87717421118524,54.419021647890496
2017-03-07,56.949947184973105,64.15981573948773,50.18892727802823,47.07019999401488,74.13613108365867,53.4519439350196,44.882619834398774,49.67785299669842,75.09188137737621,73.34657529900413,50.82652584831595,54.99441341844522
2017-03-08,57.10892832874267,63.903154508159986,50.1662489728178,46.749066948004234,74.18774762765115,54.905111680763376,44.699978210803074,49.81228432003507,75.53709554733348,73.04236736968463,50.96926104147774,55.145873233025554
2017-03-09,55.9507682714438,63.26323554699547,49.495191395043975,45.6816611549528,73.24810931258844,52.16530143190921,43.80291379165673,48.60400782087775,74.82190360674066,71.6262494655742,49.74614264481648,54.301970464252214
2017-03-10,57.15391324001369,63.18121824768191,50.54640536946551,46.27793477272086,73.55729149924217,51.489822070106115,44.83746627909083,49.246374556990105,75.29363745118046,72.13076783855387,50.41927574894477,54.83938534594731
2017-03-13,56.92375161283414,62.26088478199267,50.40030362267147,46.25525759573251,73.4796023465878,51.978146772053925,45.21845544907204,48.90872130774734,75.60937090660542,71.33165355139775,50.6178445390157,54.77975509130749
2017-03-14,55.00246648413767,60.77851933392351,48.60362788453615,45.29199230935347,72.6176638978663,50.51384904789139,43.65426414299291,47.344232192536566,74.49566889678196,68.38856612377946,49.054703250563435,53.403217995704274
2017-03-15,55.75171026495972,60.752628102769805,49.54209003799282,44.93643226741389,73.02751755882636,48.74751909246763,43.72864914444896,47.183113095946005,74.33163413532678,69.28620145224416,49.404103501219595,53.627443083552116
2017-03-16,55.37081572620246,59.911954942621925,48.83075557225835,44.10883778232785,72.3413479216102,47.62987457904621,43.17456374054201,47.070608648668745,73.0992453815755,68.49400196212503,49.265004745263255,52.84218434381257
2017-03-17,54.70283456866321,59.07988903727501,48.33187573278116,43.60139224287171,71.26437337111706,46.708627763377415,42.590636119388286,47.29867002505135,72.55464019999337,67.41433646221564,47.866838340117525,52.17267030548559
2017-03-20,53.67431561165791,58.923154958441046,48.207721540253544,42.98693829630472,70.36778739767978,47.13573300980134,42.54634013022989,47.063055413182774,72.55717158183134,66.97644149859715,46.82176228690476,51.85947992105804
2017-03-21,54.27600271790588,59.52446784346863,49.457168861533866,43.72524440287202,71.63152245925052,46.66547388768903,43.03259332239217,47.97602399349635,73.17485704546449,68.12873372339038,48.06183794789236,52.54523539582393
2017-03-22,54.30659612913702,59.15216400567205,49.63109999494064,43.42581404218656,71.12813791814001,46.14418274398923,42.42475776313721,47.99825336883307,73.57044602871542,67.44857534103002,47.47217148433318,52.36968468380918
2017-03-23,54.51724766735012,59.160140038564066,50.05089963802769,43.21501570085402,70.72976313109292,46.981526377368546,42.7349811885332,48.166436519715496,73.50140338519886,67.63970216866043,48.65182339040742,52.5335056391874
2017-03-24,56.242410595875256,60.32268987107751,51.364808133155826,44.480230777114535,71.95983989281845,48.48146399022268,43.91764817815654,49.09096252923352,74.35259978458933,68.37315513350737,49.83453507685461,53.47988027246496
2017-03-27,56.78343493193482,61.552886206338876,51.99228198398309,44.85937904883917,72.20533244084295,48.83789049658095,44.28748411673245,49.853109418064285,74.63240687384372,70.0167082771026,49.691147603186195,54.36032677412961
2017-03-28,57.01726102433208,61.892071272261894,51.7025751654566,45.16921681537492,72.44929913504453,48.61182423976721,43.73188567183004,50.1022540645868,73.70475009201638,68.57076257382538,49.93234459247403,54.32527093448597
2017-03-29,56.64497814940103,62.07920956037481,51.52740097073606,44.926153326393376,72.6962975123546,47.524963941333574,43.50854195447529,49.54689801493386,73.88277061798564,67.65522690780226,49.69565318399766,54.21458440685553
2017-03-30,56.371284115002474,60.16247842240272,50.821688788917264,43.97494596767605,72.21303869094976,47.69901832327299,42.40704185541734,48.57761440717914,73.16062347369466,67.72636503834771,49.019301535744546,53.54711851149392
2017-03-31,55.9228599273046,59.46711975032569,50.43074655625005,43.35107508053643,72.2564392090848,47.04600054978232,42.2132301624085,48.47376510781813,73.18200944502145,66.67636745605738,48.939971237263016,53.19356541147569
2017-04-03,56.63235738997203,59.607850800109105,50.80780827415213,43.346960008186244,71.98816438373181,48.11952919697945,42.12232417783334,48.232331448530324,73.08168255040279,66.50213787017076,48.8704162515127,53.44272591034116
2017-04-04,56.67284977451299,59.92926395766715,51.062127348390874,43.29195436819488,71.76663892461002,48.893884147522584,42.52173291368829,49.03076927076296,72.5459364989802,66.07527794022279,48.898514286894674,53.677094525876115
2017-04-05,56.22660390839137,59.41757897941845,50.97394420151746,43.45907286178061,71.77708428852408,48.40017843328177,42.500000855118195,49.01621709968411,72.18742180601339,64.88595655710164,48.962172230874174,53.758035415259776
2017-04-06,56.47689690483414,60.498352849446945,50.948899615692135,43.37053160661325,72.27105881839225,48.91274236352518,43.02249067416281,49.64596922562496,72.45888869939729,65.40188801862602,48.747802554639975,54.3183814181168
2017-04-07,55.76859764300883,60.25654100881764,50.82519178775877,43.412496002110224,71.9025386491183,48.90895385210931,42.85181275447361,49.72112518638633,71.84504867675759,65.35120903718105,48.186375826872165,53.91708197212267
2017-04-10,55.37062235665295,60.034587130010344,51.028606806312794,43.6821308286679,72.06893909336945,49.193158337316554,42.788732436300585,49.69634077569677,71.70304272575464,65.50148423477792,48.210679883688925,53.90800380203677
2017-04-11,56.334584280826626,60.51520892503625,51.13427905373683,44.53452063790202,72.17853317077932,50.666120771008075,42.88079652248042,50.169587777439816,72.24674189038407,65.25905049108496,48.548510918014244,54.32671060723139
2017-04-12,57.27332349467975,60.72907360633712,51.68372100095308,44.529940739256105,71.72098008864826,51.814556804133794,43.42411426060487,50.304166507486144,72.4798553612421,65.31381320880864,48.856282341985796,54.66812479472666
2017-04-13,58.12786154213803,61.03890212968829,52.490598479611606,44.327387843121905,72.3950377030996,52.741298622106214,43.556407209540964,51.11239344243942,73.12906124149653,66.8124670668152,49.36352437762438,55.279912729737305
2017-04-14,58.01454761368393,61.48465777975829,52.7725930580046,44.34692432910193,72.52894682097312,53.51456602866863,44.153056158974714,51.61772084689771,73.22642468266231,66.95022358780028,48.7438544284827,55.52305672516689
2017-04-17,57.79459066679361,61.18987494223167,51.863142513308546,44.15628047429197,72.70108062835307,52.83253433508066,43.851441948119216,51.135526557993494,72.7939051490654,66.27311683480812,48.1905499259229,55.37194188480829
2017-04-18,57.7980499410055,60.87938638072134,51.6207053593815,44.46736509463994,73.64875028226062,52.67006633638136,43.90090524790919,51.60800674417012,72.49949815678598,66.97786339620296,47.57180437036638,55.59605318847814
2017-04-19,57.74429065182868,60.15653475198032,50.7983795940835,43.80117779698578,73.22173716601034,52.489208740756,43.54125734777775,51.42194944365354,71.10710068445691,66.25300368073135,47.146048729794266,55.05630533646785
2017-04-20,56.808921824039395,59.31133469757104,50.462940114808774,42.96547298382162,72.67321504445887,51.71642222424487,42.883256793395404,50.68670950657735,70.72667196747949,64.31348150744276,46.65370846594774,54.16839184889207
2017-04-21,57.41888321985039,59.24557840712692,50.48701586318067,43.327202931352325,72.6548551695445,51.338931833792145,43.31478427226762,50.761012829429774,71.44455543029703,64.19226420929033,46.95849195271685,54.506914333494215
2017-04-24,57.258478345273964,59.730940904392526,50.33393454739476,42.81668691892131,72.982082080038,51.28001563443968,42.90685302684562,51.09686955971028,70.98478225717878,64.65949878773584,46.12160306327269,54.49825117247633
2017-04-25,56.70036157966578,59.521962389679175,50.10334765825753,43.57803019374028,73.27949093448515,50.950419876397454,42.83427288487081,51.80174687252857,70.68809541202062,64.75413620667695,46.09237453975355,54.68928401482419
2017-04-26,55.31652762511954,59.35817315272958,48.94250166018118,42.375365765457545,72.58196406665273,49.554179413747796,42.13911760801803,50.6674147457982,69.64798921912737,63.77314208784968,45.52335672184255,53.77519503707872
2017-04-27,54.6884384175211,59.54995050745959,48.872712712557245,42.30413059147604,72.7637641616353,50.227176774857675,42.085648300333126,49.81478065714587,69.6572799626169,63.922455247091705,45.486398876514585,53.598641496112386
2017-04-28,54.482143448887,58.933960254147365,47.779122851272184,42.37866777920286,72.09742843762206,49.254907406864184,41.79968847352742,49.25221659852841,69.47022781290568,63.196282027826854,45.441801347974184,53.29585387222397
2017-05-01,54.00635281429733,58.588831011644984,46.28848589685297,41.72754915120663,71.91690105557275,48.33670325471758,41.758219228721465,48.809981743751166,69.03894297581003,61.957928554613254,45.293875023846894,52.85277271656113
2017-05-02,52.32797833352275,57.93594031655965,45.32013112900831,40.661611507010434,71.04373464638726,47.416679029583584,40.68614622878904,48.072792277284734,68.15626929054595,60.76286913208718,43.78660236271939,51.67248629243855
2017-05-03,52.01614462113873,57.7423958475351,45.16621079086993,41.02855841712607,71.47277310454538,47.302334775799565,40.79408598879719,48.333641738409696,67.32342812408804,60.28225378041273,43.685511286144994,51.51858588686241
2017-05-04,53.15375417583913,57.79473376376849,45.439801831231556,41.391421418065214,71.28060559895117,47.95249309158546,41.496713167576445,49.07764704392044,67.60627569049467,60.75082977407777,44.178743578293734,52.004962682723686
2017-05-05,53.0678347098773,58.066632125079956,45.98277385590693,41.92484562910449,71.4531625972404,47.273475358159075,41.78122601367459,49.079415048574596,67.67097428278626,60.5939356084758,43.964356294900114,52.225303626240205
2017-05-08,52.393275466348285,58.5384544991411,46.009523274896644,41.74914827947807,71.97303645769489,46.943487130066266,41.47069102586839,49.04657453455585,67.65152654164496,59.917506463879356,43.44816637854866,51.929700725376215
2017-05-09,52.33356756535672,58.02481498842117,45.28386891436018,41.838103209781494,71.84724351688129,46.73146389499125,41.67550638461151,49.058818541294066,67.34627364854843,59.22064882162322,43.36942880350863,51.94252163339564
2017-05-10,52.571293728317144,58.64683830382814,45.63376332012929,42.45619887114822,72.07441461965122,46.681862353149626,42.161401422475386,49.129131312668605,67.40753916360276,59.75392872447707,44.370247552367815,52.35934235705807
2017-05-11,50.76538478287146,57.30721612658725,44.56542804631008,41.048164291581394,71.433391742902,44.801804388935594,41.054536060910706,47.010733156089,66.46615496100739,59.30705691392073,43.4229540429141,50.92335747079091
2017-05-12,50.910278367764725,57.2463744868769,44.285937113258164,40.947746602145955,72.28705944487609,44.58744451046515,40.79277591124148,47.30925721814284,67.53247334649545,58.65168806338217,43.34792915446082,50.879645624040805
2017-05-15,51.87321821806059,57.415154314342544,44.469688123242165,41.52695731721154,72.61210811230579,45.41379385870672,41.176799372853864,47.05757399531209,67.48351023830202,59.493623866418,43.59223422670616,51.17839911229463
2017-05-16,51.67562469893953,57.67838426232501,45.15120638591979,41.96158581296384,72.70664606107802,46.966702559761664,41.91996732085493,47.862666101706516,68.59849800874103,60.1863858821701,43.31947763176975,51.550570257697295
2017-05-17,52.719558591340466,58.93941220934259,45.95985494479364,42.971156122453934,73.32987235017936,48.03533929024477,42.65501278722651,49.57101685725741,68.85249961876006,60.75442937566823,44.08860215025246,52.45469378162756
2017-05-18,53.460713038186114,59.778763300578404,46.15932466139948,43.173470789117474,73.75827022115405,49.68495705176694,43.24863536018777,50.230538464018395,69.31255068330664,60.84868705333627,44.952436962185914,53.07560054349515
2017-05-19,53.65618531231957,59.60868355304424,46.09747980284346,43.36080667471624,73.62794452379673,49.98351145625367,43.35362400847303,50.120790134556,69.03249617390519,61.2939148501775,44.92988866487723,53.26386833154358
2017-05-22,53.80742595775862,60.39363833778187,45.807553814312705,43.93553702435112,73.50583690901816,49.205765810812196,43.75923493916245,50.07970727380202,69.73981863318431,61.28701739323545,45.24512069153215,53.44712040418735
2017-05-23,54.204414289297276,60.353459757477836,46.42704122681302,44.66097395244588,73.97478603045703,49.74807652258211,43.594202545110754,50.29341695765286,70.10588533338749,61.56949037288353,46.10422985123417,53.89225415659242
2017-05-24,54.27608285605011,60.37284080187957,45.54258179991717,44.52448916173348,73.75446470141728,50.315777156888885,43.791774812604714,50.15582278543438,69.9877661937482,61.06603687294423,45.70442328728879,53.62068678949933
2017-05-25,54.1092469924313,60.46836286043514,45.87585737352798,44.35631525201933,73.93593373012956,51.273926847769445,43.933837539758706,50.52177109527387,70.42600288485633,62.019866436824515,45.09454606935872,53.62024537738972
2017-05-26,54.663163248915914,61.44097242735393,45.79779459163324,44.643613897918335,74.41134751611735,51.2663282856122,44.33354682400752,50.77565649280832,71.3583759258618,61.69165147877429,45.46815836686206,54.13129221419425
2017-05-29,55.93697151008568,62.656635656543614,46.86249017428318,45.831210747848765,74.94713048731313,54.05601231971844,45.393094375989904,51.77873867819414,71.84532308265008,62.9618536238154,46.33266642907039,55.22073961387449
2017-05-30,55.90978058388747,63.03653415520258,46.26717013920184,46.26551752080507,75.16980501497488,53.45732150927063,45.65613543996515,51.467269580718465,71.89999934181196,63.874561497937,47.24581693024955,55.15400876505253
2017-05-31,55.846607933950274,63.04970124097835,46.14089469427239,46.28265810895287,75.26458956335544,52.94197581140304,45.76001645832998,51.892277723448764,71.6667366187876,63.95058855777576,47.16419457257277,55.14898932570892
2017-06-01,56.39612564930913,63.59240109141726,46.613351355050476,46.87331670261997,75.17246653214956,52.73772206440819,46.07576257849759,52.39964057401178,72.27158684977742,65.20566644737212,47.1987003116075,55.28119897466052
2017-06-02,57.3054508442907,64.51183390888411,47.74437037347341,47.52550302784647,75.76009103529569,54.66023004040533,47.132359731162175,52.8811768196385,71.86871954879597,65.97529533482673,48.23349081230749,56.051545030807304
2017-06-05,57.3896812119434,65.41888035484361,48.208519812234684,47.968925061061974,75.89261116285459,54.976130076489504,47.189965858058905,52.77017243900053,72.84428341618383,66.06799580612713,47.90505440136612,56.056662313506514
2017-06-06,58.381934545474856,66.00697351222628,49.00767921748021,48.452993951981256,76.67974086730777,56.667258430233794,48.2018867266293,53.718012829364156,73.34161764072877,67.34507551053244,48.49639718244148,56.90909200936586
2017-06-07,57.357935037218866,66.00874460177019,48.50897144676408,48.00808764596966,76.17251614972521,54.360095154325094,48.15568714857315,52.46842877428494,72.00777610026023,66.40709954567512,47.9163205734309,56.37721032756965
2017-06-08,56.93965900370876,66.14866411678784,48.50008411958329,47.54682013235957,76.39553694049695,54.2419861335891,48.25057829824782,52.17936398981605,72.06819103506022,66.33910494513337,47.72672839533498,56.29387104249191
2017-06-09,56.42961058225763,66.16207766261772,48.62486984061207,47.70368416979732,76.72584405747511,54.07303512885298,47.981038310989064,52.14154310584311,71.61952355974064,66.56240223094468,47.748164012985946,56.20377317230327
2017-06-12,57.05407904939281,66.42408788508241,48.93208141969572,48.37415410555597,77.02921390685856,55.13665537207276,48.65639265740786,52.08983979511682,71.95476987523813,66.6661478085201,48.18539038620029,56.67161663837129
2017-06-13,57.49833373633526,67.2586717435064,49.942264962022065,48.642907973447194,77.57620078733765,55.53144293360205,49.86747305216967,52.79796960500769,72.43599064394542,67.5409304275599,47.7817310206008,57.29115413653012
2017-06-14,56.10483391145714,65.8178441091981,49.20219358221489,47.54803776949908,76.41134207945483,55.45157982849672,48.9588917832149,51.95674713867611,72.32173695460476,67.29803014139722,47.42661231212529,56.44227433084203
2017-06-15,55.636804674328545,64.78667235448904,49.116257584120326,46.91376044370521,75.91653839976064,54.370934600674246,48.62680742607291,51.243807221353535,71.13810124559798,66.14636037155383,46.768639296809894,55.94407568609361
2017-06-16,56.09066937263441,65.31573401988706,49.49598093247026,46.59818935083834,76.2899014056742,53.619801914470585,48.9643887760974,51.84427594007034,71.45458827785995,66.29387720244515,47.17542241338813,56.15621446044749
2017-06-19,55.012548344987664,64.3594176009413,49.38238933086369,45.94499406544138,76.31412088269326,52.05680092810797,48.9038754206454,51.13651873786935,71.71788290038126,66.16069265551732,46.856469859435386,55.80567712036155
2017-06-20,54.71972135895755,64.15392757779,48.249281819855625,44.862367753160676,75.64322483041785,52.02428064138947,47.97822727015419,50.45436362150433,70.53989077642846,64.9290622990011,46.30845112023883,54.971504782487614
2017-06-21,55.424275802591524,64.66510617741932,48.68883399346265,45.694792764709504,76.15190116060063,53.249693706902654,48.549851141729405,50.96516588559275,71.28369522111667,66.0726020864882,47.29134197147266,55.56869980044746
2017-06-22,55.73531136123393,65.09229193211117,48.50296433204264,46.46181374728166,76.15562688668474,53.05428827553692,49.436196605984165,51.67360958354427,71.84918548722197,67.04829493412058,47.44350541581117,55.867413561918845
2017-06-23,56.50019562299929,65.45044557864804,48.682374311878554,46.59999819359169,76.51002780708002,54.200893969271846,49.94727170040502,51.685846305056415,71.81348169620793,67.04571730443378,47.49930648265684,56.167286783421964
2017-06-26,56.25091591170269,65.40980278926406,48.35989120587359,46.27041594824101,75.88586474848596,53.81116219559856,49.5169814508486,51.662407849563294,70.77475338918704,66.93535780682305,47.38773357817136,55.92041937003698
2017-06-27,56.72100839346087,65.92409779022458,49.252629168719025,46.925233831871395,76.47208907450168,54.43957011471052,50.35304054483103,52.5068735216352,71.25563154719241,67.2044650052158,47.84575700925741,56.52254529238137
2017-06-28,57.460689790392536,65.68915079986188,48.657722527392,46.63855420852521,76.38643289952624,53.26111459842887,50.265847830923086,52.82462532698603,70.95913292228687,67.02634534552254,48.39567599186963,56.408271173745085
2017-06-29,57.79849540967681,66.30713182677401,50.47609904568995,47.16181511309705,76.61985670422308,53.621507919293634,51.38798571859058,54.109457532796725,72.09225033785685,67.94299537206192,48.85055801181603,57.05402484060203
2017-06-30,57.184189945534335,66.28119133767618,49.9071557772256,46.99049490557509,76.31362696887193,53.1553648518185,50.37760477791604,52.99005648092503,71.63261948485476,67.3545742827373,48.12926518913292,56.55241180918923
2017-07-03,56.98892764877071,66.32307442564532,49.89847025497066,46.63566764543703,75.83290356910516,52.79817849983404,49.95921637229943,52.483940871359366,71.61871159451536,66.98665300625393,48.45120501155142,56.088000535101955
2017-07-04,56.73677249215628,67.02539145953882,50.41974472065904,46.74487281233898,76.18628172833363,52.5776091114034,50.40652930357324,52.214885557031046,71.86622267721428,66.88740359947101,48.271371548432924,56.22595663765679
2017-07-05,56.26968263876544,66.83077908915915,49.05980249391351,46.190836406940136,75.68020711729667,52.87810745249817,49.64110368889234,52.202375576282634,71.68297976572272,67.171432675332,48.20344067263261,55.85025382534477
2017-07-06,56.89555992338759,67.18739113235777,49.35726203178715,47.09382638941381,76.2221671789752,54.37742415771522,49.80799685352107,53.134707186480455,71.40641832768684,68.10656566515544,48.29936171244664,56.2526399487193
2017-07-07,58.04892309585373,66.68083316242719,50.066425427582885,47.04632957645109,76.96737085105757,54.007179633941796,50.12693039089815,53.19650139267061,71.1954288842086,67.94131428781374,48.67753366481086,56.4224252360703
2017-07-10,57.10449611961606,66.47793321274456,48.62408457746232,46.61484058328246,76.59704830932355,53.74330146703371,49.652949930350864,52.76989660509733,70.887509207164,67.74738755148772,48.8153363539196,55.91993557639774
2017-07-11,57.16898959396962,66.92561140231722,48.95822900417578,46.319212735842974,76.95905014866098,52.74097283845091,49.626125853643366,53.33937592180023,70.89013381054954,69.29499177783092,49.38914847712542,55.983194535047666
2017-07-12,57.232324973674174,66.60878781621558,48.43056533775601,45.95097901832233,76.56498556909938,52.85672138986853,49.55517905987372,53.234986872933796,70.71515214003261,68.85620441252064,49.0359849929859,55.80719899609321
2017-07-13,57.90720896441852,67.52438063434228,48.78432600323004,46.49959906396312,76.91743982403632,52.80660942635495,49.65486437733077,53.74908022057861,71.42477766693688,70.21626520933701,49.72629936194088,56.34448574364506
2017-07-14,57.035605064119764,67.7618541009241,48.519735683469605,46.04849502666964,75.90815659365929,52.34126323421536,49.07324547019842,52.75409825981608,71.20605989639846,71.41843344369548,49.86908170000149,56.0076184370066
2017-07-17,56.941652094048465,67.60257854158044,47.59877367387204,46.02767398702613,75.65937211963326,52.2323244260272,49.39219827334437,52.24876145313729,71.36157966919693,71.06666486447095,49.68277540163018,55.78192883059583
2017-07-18,57.81853468906938,68.80938629905499,48.34756904679325,46.72559935566794,75.86367743999699,52.87591367096838,49.88322383049351,53.35354813597212,71.89083881812019,72.31423457580225,51.065381168702054,56.485057025347395
2017-07-19,59.53287442170031,70.31870346439312,49.37617664747406,47.47861533506345,77.04521790884634,55.096855782378704,51.28478974355095,54.135204086146196,72.96291788859187,72.43521691901101,52.92013891873329,57.7819384547733
2017-07-20,61.41564522242125,70.81202673857007,50.25100996636729,47.78027385177155,77.2961145827521,55.90701742517393,52.432606142281934,55.47315017948882,73.54414683776437,74.53950188792669,54.773561885215074,58.96906484976812
2017-07-21,61.92961326238742,70.69755226273729,50.564928327593826,48.20347333712321,77.02575285025803,55.65221065732238,52.77978227947266,55.62523134801276,72.89190532104422,75.02171229929647,54.82273694874928,59.0300420151758
2017-07-24,62.299787144294314,70.70540437013238,52.04455577056344,48.14265847499438,77.19408206627308,56.094427499312594,53.04538140987152,55.78039213741959,73.37720314931832,75.72531762142599,55.130399987989954,59.18367794147434
2017-07-25,63.579513326927504,71.92803915370278,53.11550778777254,49.56542748851868,78.14502940916256,57.16235416476372,54.11034206670152,57.07715105378458,74.40788151432946,76.88673192800643,55.48594667177345,60.12189524115833
2017-07-26,63.042970464167865,71.51913140712017,53.27220039489393,49.52937865355895,77.46892080992653,57.32494259641192,54.459185920528064,56.713328229320226,74.6685075393552,77.46534750078973,55.01637062015199,60.07034915937124
2017-07-27,62.30962876177995,70.78184904671451,52.66000059213069,48.71313222078362,76.84123168343649,56.541043054160475,54.009644392861986,56.697397905875256,73.89943886491739,77.5789398146444,54.71105610407952,59.503053857001795
2017-07-28,62.527491831731986,70.4816896442873,52.45437645142438,49.01388562610827,77.89879574104094,56.06463178833917,53.53580519078136,56.61608467744795,74.46636509263635,78.15974143115385,54.463398165993105,59.59676049749044
2017-07-31,62.7194384427612,70.7950123129779,52.84225467659183,49.19975266549969,78.45915927945406,56.922594997317056,53.61257527014328,57.34361338209876,74.7090664643847,78.3340619393317,54.746465124692975,59.89162660175656
2017-08-01,62.197665727101636,70.38131150145112,52.95174610020237,48.76134520951667,78.12177099846592,56.46614160338764,53.62665995471564,56.59943623225093,74.45550201112839,77.72226061570132,53.795051188769236,59.41487624400643
2017-08-02,60.69340473540821,69.87856309264261,52.02795313071032,47.51830783818376,76.24298448952574,56.076903047114925,53.03282280401945,55.69978017599576,73.47515524054744,76.70005709596334,52.5559756341888,58.45261519532673
2017-08-03,60.36529368529828,69.42667665914821,51.52240472466391,46.984650850885835,75.20446064546793,56.15708183474234,52.14077465280806,54.703291005624145,72.6757604597297,75.6686917801254,51.24215163320408,57.6293658172884
2017-08-04,61.76821437015525,69.9514460463738,51.84182676081458,47.76393404598075,75.75077704404761,56.39855261073152,52.03703055902821,55.8010342602824,72.66768648437657,75.63080354534455,51.73518508490081,58.038748820462104
2017-08-07,61.096516161016865,69.6607013337424,52.38417607129794,47.183443215497526,75.48797925786232,55.37782856181966,51.39657740011467,54.93431927148643,72.53964186554383,74.39610151002601,51.01690268075076,57.61814831007276
2017-08-08,61.20349381408917,69.68132124594484,51.65592926768058,47.76994780916844,75.61291930173539,55.00140348932716,52.0119352010447,54.619949070810456,72.18265260760538,74.2914773685741,51.00293340902081,57.5589272603718
2017-08-09,61.29262181448549,69.91491627847843,52.021881851740034,47.71123156702532,76.10130852207094,54.71915888369156,52.55211229156429,55.35446524552825,72.26593033598367,73.91096865860763,51.36787229283253,57.705081784073265
2017-08-10,62.306542165823245,71.02443549645635,52.6184101282536,48.172136002369356,76.47226000934401,53.72768875470986,53.342431295272,56.085747289355666,72.27758391418887,74.12739049144183,51.561000823998995,58.08808073487698
2017-08-11,62.29080952266061,69.7666953311284,52.530207663905294,47.419219693717814,76.65143646516754,54.74358438834454,52.63751393067323,55.88760738082155,71.57560829752263,73.18180172046128,51.39245547564937,57.91505507392414
2017-08-14,62.72257946842576,70.04496505905031,52.40051165791723,47.03328855340962,76.24937563250786,55.42899941077134,52.51239393677132,56.11665827648079,71.8077078954943,72.7179022784134,52.630876064025166,58.22915199951092
2017-08-15,62.016864597265574,69.7064519509544,51.418949148718255,47.32261086792063,76.77172460330642,56.616601590460235,51.8299169560865,55.06302744667596,71.52122120644808,71.95751095062451,52.37837782785053,57.72988714961856
2017-08-16,61.84919982288204,70.0439113171055,51.121418299824306,47.661518285659064,76.50240045360985,56.00253625190543,51.212491111244255,54.75800200647836,71.42150976906775,71.64015487104301,52.863898849263556,57.5423279824249
2017-08-17,60.72411671743052,69.00396262213717,50.562077839277784,47.537261885214974,75.77021642005687,55.80860337618776,50.69471681848804,54.30288135611146,69.70950703607153,72.33636561648937,52.94478688195275,56.97102972734489
2017-08-18,61.842308337498274,69.88057215775433,50.77082233496723,47.58007532355825,76.91840022873575,56.83393482129973,51.013356967984194,55.485354586935486,70.60679269337629,73.03355902548829,53.96466224361496,57.64351386607179
2017-08-21,61.55496673660096,70.3012789388452,50.35470729790104,47.674850871091174,77.15968491532972,56.82042777933086,51.176615950188754,55.871506260032234,70.60242805527011,73.69264484699399,54.19156882479042,57.65065313724889
2017-08-22,61.29349450170609,69.71661092282352,50.1452391633378,47.44591684491951,77.18173994593607,57.11533378299814,50.71400153325442,56.02975692731579,69.90163157625446,73.57389393435759,53.06237181121231,57.2439454395701
2017-08-23,61.13591238812813,68.72521924576309,50.34031125295441,47.30895062656412,76.79332510355539,56.9338164037785,50.366375485415126,55.99323653216527,70.60823335199505,73.58107678216754,53.08649355887412,57.063355188823
2017-08-24,61.48024739796691,68.49544684052418,50.00587563932947,47.321898122356906,76.81374705127662,56.78137247505843,50.47469445800545,55.591048232269166,70.54279858876768,73.30601558236548,52.542123763079886,56.95847344807001
2017-08-25,62.01002221921039,68.444766119611,50.15618390297231,47.40614179691748,77.46090017926312,57.44395925669279,51.03503729859844,55.90722255057633,71.15236753480205,74.1807488317035,52.3680475398537,57.383235638045846
2017-08-28,61.34089803945075,67.84611340090237,48.961095132317,46.50028499207737,76.24156234085495,54.68056710356368,50.20131718756075,55.568183843241115,70.5906505634034,73.53527110635135,51.46400330371507,56.48314081922257
2017-08-29,60.24912915682524,66.93542670652285,49.29769572011557,45.56882116934337,75.66623481217754,53.52692623286405,49.53706138578265,54.998455834816305,69.17617578275217,72.08054574427227,51.38783712197959,55.91507705868853
2017-08-30,60.276574261209426,67.52447408905465,49.27200771244357,45.27601463576757,75.41229780796657,52.81183660640677,49.34073935150944,55.35921679384666,69.55770756245346,72.28954211277555,51.440845796800936,55.72417529811471
2017-08-31,61.98927083500827,69.1051687856504,50.70146862767459,46.75884344419007,76.579424815894,55.647843980141786,50.1604307674997,56.299089302418146,70.05002249973778,73.78157411699868,53.134286004798994,57.168549773439224
2017-09-01,62.79749137708704,69.37724486673959,51.656688758783865,47.02838243811975,76.8188256452364,56.78532547533428,50.106717695172634,56.72063895008856,70.90436150621157,73.4635655509249,54.02062078458121,57.74190249110204
2017-09-04,62.78621485923054,69.14758270180558,52.49447075867353,46.89709997800969,76.30997543305112,57.3632911144903,49.86047231244093,56.34598144847496,70.81381520137322,72.97052081140653,54.31080841288471,57.6999528868648
2017-09-05,63.7503405388825,69.15055371817832,53.40043698168048,47.15923538193449,76.85238832595938,58.39897214808898,50.32359724389389,56.923624572978326,70.72358864285869,73.88484437934297,54.26544736070462,58.13692078370723
2017-09-06,64.417681569039,70.5960411568361,54.10542234680694,48.31699784425669,78.00531833502508,59.763967822494955,52.050523825360386,57.921339793811825,70.46041543702562,75.80354741110331,54.97362657490632,59.36557674703433
2017-09-07,64.42699124245517,71.1759340144608,53.93182244556199,48.5502846201522,78.35516950733322,60.97651973685674,52.071945612969294,57.23718172707771,70.17116168435832,75.62514666184697,54.88756490583548,59.24927412416039
2017-09-08,63.52579376365258,70.91446904234047,53.54570446186495,48.4592261165675,78.16547820678885,60.60207848914854,51.56773321058681,56.99873140872087,69.59763677347541,76.19378604542639,55.15265766382019,59.05397228372943
2017-09-11,64.98847917621255,72.12229660715323,54.16665047359229,49.3129202360379,78.55227721938809,60.41104285445715,52.13200021093893,56.837891820575656,70.08856224705137,77.52947862514216,55.85381740589721,59.79876500573431
2017-09-12,64.51232145069712,72.05886982280664,53.9858482545014,49.08810466135447,78.26979285961222,61.34436341511227,52.035120191943726,56.92985025979866,69.80986777537566,76.91823645338233,55.816408285290905,60.120341609694414
2017-09-13,64.605276475176,72.67246873578362,54.253413491282224,49.364327163296736,78.67154850906553,62.87415169206203,52.43568156012608,57.556463877507305,70.39040591842735,76.71450408424417,55.9786296117057,60.55099729946698
2017-09-14,63.51508999858224,73.47058036209647,53.49610825229275,49.40716968409703,78.3137827910276,62.64272763204028,52.138336462095566,56.775441200860655,69.96805591779702,76.64706845355269,55.47099478732825,60.26485902616056
2017-09-15,65.69220843494091,74.0916708991949,54.8337378657297,50.21677969875326,80.10331869705193,64.47326890498933,53.26575364698609,57.990614892077765,70.52734710501966,77.39011933112936,56.3163663996133,61.457559043618694
2017-09-18,66.44759480639453,75.8129905444069,55.94618555960997,51.0767637322221,81.93139285304711,66.70156288861338,54.39292059115177,58.742550536522664,72.07759337165572,78.17069478683236,56.84690067608742,62.54092558306608
2017-09-19,66.97680224641809,76.80349617996704,55.72158987820613,51.0677619504047,82.89826496100979,68.59285781262031,55.114578644395785,58.98964210484807,72.66577586324551,78.78808373802639,57.94234503209814,62.92249045539391
2017-09-20,67.30056325422133,76.40738822373643,55.45054600965966,52.01671498763771,82.92620145269453,69.769383278021,55.79592036833569,59.56765892715234,72.65835147708584,79.10843464660428,58.46063179342417,63.381435691571994
2017-09-21,64.92122579004234,74.45282460058671,53.9532207968757,50.64689311328576,81.27969720114687,69.70085329100274,54.170184360120125,58.45950290190554,72.0166621764992,77.32842781227164,56.43176661822311,62.11152248288093
2017-09-22,65.2892986525994,74.46302364504277,54.62474915252362,50.7716473010554,81.55034275533545,70.58473841253469,54.86559523843502,59.0850529618687,71.55617250179668,76.90101263049976,56.90855936344128,62.53539237914701
2017-09-25,65.48239225821405,74.85485331301844,54.71321974719717,50.92335363388092,81.11239720656314,72.47145336916687,54.4305116022778,58.659186867217215,71.15378371646206,78.11848161814734,57.04757589449896,62.43786185184571
2017-09-26,65.76839198487835,74.99243183249324,54.96760705898277,51.63142121725236,81.93654546953321,71.60071448224234,54.85013883527712,59.6233650676632,71.25548176535696,77.55651784199075,57.71447463806062,62.73570193115585
2017-09-27,66.75797456471348,75.41344254809518,54.03354051155742,52.262112705640384,82.3752977596033,73.17437339189271,55.32640549517166,60.24485772687559,71.20384403355699,77.77959413608765,57.66103436192762,63.19212735706357
2017-09-28,66.36752680652882,75.59096487559687,53.623867668924355,52.472649609579136,82.05149674915421,73.23454431667604,55.72400301930279,59.75890899998969,70.6325954956273,78.29666200778898,56.587882961843206,62.999829145324306
2017-09-29,65.11108206003037,74.61441733182387,52.278865501222526,51.55815343413636,81.16239365692785,71.93595123393544,54.67393155057787,59.25318076972774,70.26069283429943,77.14174491789211,56.646406997865874,61.951409323222336
2017-10-02,65.25515177503415,75.01690234767526,52.37521987118874,51.757236680646926,81.88587396719456,71.10793679229948,54.893134478690364,59.35043531562386,70.1482379775098,76.82288411241949,56.27818479322375,62.205698329970936
2017-10-03,64.88988426199928,74.45012233703969,51.447226721456786,51.169810341627276,81.13213453954911,71.5694605889305,54.3773239042395,59.74320710051,69.514051630722,75.65301796722908,55.196987360972386,61.765554481403925
2017-10-04,65.53528236971148,74.82773084640593,51.08764752617512,50.80667393694771,81.17664265478743,71.1777066154128,54.49779768052924,59.9243530206322,69.1344439035217,76.20115456775316,55.095581963895526,61.58450616172443
2017-10-05,65.28089742030787,74.13478253086436,50.478238518272036,50.25047963787889,80.35029192644252,69.79403611622224,54.266706684386236,59.50544441797712,68.62733845198588,76.33640462662667,55.25217981874514,61.23371705013718
2017-10-06,65.15054935880711,74.76074131779184,51.32263474236291,50.21945941682342,80.11294463320682,68.99624875851583,54.00049865874239,59.09997996424661,68.84112053545414,74.92111061934096,55.51218044716484,61.04720407772476
2017-10-09,63.16739385835065,73.18342692229167,50.22840147190549,48.860574365407686,78.66431226644848,66.93330182118987,52.926491154980994,57.254841141357495,68.09176159062321,72.62190077879072,53.790959437660334,59.65038557475133
2017-10-10,63.76657560350449,73.63838205754458,50.869165014029825,49.609417943202985,79.43768974161432,68.08522200817504,54.36130264051443,57.72708224319457,67.92328951199427,73.79977201736081,54.50344125127374,60.405708553467555
2017-10-11,64.63996330825071,74.15820185617956,51.005850195195194,50.009724881060876,79.65439445569625,67.54650473027415,55.09269934380836,57.80127226619057,68.58969643794418,74.98824326602586,54.32903124539279,60.58392436662709
2017-10-12,65.0142364989191,75.1353732533445,51.62281269934357,50.66151357811266,80.72941020885625,67.69982447828168,56.315016181904696,59.116932263802525,69.47880445452162,75.40371405648253,54.97519469480135,61.286617739321514
2017-10-13,66.13480696385795,75.53360924169661,52.88703493514162,51.32865599362457,82.07444066143056,69.77250755738437,57.395117485730815,60.524156847522846,70.12501748008249,77.31713443745582,55.82961115150379,62.533907990764504
2017-10-16,66.14814510924302,75.71483530208937,52.74453894031643,51.064130059066,81.86674574278365,69.80395154018298,57.40846266197117,60.53546698059381,69.7093892928266,76.34898626906987,56.9943736121066,62.57296308449154
2017-10-17,64.61146736688777,73.9631707308463,51.641544412399334,49.59437448693219,80.39036034550925,70.19224954919805,56.35104268040628,59.54730033848607,69.02836425599337,74.1516804184496,56.470402585074616,61.46104000004464
2017-10-18,64.85758749363879,73.07015417696016,51.51418057754401,48.394234118658396,79.6208401273834,69.1176028607514,55.228316275299285,58.85204800747405,68.44637433485602,72.85253071305743,55.8564012678844,60.931694058394385
2017-10-19,62.92674542968379,72.73580619931913,51.12403756096477,47.78233820217921,78.84734564134193,68.87264726853871,55.110317365836096,57.55306204267635,68.21385035129896,72.4367045097922,55.08758083218011,60.21467252702284
2017-10-20,62.7569627438647,72.08658033991424,50.952172382767344,47.0984174158805,78.52268334395768,70.1326321776244,54.34300296594783,56.635552109405054,68.01345757004349,72.28344140158977,55.42877361284725,59.93397607831772
2017-10-23,63.163432762495155,72.35510694443835,51.519467975458824,46.71184406065035,78.29321402836139,70.0928593204534,54.55694611372805,57.31030838134649,68.58452954790661,72.79997405398628,55.16930260103889,60.00587296941744
2017-10-24,61.24601929360299,70.99898900741444,50.41730158320406,45.27375104909452,77.70718972398512,69.39641189377477,52.95884361103668,55.952399345452555,67.13861678498881,70.52140300213662,53.889277496106004,58.8187572579679
2017-10-25,61.2532575012407,72.12868070273196,50.24798386596244,45.77688188237561,78.2623472748321,70.0424708985059,53.23138016477468,56.85776945183998,67.01532155673674,71.7375060410638,53.88694444322423,59.04513029825107
2017-10-26,60.402227763659134,71.20929504197288,48.70830261072103,44.89324416948538,77.4064870108971,68.89181133785027,52.64347610034884,56.73422095317031,66.57652651338287,70.60135032183233,53.04480782268725,58.16971900234831
2017-10-27,61.32959995526939,70.9202744768053,48.624820336427824,45.41132021568421,77.39100337820899,70.69166394794456,53.01777807572186,57.07165286343364,66.4875242451318,72.37340957141943,53.95944453269376,58.36714618669595
2017-10-30,60.89829458711361,70.41646594808117,48.54545851917816,45.34777556652894,77.26774481546704,69.74321290386824,52.70128265499614,57.36016395452448,66.27924264550353,72.49576448459838,53.619298453999676,58.325895695470805
2017-10-31,60.04796110767139,69.88110177434888,48.52103067457215,45.0584795247348,77.11495339948084,68.99591216232655,52.336018319621246,57.04228791066485,65.69558882905204,71.24921786109843,52.901644795136306,58.164666567272015
2017-11-01,60.438694669730076,69.94838426987634,48.88171543750175,45.23720974404728,77.09211325564492,67.38480394495664,52.62535204390748,56.97558167179576,66.45104576165974,71.2160882414188,52.37793390244397,58.144926677220354
2017-11-02,60.73587832029644,69.6783411937338,48.36864695147638,45.18263141298943,76.22708362083547,66.9126928147873,52.319979867466536,56.70348255444817,66.18289974451054,70.4200059923305,51.817684582763576,57.851665435161124
2017-11-03,60.20106410788726,69.79246654303252,47.73536645587442,44.9256985094647,75.78171622290247,67.3708331294608,52.03298384979516,56.349940605530854,66.24798979748681,70.98720678228432,50.897740938210056,57.51749648375052
2017-11-06,58.140399754995656,68.91395979706631,47.08880296809292,43.7221308673901,74.26757032111279,65.84735123752829,51.39494544974086,55.95935798796698,65.31553194349068,70.12749184729462,49.478260073636804,56.56479019996051
2017-11-07,58.74111490847487,69.00556187484136,47.498270045127896,43.5799240205708,74.28779466528131,66.61862762692891,50.607062836277485,55.93532584181139,65.12205467052097,70.8718920403275,49.125945538565254,56.570345435453376
2017-11-08,59.9529916395585,70.29051400551522,48.3476916590154,44.14690864811253,75.45508623318797,67.50736583494172,51.75235551848486,57.48603693179531,65.76321361663284,71.55400326393062,50.291594419320205,57.64507206932713
2017-11-09,61.83303972412578,71.47968724175597,49.586732994410134,45.09810790574888,76.06065919891353,70.22840087024875,53.32406021054634,58.835289470256555,67.15806138320117,72.34392019690445,51.45537066609327,58.81863000759573
2017-11-10,62.799789889996724,72.47534997358571,50.869185973646225,45.845122921523966,76.80333056665167,71.32458403466221,54.72648259083257,60.00625284400619,68.2237739979595,73.28487103583963,52.02944449077046,59.62559187836229
2017-11-13,63.18870752297978,73.3262746034983,51.41479607409283,46.75815200274956,76.94851545340674,71.56012947029093,55.419594737549396,61.32886799559741,69.37250308223727,73.8072268176864,52.58145751558273,60.073418046914185
2017-11-14,62.53423669057152,73.31876578834455,50.99613385277571,46.915380304953146,76.36578338053911,72.61804394215629,54.78487229273541,60.20287260505456,69.76914598923423,72.8407760966248,52.227851502783885,59.68765939440066
2017-11-15,64.25692289607193,74.02867198295962,51.051067382129936,47.96485228175931,77.84919072537025,73.9566038838165,56.02201421385531,61.72386034605161,70.97330819906551,74.0906931984592,52.98187439549018,60.579296719687136
2017-11-16,64.89334421302185,73.22443556911486,51.536719634149655,48.304877379813526,78.18501904212515,74.5536516235811,56.6709081473533,61.43845083245812,70.86295496766014,74.80966437954562,52.56982980901756,60.56906565325184
2017-11-17,63.92012861161861,72.8634269311786,51.75303855269776,48.37596386455684,78.35889684374652,74.69490765193139,56.43738274712432,61.52050418969787,70.53774487651552,74.57928916859981,52.88046337269634,60.551053958251686
2017-11-20,63.328985963949236,72.86551103230823,51.6335693579403,49.25092988395435,78.06401246674888,75.21524084115617,56.03673471210957,61.20393761542409,70.99984813782741,74.11642712531005,52.70842300934141,60.39734703406001
2017-11-21,64.21527514299147,71.83496846779198,51.51245006341859,49.89763970720716,78.29175030237245,75.50463707879668,56.075390086430176,61.088620514990886,70.72759313445258,73.90264978617012,52.67385779883749,60.477295860906
2017-11-22,63.76740172404315,71.4052640332077,50.77171809261913,50.66939227915148,78.01686837908119,73.9829336102956,55.69556318193071,60.21617421787809,70.795244689184,73.98924722816997,52.27808886457039,60.23600787033977
2017-11-23,63.14355076832028,71.60888378752583,50.689818911871484,50.79281084732523,78.17128529742448,74.2688836749113,54.97349065014815,59.003873377623016,70.49946956521138,73.89037272162616,52.29931508304283,60.20904505883375
2017-11-24,62.39053442551862,70.74191857329497,50.017294452391134,50.3393192727096,77.29161081955588,73.84978246478168,53.540066389496296,59.269043438604974,69.62417134443304,73.50479082569551,51.66412252659973,59.57474842369079
2017-11-27,62.111839993690886,70.06912515757328,50.22245823558262,50.547824909181685,77.09725190748047,73.97958202574594,52.91611800082513,59.44317325881323,69.51119278120804,73.98046975981308,50.94328219280894,59.374020200823054
2017-11-28,63.749994284070645,72.26352608657537,51.094400657307226,51.98243602652782,78.1210419090889,75.87771305190797,54.07877878585814,60.877659961511476,70.01151202935695,75.26901664515326,51.925773502214135,60.76234356196103
2017-11-29,63.525936181890295,72.9035030635234,51.61726367348791,52.08963942227571,77.56302220729418,77.72970757765725,54.21476024460946,60.02631130196365,69.85710409524425,75.08092332192258,51.38373588688741,60.74383435119864
2017-11-30,63.25278447144179,72.68873295765675,51.49404573903973,51.58415301558678,78.1107226380207,76.83852981022595,53.92645620935621,60.205725097550285,70.14712823814722,74.76976006044099,50.02438629533583,60.6218214310286
2017-12-01,63.48217943518364,73.67845983680176,52.28093438232213,52.295510145787205,78.71995459702794,77.54435655460647,54.33599578128961,61.30669298536817,70.27592985799296,76.06311952222902,49.77510463433559,60.97116399860242
2017-12-04,64.18915581138029,74.78123327689873,52.331605139400125,52.805300106024156,78.80067752730616,78.51282781912057,55.254923611092146,62.025278371520855,70.9910590536144,76.47971929565087,51.1985678542633,61.43052211968973
2017-12-05,63.038483434028656,73.58912872267524,51.79947334105107,52.47370333100816,77.67726804261184,76.41023111733945,55.6297256937721,60.506262960987456,70.36183909793805,75.8193945168598,49.853024380378045,60.76529655302087
2017-12-06,62.79937053084598,74.75367868239569,52.16013696800883,52.28727913678163,77.31555454816372,75.09267414033664,55.83662355854947,60.16993622722929,70.43631462453794,75.52077175162395,49.70105053580921,60.66253399780478
2017-12-07,63.443716828003026,74.95380461540456,52.76658446892706,52.16907140891619,77.48284028047833,76.67356127737591,56.10053429813302,60.93909377471755,70.36091574074288,76.70535564867978,50.493848361899055,61.248059447182
2017-12-08,64.25520492967797,75.05605769828108,52.349703659852295,52.55656276644437,77.4088717388556,77.69767686207733,56.64702556645895,61.12659212478506,71.04301802803955,77.1708363858425,50.56774667949331,61.438941049148696
2017-12-11,64.55181554752856,74.66956205534073,52.29867589844845,53.120357068996945,76.91485190136774,78.0430834976254,56.75603178099903,61.754438367069994,70.20296525209832,76.53682773930119,50.58925379284778,61.53884117388023
2017-12-12,65.70518914694895,75.75274078512754,53.45884580715219,53.59063058145912,77.40488995235219,77.93009414552314,57.88776169346044,62.41015597804728,70.93585041160347,78.18673149450169,50.99889173919099,62.52714580868641
2017-12-13,65.47354611808906,74.73850229978427,52.47812324914697,52.80388316512419,77.10695454052365,77.07654277079203,57.83222034948141,61.680759938615005,70.91866626841731,78.02478866413513,50.33083499921619,62.12481602024445
2017-12-14,65.76086465226119,74.84024715280263,51.95998145521342,52.761239804002116,77.32721354613244,77.48487209496878,58.196582478796344,60.62790182406961,69.81612760594633,78.89006958130635,50.08050979738219,62.201280835885576
2017-12-15,65.9006139164905,75.06907650774531,51.745304740008734,52.37144256533415,76.32940065966544,77.72340266570363,57.422281666500716,60.828646213109174,68.91382230281003,78.9139509762428,49.324031044541364,61.89992351409701
2017-12-18,67.3108155738796,76.18038860988558,52.27236047825623,52.629851593976085,77.09512555773576,80.43891088669398,57.999314854238534,62.16099856017293,68.84019174073873,79.91001972995463,50.042405257575595,62.85427923059831
2017-12-19,66.66610402395943,74.83207356518204,51.36539420294355,52.16412242708587,75.75462899615454,79.11577010358619,56.87389366407562,60.65037752558236,68.06394908854925,77.93124129577498,49.26990389894665,61.642695225057444
2017-12-20,66.81042595864267,75.18232967300357,50.51469471960191,52.18372445902738,75.05304371730041,79.57567517122814,56.73241171340017,59.41891615720143,67.70449369564794,78.15245013010322,49.28981229062919,61.250797597813076
2017-12-21,66.42276215451933,74.46827387233488,49.507898773320214,51.646931115960285,74.69519134104097,80.91209792724464,57.17218785057155,59.491697321496495,67.36820873553836,78.63499091764315,49.711076504900944,60.94842841075376
2017-12-22,66.78369188104789,75.39637670720953,49.60311313796052,51.36296685585637,74.78724491836185,79.13651254180859,57.83853469928968,59.33163066264636,67.8741230789028,78.53285713692173,50.307054958962595,61.38022828911234
2017-12-25,67.70249528154073,75.69551724926009,50.51827767513606,51.89037523852278,75.36280127135375,80.8479984380597,58.129940848879315,59.19582729544871,69.05854953018559,78.92355765959027,51.98973786595593,61.779660604626905
2017-12-26,69.08136179902027,76.754213146784,51.01062135104036,53.533541440771145,76.3334057278824,81.83088600965586,58.88755945743469,59.286826933818695,69.16414088108489,80.20022872703639,52.84224545908916,62.67293653232283
2017-12-27,67.81823011432856,75.78586301033383,50.08370517876401,52.918755703952606,75.45206229720027,80.88686718663304,57.63435884490744,57.65004312222973,68.71673182490949,79.05676351602796,51.49265182978666,61.70351565909201
2017-12-28,67.7558004425851,76.38482558364365,50.61873740483664,53.86724711582113,75.60336982101296,81.93453737056892,57.68395686877661,57.7504789885495,69.02506417264799,79.84716163118685,51.30107924015091,62.1947313310391
2017-12-29,66.70684182680156,76.21803046406859,50.08838636274869,53.32777165794097,76.14815264227484,80.62004778079014,57.06329674433055,57.11910967185071,69.37942042438799,79.41938238688144,51.26364272395021,62.03556520011505
2018-01-01,66.39419231147342,75.45829297619362,50.12195002030397,53.03666594594537,76.54018441388821,79.09022002061754,56.4788701271394,57.19868610460056,68.21796979579779,78.56629478823713,51.27362968803219,61.64399383471563
2018-01-02,67.20490555317213,75.58647102486717,50.508603479556555,52.79354012304939,76.978110025631,80.15033418493185,56.88212083227645,57.87660183618558,67.7451904005163,79.75213055430326,51.97697948215168,62.00369671205408
2018-01-03,66.9036332465659,75.25018824989372,50.14634030609001,53.04631438677529,76.47666099891306,79.15304711460612,56.06303637858002,57.347796327910615,66.95342685293986,78.01645410583949,51.50254302752766,61.453270683292615
2018-01-04,64.73746094686781,73.90890234029322,48.306255100236015,52.02405813279562,75.83836553949853,78.01970280568183,54.80799613048667,55.80863985433192,65.73801628875272,77.06787361078439,50.953180073489854,60.191236021277014
2018-01-05,64.96482066858621,73.1807112326869,47.464514636637354,50.99880045973669,76.21932051224132,77.35434202738482,54.51816182455247,55.58711612632451,65.70346769366118,76.33966859154623,50.797100523254834,59.99052074673131
2018-01-08,63.636497270458925,71.96342568292047,45.65578909809103,49.42643564036026,75.29389924752415,78.24302343461824,53.56579278501713,54.13518081766844,64.96719104158764,75.4035835167813,49.84887050682873,59.10870293578693
2018-01-09,63.36827339986958,71.29510352516,45.25238502247959,49.25835320638075,75.66753287580788,77.44731139709103,53.06568004413814,53.933333046703304,63.92939662845826,74.58459596615704,49.460934094154815,58.74556085800135
2018-01-10,63.86312494118393,71.54234666017996,45.37427391608055,49.546170664231035,75.81293653566118,80.01287427612709,53.40813276893216,53.79916406191565,63.76876780920794,74.93916407293325,49.71245022150968,58.988870015013404
2018-01-11,63.77823374417364,71.85875665028524,45.79253706101568,49.63345698656218,76.39865946633087,79.59208952908374,53.62775804388087,53.802238383474744,63.244757281305695,74.77385177686685,50.1506908862553,59.197778345962845
2018-01-12,64.72924319575874,72.9215163355746,47.155712188208966,50.80192100703076,77.01877641736716,81.79633361336231,53.72236143763725,54.910370011539165,63.50468204409455,75.9812720746916,50.50775183202686,60.168105021619155
2018-01-15,63.68943223098565,72.54143697852258,46.962040369580336,51.48034205173606,76.96481201331004,82.90865299784184,53.720762384281116,54.44967185231936,63.35963569798568,74.97042106391754,49.9826559124184,60.07090312893527
2018-01-16,62.19209082852943,71.64096531325518,46.0378579694957,50.73322553106334,76.03932586798136,80.01462926215939,52.871781708564356,52.97564769082148,62.51450645086089,73.3363430632517,49.674526033406295,59.166373227878076
2018-01-17,60.90849495324914,70.60277666128957,45.797352774810705,49.62184205457641,75.69330634579863,78.3388061907663,52.257836114884135,52.96391420704134,62.723412477011685,72.79652089100064,49.14921593422273,58.73896040035991
2018-01-18,60.48147640720647,68.80674064556676,45.845439442031335,49.05780130545797,75.64007006780659,77.97281394819046,51.80825790728838,51.75515411431403,63.27538040537469,72.62268058619698,49.169133313094804,58.21796364446147
2018-01-19,59.6906784521365,68.1061542496744,44.9184398775279,47.90318147280968,74.720564851867,78.09495213767283,50.91432364644406,50.576803710211436,63.043644113010046,71.37530649126084,48.82062751509878,57.52646822795349
2018-01-22,60.40667811152171,67.69109423959898,45.363867427765776,47.87714463379062,74.84344881552822,80.00500329263338,51.22591619428749,50.394038575694566,62.595382877990026,72.81758913300538,49.19212296323486,57.801727446197624
2018-01-23,60.141302786405234,66.95296258737582,44.945781069098544,47.66013916849146,74.74958338649753,80.05311599689108,50.61003968305644,49.77790958962647,62.923300932964146,72.20152056589643,49.36850213250794,57.448760892035864
2018-01-24,58.53535381542716,65.34910620408075,43.80777790256817,46.5293757824827,73.62842572079177,79.33657343613964,49.74083963466683,48.65425940815208,63.04622533269797,71.46718026298221,48.29725753903987,56.32660164936097
2018-01-25,59.18462779022396,66.03561309437667,44.437799129339986,46.553001054163836,74.72832306151777,78.86129131973723,50.258844852855255,47.86379694908432,63.21761922143976,70.82778481281848,48.93952757219333,56.744609640046114
2018-01-26,58.984474389058825,65.50683580793127,44.12046569508751,46.50539869276914,74.15106427267483,78.39268576733765,49.77332915627809,47.64232539717316,63.326142819135065,70.18915634001026,49.235880520612476,56.70339893245373
2018-01-29,59.51365649957259,65.8575606405407,43.95206411993755,46.432574624217004,75.27881801847249,80.3157064719334,49.78171409128936,48.35735996882291,63.880080666606446,69.83218589013661,49.87439010374038,56.929838688334925
2018-01-30,59.75324762355388,65.75077732525341,44.233276204037615,46.6968024942781,75.10514451244255,79.9111434948307,50.082592326662066,48.870473734931146,63.99647539569209,69.23096232076254,49.564573867487894,57.013092793814415
2018-01-31,59.818161416885665,65.63038422715702,44.55475959795406,46.97446985990648,75.79965994301493,80.34799565375396,50.58561893756277,49.55926584135636,64.71638667519318,68.70902728454742,49.91003500296327,57.398689826062125
2018-02-01,59.88222603662264,65.03603511208097,44.49167194577569,47.155253587505676,76.44777148679087,78.61279501034394,50.67731244867926,49.5688732675396,64.95175368322406,68.49697419604219,50.579336916912524,57.44346185729468
2018-02-02,60.80005412637791,65.94835401691287,45.09043887165842,47.75681886801835,77.29008260102236,79.67022954423335,51.04391068401578,50.34994041177043,65.1519144963892,68.7502371370094,51.5685799003117,58.18198804836572
2018-02-05,61.0073081574886,66.38327811264453,45.48836465618553,48.28353732935368,76.9844444612225,78.47730439716045,51.096875411879815,50.3949603683299,65.10905674606448,69.94444830049916,52.4104956345875,58.454294257019676
2018-02-06,61.70038899010486,66.96403815765294,45.57406171918154,48.47476710670039,77.07516773683066,79.30391001481057,51.39739204518632,49.99419693251889,65.15016723008176,70.15275493929848,53.32647268424956,58.708482498458125
2018-02-07,62.76386535452348,68.00566058200612,46.06101036607623,48.72181192177378,77.3293944352633,81.32639423742307,51.7518712427085,50.37722500461601,65.02398013274708,70.57736701134209,53.33094483265983,58.97430837949646
2018-02-08,61.582848152574954,67.30753558067578,45.43421063257359,47.712449526409806,76.8301396697932,80.31382267682096,50.938252385588214,49.995976154838196,65.02480284108184,68.4809400532601,52.532011565174294,58.13187789674865
2018-02-09,61.35355605861044,67.365134838519,45.863484018896564,47.69343478102442,77.14400313523777,80.41301277295025,50.61056933468412,50.03806920862929,65.0945910917263,69.25265389684469,53.102081972803774,58.058483668259264
2018-02-12,60.251140119827696,67.19598077209538,46.17151183356151,46.931417082467114,77.46577388916863,79.81391299353947,50.41989871807452,49.90337040068323,64.92240001106583,70.00473251056329,53.22543194636974,57.92977734896919
2018-02-13,60.379318836071775,67.39256065217839,46.58873769075799,48.01053268309387,78.16034821806916,80.67623591297728,50.40805287614305,50.36689760713173,65.3207788012345,69.49703828085595,52.99024491395746,58.0739471695896
2018-02-14,59.2830788601484,66.49148629438237,45.79031811536953,47.027964916208525,77.11532591404597,78.24198896717844,49.31316119587647,49.749961194073805,64.86000575587431,68.08288747655233,52.459552151750955,57.301707430173984
2018-02-15,59.55461869777322,67.07903367193938,46.70529700833352,47.973874957835875,78.34279918291121,79.3864486742201,49.89748339429299,51.09581819740948,65.8638014827792,68.61355926333907,53.575003367329565,58.26822416588108
2018-02-16,59.78236224484026,68.01256417463367,46.559138593603,47.88026352814812,77.73720204665929,81.84087760875285,49.73154498319237,51.010453596882655,66.55860786025796,69.50085035683577,53.435324412236426,58.35265273874142
2018-02-19,59.22460133742167,66.54021650719551,46.916705472487294,47.05155503050763,77.19876023249554,79.30385564973434,48.62810108747997,49.64826891667944,66.18239984571778,68.02094014289032,52.61415669561148,57.663384912591496
2018-02-20,57.786666036874564,65.70249872592024,45.915697939387236,46.282315877727,75.94367011795569,77.14630290043758,47.87240377644251,48.91198349315247,65.31621927169222,66.45609253852474,52.09492100645045,56.6930752797757
2018-02-21,57.48460026893911,65.75667061991636,45.965983427751056,45.97196156391746,75.14993089145803,75.52854686897246,47.974399366577394,49.10935395963229,64.73959993990039,65.42680237268735,52.27828188268491,56.554841459362656
2018-02-22,57.07522692766338,65.7973482766607,46.397779280255094,45.79441267187745,75.47017872994591,76.75304765836678,48.213149518021744,48.788911356110205,65.41293655208709,65.5410303216436,51.78690775494107,56.52616714760256
2018-02-23,56.93672477699246,65.02244697142491,45.54023260331137,44.95493108231187,75.12393748665654,75.91807547623709,47.621805301624356,48.50738391336444,65.30683691392973,65.61222203906595,51.03380508601896,56.13936546337129
2018-02-26,56.433851880030694,65.02312463923485,45.311361229772515,44.70742963743525,75.56037698178257,74.79187390527613,47.47321365773206,48.843227802937456,65.09922945590758,65.14450393801118,50.984235707231285,56.21376390566145
2018-02-27,55.92665668379636,64.50441562460995,44.84632934200354,43.998235453445176,74.66644912928722,73.03675653021979,47.23202237866362,47.49909637136109,64.82864702923253,65.42027731088743,50.674807980521265,55.87279263711492
2018-02-28,57.07477278877165,64.39939895494264,44.80273136744808,44.89658202820972,74.5023760350209,74.66618793435946,47.40794651092342,48.69655468814231,64.5748513624481,65.82695344972863,50.96899871497186,56.20562786523941
2018-03-01,56.650961253785105,64.00704587850775,44.00376288614631,44.08486492268226,74.13165275124614,74.74780717892978,46.95904702265413,48.61370464637032,64.8490043650007,64.97019146623231,50.25606098330627,55.81747912215156
2018-03-02,56.844214091907574,63.84717894149679,43.81916823954269,43.72516530633417,73.8863877982076,75.57215961566064,46.87137842626067,48.53818940221077,64.95730561965503,65.2641284726786,50.397011081633394,55.81796917742289
2018-03-05,57.46634553864601,64.18559283723506,44.75178761638789,44.30241429443076,74.40624559966852,76.47044865711968,46.937847210389656,48.654588686420084,65.1628549748236,66.51843370636534,50.103387353100295,56.39080649628377
2018-03-06,58.74698631979539,65.90062475230954,46.338195314068756,46.11875862045384,75.44814704592328,79.82937025925287,48.6656540531233,49.47411633522577,65.49922195323819,68.70776984506239,51.14178878308757,57.874832713983025
2018-03-07,58.08368505692023,64.91695219724744,45.81686961079867,45.00790998421887,74.84217156926255,80.31919042879085,47.71487969797351,50.20305670482949,65.9858142234387,68.43123430141512,50.63158148050808,57.310016979761016
2018-03-08,57.97028300465571,64.86269875376199,45.58765103388256,44.25638547879203,74.20700106688992,80.64833392465395,47.0290657542659,49.838821739869516,65.86432776368999,68.93093479860939,50.405162765655945,57.0644451125514
2018-03-09,57.03083853794455,64.17018417988267,44.578837830622895,43.88463617716236,74.29393885365573,78.18319284672496,46.84668090783334,49.66048069493425,64.6546413099119,68.45489681247581,49.93427314518166,56.604053575439714
2018-03-12,57.71939014059127,64.7969760526224,45.22648980164114,44.41254491759565,74.57700719818847,76.94733323173675,46.95987386389219,49.860973652813634,64.70553927461003,69.11362394519374,50.518788283272244,57.0739867575897
2018-03-13,57.48470187183684,64.21080453134364,44.77811401358888,43.36349762999514,73.59576220881583,74.44786897162973,46.693892002557234,49.121898299860845,64.2813900535502,69.48511709203655,50.002566849608165,56.43618906997365
2018-03-14,57.62342343859627,64.0640426121709,44.16793910018022,42.54635729829069,73.63183923972181,74.33700628915446,46.56320255675202,49.12389245224528,64.16783939553494,69.15045775672854,49.63800052629586,56.183070800867426
2018-03-15,57.00711670214306,63.67462303913719,44.22954942758021,42.23889837241993,73.81509329022693,72.89197120916154,46.67159169246803,48.77283340784068,63.72512643033381,68.68550180699336,50.29868314646502,56.188603288624016
2018-03-16,56.01024759964548,62.85152231018629,43.67109423081817,42.01431708943043,73.44136131020178,71.03843886303586,46.0773922861205,48.23322085047914,63.83072458601672,67.43067776795334,49.758788342435714,55.656647402314704
2018-03-19,54.796901179724586,62.01819594781271,43.02301304513727,41.55020024468792,73.08220768996307,70.30260130127944,45.208518209891594,47.66503548146594,63.72055541703693,66.60390617429545,50.35116513792123,55.14170630819946
2018-03-20,54.93524061120766,61.85358773677654,42.47168154827535,41.57070302345174,72.72984329064957,69.130202369525,44.660807713459135,47.607304729894636,63.56879964944534,65.31022897950402,49.425863805840955,54.89924807575456
2018-03-21,53.86390724927873,61.051233407380444,41.22816983209046,40.54043211997099,71.70070765061458,66.24912315146048,43.66928747584746,46.830099716368196,62.56929560892085,63.64309788622812,48.71221448052584,53.758791831827764
2018-03-22,53.25702135791685,60.7291774315162,40.25080753336907,39.86603842592025,70.24745373109134,65.98301439038165,42.960287505033854,46.03341644329085,61.380920649510394,62.262448963489824,47.48124437267157,52.99691010574349
2018-03-23,52.710670500983845,60.34202896215205,40.20572460014205,39.87477373418956,69.52921124193902,66.13070007636966,42.4639548321745,46.333830264136836,61.06511021599116,61.96487645314118,46.62692032744631,52.79731489682305
2018-03-26,52.40752996891593,60.46962595209088,40.39307044829853,39.92207502633152,69.18761849251635,66.98630723960756,42.25493118320184,46.258483469793205,61.0353164760833,61.3512127879322,46.343110684754954,52.89714668805183
2018-03-27,52.354853718431926,59.776596998020715,40.411856252883204,39.92175401090807,69.22081793993279,67.69989699916394,41.961638003492624,46.04364719860047,60.525119434873645,61.21092007343157,45.157760342849336,52.819099102344694
2018-03-28,51.3471755525893,58.05233677552752,39.532501435272025,38.84014948203929,68.85748453975093,67.58857961230919,41.139093658058925,45.18583642127303,60.03796369437112,60.294015507568375,44.13470249161282,51.895657594636354
2018-03-29,50.79878536725298,57.52271089061398,39.20529989514028,38.46910453028809,68.60988873182531,67.21572362380762,41.0568702294983,44.88190481051782,60.17619483275287,60.471179817109025,43.90051833536806,51.67366348620964
2018-03-30,51.35020033460709,57.69217574322227,40.18076651665411,38.97506354921009,68.8952770412122,67.7382383643612,41.66641122324507,45.56461294836422,60.26519682815188,61.42610651680748,43.91954645566633,52.110012456109914
2018-04-02,51.9419858998286,57.42014094201204,39.881319601242545,39.16930617241271,69.55286878889973,66.65083855894049,41.84664506448432,44.866157491534025,60.29815812557713,62.542110805845994,44.02472003795786,52.42264247057412
2018-04-03,52.008592187813164,56.755631838913146,40.213096956369384,38.926048747029654,69.40886416608735,66.40946465781572,42.19714264033358,44.234859757074744,60.26280263948721,62.387406805134304,44.16885180164261,52.401837053867105
2018-04-04,51.131073645494716,56.530399335034154,39.91448732581567,38.732826322117496,69.25135978519083,65.20344419504094,41.98694015172566,43.07858549955033,60.58133085056219,61.2122317128865,43.53895883169477,51.95395738599829
2018-04-05,50.788090447311895,56.56607818828478,40.234822801201574,39.189762982167665,69.70556451584446,66.64205528167585,42.6802469236407,43.86176374952345,61.32395128230992,61.9585295114516,44.18197378018658,52.3051083864388
2018-04-06,50.38741791663567,55.7030476781304,39.81752777433516,38.93829770989181,68.99679278828317,66.80501602250423,42.19580773353349,43.874418525500424,60.498084609030066,61.881957011167046,43.65889747194328,52.02066116303337
2018-04-09,49.792911801054665,55.972628102753454,39.219488638230935,38.200704787592734,68.59530931045981,67.20232744443456,41.817615470230194,43.08849617388763,59.91947194750528,61.05699497182212,43.806667344020106,51.42824515179053
2018-04-10,49.27082312085664,55.66288058720013,38.51052554845157,38.11767401648846,68.32338920619918,67.55753697145704,41.743400967841005,42.85067458872691,60.59312863092878,61.07747558146591,43.442159424818506,51.03284156401481
2018-04-11,49.982024422115146,56.25631721211889,38.760326771755174,39.49013376775438,68.59706206230638,69.83848381552598,41.97864592108683,42.97412361090902,60.95451046043849,62.860027028830125,43.64375819327185,51.79806747939589
2018-04-12,49.90084869770993,56.615790721240714,38.833865524862844,39.35907002281983,68.35884064927691,70.54810412684172,42.3373780291309,42.99433022630566,61.686041494402986,63.198819305365184,44.01983536988806,51.93357286003234
2018-04-13,50.84949943652679,56.921324304903685,38.8768402488186,39.442776696853485,68.46026567716245,71.70006859081882,43.00761204828193,44.05270610838181,62.27250483681733,63.63023244237237,44.66349861931512,52.56097910461506
2018-04-16,50.57980450458638,57.26872923734311,38.91497774006552,39.00455771459747,68.73356885253108,70.9519770372987,43.040490462012635,44.05549754379137,62.590306349307134,63.50430856215057,43.9018935369985,52.327901094469695
2018-04-17,51.20410712312323,57.18823744956195,39.67360797949156,39.16670992681823,69.90089442211516,71.76990887769293,43.552729491490986,45.254689906986705,62.777005692752105,63.55497946522712,45.06357347779743,52.84346079526808
2018-04-18,50.53390035011434,56.436646512116596,38.37279076223602,38.53244934597609,69.89139757868966,70.36781336205993,43.58756874643151,44.799660344943476,62.60040504253762,64.30659495542889,44.6310577832099,52.54406213787226
2018-04-19,50.25552095446798,56.324008561735674,37.85973556963537,38.130533614864326,70.38690253606227,70.62785177907972,43.4181279171988,45.136522940763456,62.75522626241117,63.595461195309035,44.785471200469416,52.481540308358056
2018-04-20,51.791789786121164,57.26483846309668,39.036056750961045,39.486388371779505,71.07697748697153,72.70115672658433,44.495841301117,46.43647297130553,63.614099061078434,64.43330104542918,46.98396247385522,53.81755660753622
2018-04-23,51.92334817054516,58.160255301536964,39.453340999769594,40.10705360744172,71.95403010968771,71.43912292366814,45.09002709902425,46.96452078219771,63.86292517526642,65.43194279090795,47.11895339026314,54.25503720158329
2018-04-24,51.20057187795983,57.33645383934304,39.26514787848215,40.33604068367045,72.44793678773448,68.46441553404318,45.05920620820089,46.81623935769399,64.24739676754385,65.07282102466812,46.608059794941866,54.00250728368522
2018-04-25,51.06494911094702,57.04252843029677,39.35954738471892,40.53714272923031,73.01339171483339,67.7547828387668,44.665931468269754,47.06956141650028,64.15295232880302,64.3852435574405,46.764406234040976,53.977770346524835
2018-04-26,51.71440595456404,57.29783995275556,39.73835092633253,40.557259028943534,72.84500536775404,67.62363842410268,45.17599354239062,47.74030930961011,64.79216466428677,65.09643980564348,46.02389396025381,54.17667024828589
2018-04-27,52.540210363108095,58.10477542706779,40.56401431062642,41.47188093616994,73.83828935071001,68.36442275328972,46.12739964320504,48.425104948850354,64.98851577887035,66.42688699401475,47.05043329821186,54.85913870041854
2018-04-30,52.806045721555584,58.23715206983229,40.89112627979967,41.05836194984339,73.57902787443624,69.15835558063405,46.1880742881707,48.32523358866098,64.6872293764164,65.27355199467095,46.487799479755225,54.610452746722196
2018-05-01,51.72459054521814,57.5037530866304,40.08243870687394,40.13496469539889,73.1560336476962,67.14480973217375,45.11123338276556,47.37650622508485,64.35320641959966,64.68138221704294,46.20374881672885,53.6736638785258
2018-05-02,51.47761727059037,58.17120623670726,40.222475890018785,39.66176041451275,72.80621312982912,65.80265523976813,45.339613731665615,47.35591079959959,64.45710217988683,65.09089060184307,46.56032188842179,53.5436824122999
2018-05-03,51.02184024106592,58.014851135311865,39.74453935574518,40.04908851862444,72.83781080546956,66.16785868232469,45.511043960881,47.09140595823503,64.84846851391904,66.13419642861173,46.156795141569695,53.57323296871339
2018-05-04,50.91427923034831,58.142063424672976,39.76382710463216,40.418373571087216,72.7012325142266,67.15512007159982,45.844676159202066,47.53325887072494,64.90490309967697,66.48979904147845,45.72743160918196,53.6536391240239
2018-05-07,52.22896765888658,59.119170232384974,40.0124815466575,40.90617819119388,73.52136987148099,69.71252784125909,46.51982305367977,48.50704331709191,65.36872458027581,67.68856029232543,46.864063870463966,54.38696711378223
2018-05-08,52.571353663696364,59.17062657134726,40.58929127961766,40.97295641999438,73.6562617973864,69.05869138664433,46.581685621716275,48.82226669732299,65.29482019218737,67.96449705424259,46.56521321914136,54.58214731524633
2018-05-09,53.36610525415709,59.48191307534122,41.69689428004525,41.38256202560925,74.47940115997676,69.52391401143747,46.8216375982028,49.28097173823443,64.95647371473423,68.8737522101234,46.9991135738267,55.051022060585645
2018-05-10,52.978562615522065,58.75522818640445,41.34443166481889,40.92989517078843,74.27002678887315,68.22224921171546,46.09571336704179,48.45162973885028,64.39576314040359,69.24846065771956,46.658922671781525,54.46190139509943
2018-05-11,53.5405965133084,58.9619708209388,41.36287227488705,41.61536488516147,74.86721372327416,70.32449734191843,46.81272850096518,48.58940595953377,65.11839918166667,70.21124854763015,47.44898317672856,54.959925538137966
2018-05-14,54.79842594759411,59.61006087615473,42.34169229214927,42.65992073465239,75.90168005085091,72.77743794311893,47.700823414677565,49.32684586011397,65.8494897434907,71.14633925749386,48.54498621170297,56.14292339128577
2018-05-15,55.36831129186432,59.804077294703795,42.73974452659077,43.184040738501174,76.19160359244694,73.49809871025609,47.95140742026318,49.47407838636078,66.21549803956923,71.60903475175822,48.64358732495816,56.60256656050876
2018-05-16,55.82264744651292,59.35900747951833,42.93897525630412,42.83419338188935,76.34063489694034,74.44819577644061,48.20396327052371,49.987469985099374,66.81881414826954,72.97319678276098,49.13871062881777,56.76968149715462
2018-05-17,56.13372793110847,59.58515596539071,43.378741608341514,42.82573579049019,76.72581827992347,74.25045205789223,48.23033183598246,50.262674952820085,66.50006316422021,72.34451310757393,49.437892896275,56.88031881955767
2018-05-18,57.522405188766804,59.907817899930514,44.59993462422386,43.145080364958076,77.69488615153978,75.67165774700872,48.60331130092771,50.73280906012455,67.30398051575155,73.12490502660725,50.85226921991841,57.92745853070775
2018-05-21,57.00104054440319,60.21417997072908,43.23745226705284,43.2753902168871,77.35741147737389,74.80478408583124,47.93048239791429,49.859266694929744,66.72850218208212,72.17483072118374,49.941656528673626,57.40910709020643
2018-05-22,56.65858748709108,60.80491176111592,43.638268313476686,43.688556779486206,77.30758960358418,74.22238303742341,47.786932935749824,50.337095455327486,67.15348150343871,72.93325604252169,50.55731423255554,57.367601389980706
2018-05-23,56.89296244868388,61.471702191960944,43.71726562052304,44.1705341693963,77.53239620832277,74.40206431407155,48.52185581715452,51.2671114321202,66.72208491205801,72.72133987604225,51.05294320030793,57.65646343715595
2018-05-24,57.04743099484509,61.78701115052577,43.9195672648111,44.935044590971735,77.67274007230807,75.435624853664,49.14106093851283,52.05136487696965,66.85541758190722,72.9652610119154,51.34903963128442,58.111698791115174
2018-05-25,57.19048743388654,61.3325973116261,44.17744180215983,45.40071302571644,76.73952449280354,75.2928618594382,48.625001961786275,52.674344244709246,66.48606709635112,72.69093231793856,51.40291956130534,57.87861128110404
2018-05-28,56.59635941814397,61.969881214531185,44.2559268218116,45.89764590712669,77.13550751467454,77.06850372713502,48.485321974271976,52.60546425044686,66.46413269282193,73.2562890565976,51.55963898684459,58.08085847479456
2018-05-29,56.36341227294649,61.89704019151927,43.665178804944944,45.2104250872325,77.2328924168529,77.70563587218709,48.222556587055884,52.65218460188097,66.13643564321683,73.49418879443816,50.64334736786559,57.94121119142828
2018-05-30,57.40913791081215,62.18238456355252,43.298814572109826,45.215667324229976,76.93875756369863,77.75614967559807,48.375017062701694,52.49651014410519,66.9444199094096,72.90428787195947,50.458757885077866,58.034557975513046
2018-05-31,57.22068702834531,61.83491157807294,43.26156708321065,44.354532570574,77.63154665709064,75.38152060598622,48.09537605381246,53.34921638925443,66.80805248053635,72.16127874803178,50.559177305268356,57.98032281304467
2018-06-01,56.04878738222556,61.64759753648463,42.99606924699319,43.50683377381317,76.61721745122563,72.87053121488873,47.635731006525575,52.886644123034024,66.3272919216603,70.62785322399849,50.09358788542186,57.33619868790072
2018-06-04,56.06257190109801,61.33044698171687,43.48355929039329,43.09902464568284,77.01128309176055,72.37571442405508,47.23711174621577,53.08188894854432,65.7357706510673,71.32359433295625,50.20294921800149,57.346749721702
2018-06-05,57.167935349401866,61.835672916602306,43.879830889595404,43.54610382307716,77.57260784054945,72.78418898368282,47.812263672744024,53.78683232793799,65.52283998938314,71.74365828986828,50.374562024420776,57.876500744326506
2018-06-06,56.49876408575639,60.65487117751227,43.243060148775506,43.197841077050356,77.22522863618865,70.6762978186919,47.66818652706748,52.965169711381634,64.86950005754825,71.29021319887303,49.447604389328774,57.33536687318701
2018-06-07,56.61575687763785,60.282963767466256,43.66308003032575,42.785568711234966,77.5656231884985,70.12497362209442,46.78857074851494,52.838957577473735,64.30194388430185,71.17610792429122,49.16571180376036,57.21879541333021
2018-06-08,57.126040056416,60.818441850694605,43.858932965498894,43.034911690055075,78.28373528573505,70.800424134723,47.14577543302791,52.34057864305657,64.74268974859493,70.73324342644841,49.6092850758259,57.62488742611289
2018-06-11,56.3051732051774,60.09151076264392,43.808964693545875,42.60326877691655,77.76616609062388,69.29494770477433,46.68025173231787,51.58016920753865,64.1287381700674,69.14667100379496,49.024670976377635,57.02637222023558
2018-06-12,57.688110858758066,60.01928601903393,43.98989363607257,42.65384837845629,77.46721006468348,69.32159682171635,46.92336135531042,51.32588440011745,64.01805261937402,68.636997139827,49.279469846104085,57.15397710011019
2018-06-13,57.043171456381934,59.7733604891354,43.5388506041908,42.08295516750413,76.47579200010304,68.34973833979173,46.42118862228547,51.073703715216666,63.58889441142863,69.15836730221407,48.468436612546526,56.565961047710545
2018-06-14,57.61613170591586,60.32884785449506,44.044522215640534,41.88229229436937,77.13838510389579,68.65298199555055,47.00688347638623,52.28245057713201,63.63565403478583,69.63696255113618,48.833991933999414,57.235296217316154
2018-06-15,59.000504444510995,61.99612583502749,45.3347250143578,42.875835666616695,78.94052593567118,69.78950412755268,48.314100702695036,53.77506013461171,63.960641130924,71.33786353889177,49.801534774954725,58.59222339640412
2018-06-18,60.57534548313473,62.13168702181806,46.24919655107703,44.14810586413396,80.35681073593732,71.37842645652017,49.450889127790056,54.601111346374594,64.41442304029061,72.00251656450594,50.76705325240988,59.80972543283269
2018-06-19,60.630480302163214,62.23810695827584,45.90552451047334,44.13281782817306,80.25079479691547,71.44224818577042,49.37976306850218,54.05360962545497,64.41890322851724,73.45839154100271,50.41390077657235,59.70133177780862
2018-06-20,61.51230206516431,62.83217656457632,46.263605638928006,44.02753524841884,80.7954703226971,71.09609844389038,50.28120104997781,54.85140527155586,64.64245899035859,74.0121023583017,50.80262596188161,60.17042492421585
2018-06-21,61.69656766675274,62.28982047219064,46.1123545107863,44.009067305556364,81.15995186670301,69.27663640344089,50.685111559140815,54.85942441396612,64.35135493950804,73.1512348481993,50.690925500578466,60.26768246569747
2018-06-22,61.19549271198177,61.83808267887293,46.284182980426344,44.160081457606275,81.93778603212543,68.48331168523828,51.05033531224085,54.85893268412298,65.01665274180012,72.94885926080418,51.327924266532406,60.35362153486894
2018-06-25,62.55653344412837,62.999836953927655,47.15564776385785,44.63757678211915,82.47843953970448,70.2209673876488,51.75191378545021,55.393390651910636,65.72376463177777,74.14464515925224,51.883082712923134,61.319083345067625
2018-06-26,61.504562275105826,61.866987679105975,46.35266257613519,44.19297661524633,82.08895147132412,67.59649883089627,50.86441090616761,54.73657598742333,65.51480998891512,73.95729349666627,50.77081862106647,60.52811285519072
2018-06-27,62.17277347551774,62.18014251256185,46.86100293923892,44.47607518061421,82.79404237341559,69.28321277222553,51.80969184211364,55.51131200048113,66.5161382900439,74.43934399661836,51.535135767078664,61.195931337443255
2018-06-28,61.53685787929013,62.38823243875458,46.764896287157185,44.34978093418272,82.47454230860735,68.69988308442468,51.47309648123657,55.87410209368806,66.12641367830199,74.84868848082243,52.236994292696615,61.190007189723886
2018-06-29,62.33481829918919,63.01184377318116,48.15452152423528,45.04742671098358,82.83725642296605,69.9794224640319,52.61935994041369,56.39572163825943,67.03310274862085,75.96302890826648,52.967407389227716,62.08298848056331
2018-07-02,62.194488234625446,63.302121062787165,48.26743483560556,45.913509237929,83.49011595232363,69.41543507952551,52.319693978408424,56.55078976081946,67.2093388459396,76.25205469192693,52.56011090270229,62.224783566089116
2018-07-03,61.73210504050724,62.59317281274816,47.686191876578405,45.4545761770806,83.28417488746572,69.37803154410712,52.63040223692703,55.56549159303176,67.08164444163387,75.58112461469139,52.538278898882254,61.82759835290441
2018-07-04,61.34665850137093,62.85895198426502,47.74438977374322,45.414573386298166,83.3707849517811,69.64905370290579,53.21317638106279,55.8846810588928,66.56345919010683,76.03278611353996,52.25278024326351,62.024836913685
2018-07-05,61.92924460251143,63.68257202403168,48.402347103158135,46.05784792949907,83.83811107816732,70.60203194440165,53.49290147987329,56.39600373464315,66.50808908592384,77.24311022335654,52.652135648622114,62.509540947238506
2018-07-06,62.04636397260052,63.83239348452822,48.36081865483839,45.9231774665717,84.29510172264627,68.80794273466246,53.38712566019783,56.31108317180223,66.52647866024488,77.29348842009898,52.57170361194557,62.55687875686168
2018-07-09,61.95407779152079,63.220881576232024,48.591036012393666,46.26022972843467,84.62828224401467,69.86214040827969,53.035163335739355,57.058041638725264,66.69088246829192,77.43122561474699,52.34506874577045,62.889417916303984
2018-07-10,61.34940148997076,63.19696394777937,48.21488363933504,45.202725277789156,85.0458277955965,67.8597797500175,52.735639801837095,56.22415649274546,67.13107391920782,78.90835413355478,52.42722081086131,62.58370200697042
2018-07-11,59.5051853768002,62.064966833625846,47.094021280042604,44.19647418291875,83.7698428771734,65.79990035861712,51.89355467621611,55.620823728763966,66.18555542772087,77.95021482573816,51.40892910708564,61.26251607934356
2018-07-12,60.53678806487554,62.19107973669832,47.735716062690585,44.66076178394672,83.95714041174672,66.95688067452569,52.62695029174007,56.40469842586241,66.61855748606307,79.00831972018952,51.84926612244246,61.842562474349094
2018-07-13,60.00404951091316,63.10725253707877,48.29412120659177,44.59691598884717,84.3179903396965,67.34265048570359,52.974572208259374,57.14717773807133,66.75409179967399,78.55691125957604,52.369995404052794,62.302899533829425
2018-07-16,60.00126436358436,62.49727636516411,47.79169335283082,45.140625966483846,84.02584084740758,67.89691572073936,53.74578357416677,57.41913000134261,66.28139129903818,79.40066767727512,51.95630274289789,62.420672145980774
2018-07-17,59.39535066904603,63.26882665526463,47.45560460319821,45.104880960861806,83.93980163344044,68.09302522645937,53.99129152642128,57.209718494480946,66.17005165993093,78.42304460228002,51.87919263711197,62.48848215982673
2018-07-18,59.96765384998635,63.57951003791585,47.09444582942315,45.58968098593075,85.05030952492562,69.01711345653628,54.770951152288916,57.677162529686484,66.59454540970134,79.92802372394388,52.60444817681211,63.16596384801293
2018-07-19,60.03866506953239,63.95836680593793,47.14134077302548,44.90523003044255,85.54927858208205,67.88673572921515,54.418302068465685,57.865578758197714,67.13638939038576,79.86825330801798,52.67282797424006,62.900011305213866
2018-07-20,59.321562101979616,63.553403553455134,47.16125947118673,43.99548134754248,85.44917407951186,68.19528982662591,54.20904771538115,57.463225608688475,67.38666598261024,79.09600477148759,51.4864892575608,62.47704844291938
2018-07-23,59.2852903851389,62.920372132744376,47.532738843356924,43.71983135636411,85.45271721645244,69.03846489781037,54.98458516809285,57.54138591959095,67.09957104890067,78.54724009523837,51.59593631642886,62.38310928625902
2018-07-24,59.791827418881695,63.598820426121684,48.250700852214116,43.82857243243048,85.75205919744671,69.53117903730612,55.88442095957312,58.20458666417241,67.17863543929819,79.48920145555358,51.80658217133834,63.155524376673256
2018-07-25,59.67084039359784,62.97532368365274,47.90520130886815,43.29572634956037,84.56490282628924,67.53186622906968,54.48204870347876,57.74617701224187,66.65618126091128,78.31528989500805,50.14823368135332,62.29762235157502
2018-07-26,60.90944771409945,63.83224741044451,48.5648474236128,44.1874501021767,85.4063486806713,68.67503885151531,55.29829934406557,58.85771167028656,66.871087401161,78.02871071312332,51.131428263162704,63.07069489042786
2018-07-27,60.971347481115444,63.907341441953605,48.17210391089189,43.657381318536586,85.14461215643179,67.44773162660448,55.57511203465209,57.915040083687956,67.64383496522896,78.32172825310076,51.26629676399458,62.68935447380449
2018-07-30,59.6697938156597,62.94487420865965,47.008033362112236,42.578587856626896,84.30636049650445,66.65992273155682,55.3243903646561,58.138711884096516,67.58598126373583,76.62213046314952,50.24245746528785,62.018727189730505
2018-07-31,60.122722393623796,63.818574585159915,47.427780954076546,43.082577440178056,84.83711094390334,68.3808638761196,55.94783154496963,59.47680021191905,68.04257762312538,77.36813971573183,51.264576458590625,62.83098986702264
2018-08-01,60.542021354457,64.06032392333624,47.1735935767892,42.69786172759618,85.47240340488027,68.88565365275997,56.031292150391685,59.85431099323571,67.78964043005699,77.02423028221173,51.25309567149179,62.794564545225704
2018-08-02,59.58529603114248,63.23730166804654,46.80102281806492,42.117040161412625,85.19435104734089,69.12982762708647,54.74485150785704,59.20466459951934,66.86545371256486,77.18623343149115,50.901012202893945,61.99655205585505
2018-08-03,59.267694769791945,62.671271344866064,47.20388201019531,42.00781926250229,85.04118564493257,69.23678389998777,54.7644102038523,59.00615751576338,66.70137704765227,75.99595033118078,51.52281546138484,61.79699358758091
2018-08-06,60.08083128604949,62.79498766205344,47.55720351473468,42.33439711482462,85.68181726416873,69.05401366064889,55.0609681023817,60.06584289525936,66.00574526729682,77.25678764408023,52.5767604524913,62.40142700533078
2018-08-07,60.425379559633406,63.73120628200194,48.359311270869334,42.951397072795196,86.92552618944184,69.26036841771361,55.63456784047517,62.11498834038275,66.29314776709289,78.37073303600917,53.33058670960117,63.17594128062265
2018-08-08,60.48701832250358,63.817089440616556,48.23204535902543,43.085284732947194,86.86464822182936,69.3758817452049,55.20310961834044,61.8432323821041,65.95854657562269,76.22766998060881,52.596985613184124,62.92905445991303
2018-08-09,60.81677419338438,63.706979780038495,48.18863081442682,43.851672271583205,87.2248388096655,71.44309036470167,55.235301389043414,61.665889314458454,66.72734008343029,75.6248454249521,52.526572241091806,63.21174144510488
2018-08-10,61.559516837048754,63.56129810548862,47.97216018644328,44.05038508996582,86.96760286512577,71.71255285042818,56.26720922312337,62.20427061296322,66.2850413611,75.67537178363894,52.80092202868193,63.69177912003511
2018-08-13,60.85135788664844,63.70370592329929,47.35202661815293,43.97044759163296,85.88699052246064,70.27617634091783,56.39605176927988,61.859953304634985,66.42152803983579,74.62033042632297,52.186515415999956,63.30323385760271
2018-08-14,61.35560992945008,63.27629402351599,47.04388487760763,44.08102600725636,85.286365514904,71.8515181674954,56.54401728549915,62.6229885226773,66.42305143575211,75.00443337057733,52.55800435866218,63.554880207530495
2018-08-15,61.07099442958408,63.32174110492541,46.925141425604096,43.721035119607706,84.32594621863157,71.6912007328022,56.58188235421658,62.0759353336237,66.73420767658095,75.35686211115546,52.8225193915181,63.5596802671913
2018-08-16,61.13300007381369,62.710442328893436,46.59416739022599,43.88147445425297,84.04799801208883,71.86539527255673,56.851091030453524,61.561747756801225,66.24310962655183,75.68873328109223,53.354364135387634,63.241513674892715
2018-08-17,61.3004035632393,61.755031910739596,46.27533966803575,43.769831300267995,83.94053535346603,72.44024312291272,56.46631322828763,61.13965924327379,66.23555277703737,74.93408223403584,53.61134043095374,62.95290726199425
2018-08-20,61.77308137810705,61.83790691181391,46.263021247041905,43.85872595555808,83.6333656198077,71.54855405625854,56.3796456169314,61.705708301942586,66.60747437520439,75.32440517799017,53.096502222909635,63.02042233285945
2018-08-21,62.05352284536527,61.77924504855217,46.458342120073716,43.999805251936756,83.85911647232284,71.22351368014579,56.13173264962386,62.31466213595984,67.66369633613958,75.22074582180566,54.233020146917866,63.06439295847744
2018-08-22,61.9574931414123,62.03686665573483,45.837438397480064,43.66567173911739,83.75904638770335,70.20186107680316,56.33765880562073,62.08329118731998,67.1286287062404,75.19823555123727,53.92554859200678,62.72997650844353
2018-08-23,60.52798962012831,62.693521706939336,45.92876084058074,43.11080280932054,83.5160780673757,70.31228142912762,56.152516722010205,62.36242242050546,66.92686646642166,74.90693659500276,53.515690304452356,62.48556184141126
2018-08-24,61.69647491914459,63.216748930351294,45.95195103691061,44.25379589202939,83.52979149184216,71.84605244046374,56.873244420653165,63.24640143554898,67.30675791493762,75.63015970368674,53.37679018241184,63.21153222077246
2018-08-27,61.770178318393775,63.73823182937246,46.09762991520841,44.67265910563815,84.277152304577,71.54896318828422,56.88653891380494,63.508749636375065,67.15427855417255,75.58330898810556,53.580072601207995,63.37284807264889
2018-08-28,62.482514233495266,64.6383429890461,46.715938365206846,45.22816970671,85.37316450223916,72.82226192683883,57.153823079155565,63.08241299306063,67.45495126878984,76.50047644534656,55.133583582738865,63.96333967273162
2018-08-29,63.268506430555846,65.09089602922703,47.09770967090156,46.19664960565318,85.82168861925038,72.16047621771216,58.27211376757793,63.550190600379445,67.92552759771773,77.38338814188604,55.85721793449876,64.76352456392497
2018-08-30,63.12935518842426,65.06458215007356,46.862437218952415,46.96944580094098,87.01542358811786,72.98880168735174,58.40296309294354,63.47779506764013,68.01636926991344,77.17411268949205,56.489798381687805,65.17359408768102
2018-08-31,64.59423027242609,66.9865050890152,48.33187612216116,48.143521327361235,88.35480089017163,75.3055854329444,59.7129173974669,65.35490539009781,68.17008498164243,77.36425284388757,58.07632970190597,66.69117478400143
2018-09-03,64.31080833287484,66.3585051459138,47.63418187622322,47.90550313249814,87.55307296575137,74.53882826980234,58.58045406793937,64.85490559155024,67.97796276222566,77.48326758005632,58.10602449172564,66.16288348656015
2018-09-04,65.58459519512323,66.80643182239201,48.37175659490053,48.24576821423938,87.8614239986037,73.83487013729946,58.73768840820367,64.95778211005107,67.69172342218282,78.53512393693258,58.27977111044097,66.72823396041488
2018-09-05,65.09999426210385,66.50142871556332,48.48419988483943,48.31177154656711,86.88281863215875,73.43635625012693,58.370760676994294,64.8063688075808,67.54666107202914,78.29205296109708,57.72126573887406,66.54074334108533
2018-09-06,66.13256893375352,67.50218522276649,49.53524938415258,49.266985189718696,87.81070149182887,74.03668950306724,59.421886373560476,66.13220999164396,68.66676060214,80.32396560870029,59.19983239930119,67.81176220383982
2018-09-07,68.14197369042454,68.22890776143606,50.521475402845496,51.15353045037312,88.10643679688783,76.94753927844363,60.01834225658039,67.63081149981332,68.7906129427306,81.48510298823312,60.776059423683414,69.00088558913772
2018-09-10,66.22366551975875,67.40579489135064,49.76417646400683,49.866122605652805,87.50571692296451,74.81925705074791,58.5177579414226,65.93439495467443,68.00074115852173,80.06473258653067,59.215629365016895,67.66918423466743
2018-09-11,66.47226810377738,67.375991325569,49.35714857234578,49.50965077659436,87.11604663423901,73.72163366131487,57.86364797815666,64.91730277538765,67.72783492926516,79.1448456137153,58.84246406346738,67.0352303247766
2018-09-12,67.04831897058641,67.60077004762682,49.400088660654944,50.073252365613364,86.91080145296254,74.18851240540064,57.388634975494114,66.05252614498681,67.9686634539914,80.459363591929,59.78406917914991,67.51067569663671
2018-09-13,67.29297227117102,67.47224271892797,49.92527532602948,50.414122478703185,87.6363840654561,75.40258053785206,58.11740484270598,66.54922412142895,68.08347823248856,82.23865786541681,60.504373433682744,68.07492577645529
2018-09-14,68.3678663194992,67.91836797676342,50.57055662063785,51.21051895795904,87.32664193609425,76.13193289863858,58.516987719523215,67.66148325978125,68.37908111319297,82.6471744741688,60.79795415259729,68.60731900025662
2018-09-17,69.15597624256328,67.24271331770092,50.616910616770625,51.145461528865376,87.37972059120756,76.58126802990128,58.01443813471483,67.20283965160574,68.64576761671564,82.19728097338404,61.863543532446045,68.58554098074873
2018-09-18,68.87578926730032,67.23424270133468,50.96685826542943,51.26533555497287,87.87530500321039,76.05523102937934,58.23256485148166,67.47626301152815,68.40793641954697,83.27468411875596,62.95850815399088,68.9273721491545
2018-09-19,70.18351901909737,68.12804273279485,51.30670128421829,51.6632782610887,88.30602228252714,77.7320909007755,58.83300562687926,67.8479613685944,68.59708879913501,84.39051277466871,63.771078536258074,69.40839303748099
2018-09-20,70.02648520353296,69.07284782948474,51.225343937707514,51.33283977112868,87.78561104083296,77.1408646896155,58.802257397383094,67.33581864430677,68.87711270613195,84.81408820749388,63.67957635227515,69.38145958074028
2018-09-21,71.624611464749,69.84250849805743,51.48499323907069,52.4177080945246,88.35216675413925,78.84321189037897,59.50888112587622,68.51963726681576,69.03081932831483,84.58759900207131,63.73653228878473,70.12738353708156
2018-09-24,69.60401515556447,68.02302425777214,49.592300613383024,51.30212156404402,86.98761238643652,76.91274355624229,58.044309539792785,66.14834461241637,67.67381361566927,83.19331629581758,62.01339773125605,68.5581594674445
2018-09-25,69.39745842020348,68.72393749879893,50.387627850345574,52.069134563442596,87.39939292256092,78.55950633219948,58.70346581412785,66.77984710826077,68.23769271063635,83.81063296007157,62.48803882480543,69.02331722992982
2018-09-26,68.84975794017193,67.14619230005206,49.55261643443393,50.92281118805657,87.48597325260636,77.48235497835708,57.56557136193297,64.97255004763659,68.14620649727546,82.9011549257195,61.33521221739194,68.33132773947169
2018-09-27,70.09921654793712,67.404204775911,50.196582287191724,51.602137447475016,88.80617805628162,76.8725112409676,57.99181214895709,66.05119900845817,68.916657697863,83.92796965622371,62.52649787512403,69.01869917771462
2018-09-28,70.9746208995459,67.91476215329392,49.50658705506443,51.17484231517556,89.4046556095198,75.48781231916377,58.0010912878486,65.95009689390628,68.835954664627,83.69220503217207,61.76002596177164,68.88700480807502
2018-10-01,71.13478473367488,67.71378262041861,49.06598301293642,50.69034446247655,88.62372930696509,74.43405365211746,57.45989008671906,65.91316523884396,68.23790999007811,83.36661218915376,62.06583984998636,68.2972419240672
2018-10-02,71.82952406298988,67.34366243187658,48.9831757562783,51.40737358060663,88.5315246087924,76.09607124546707,57.3466048795272,67.24525526405593,69.02101431394532,83.662144350244,62.140247607751334,68.58172759071101
2018-10-03,70.99664188318042,66.11462512290133,49.57044506637225,50.97351900247141,88.0373256814619,74.82188164675657,56.68866694827221,66.26123141322155,69.20590977566654,82.85215064075777,61.16992278403042,67.97899345141974
2018-10-04,70.03303936957704,65.95100047833978,48.67630503878845,50.37582286357094,87.728219628038,74.03094158517104,55.89377183222513,65.6410498934678,69.20475548139363,83.4126154946708,60.46944098581012,67.38057367415227
2018-10-05,68.66077230814626,65.04473243090969,47.448471438728106,49.89632060933587,85.94206438793091,73.81890185080105,54.94913300506427,63.90023781201325,68.40767290124995,82.30311422911056,59.75747449455279,66.34291170233504
2018-10-08,68.28641270190788,64.78679914502297,47.780342262611285,50.27118547303824,85.68533499206976,73.2347970986438,54.3967898323733,63.70054290248134,68.45918734635293,82.74235654438064,60.30019928496871,66.35137948144279
2018-10-09,68.59173829694004,65.22900588373419,48.47434391796492,51.272177874542,86.76116963462113,73.9493065823145,54.177369941703354,64.12294339070473,68.29481554068927,83.77716915098249,60.09699607504893,66.70996461772415
2018-10-10,68.23787106966617,65.56489530330268,48.29085606522745,51.16835516564826,86.82380772715204,75.1177360916967,54.33405494471519,64.91016865780117,68.26106361968284,83.89544725828938,61.11059281275183,67.42429212611154
2018-10-11,68.25232136677886,64.6944347747233,48.31409415586876,51.22023705499965,86.4443018977756,74.38330957520033,54.2225386769725,65.23912746381232,68.2584766623982,83.70783864575732,60.821185696165315,67.3547333711036
2018-10-12,69.10958239335243,65.60207387788144,49.2301774771514,51.690434467680234,86.75370769733611,75.53073090096802,55.68719991163601,66.28671650330314,68.80087857942195,83.89860462096554,60.843276755534625,68.09282089767437
2018-10-15,70.39523498368264,65.34464437518207,48.797413069635276,51.36894705925239,87.00109732710794,76.55869346833742,56.05005566754176,66.83616748493326,69.05483672983195,83.83572453325772,60.2963710071337,68.13216867538875
2018-10-16,70.73252402404536,64.8804979435968,49.005577621063416,51.367506968836594,86.94339779225152,77.49872568358425,56.42854735269536,66.46309208520178,69.0759259641045,82.997634909335,60.87696679730048,68.09514333085995
2018-10-17,71.0108977227374,64.65595098473852,49.14708546501959,51.26699789871634,87.15192334767352,77.67852187502463,56.80959679550622,67.00132455139315,70.16644596089931,84.04360176587785,60.58103515290646,68.51582127073165
2018-10-18,72.20360079535511,65.34249874589922,49.39114082429648,51.03974531451738,87.11332625982014,81.59993903088636,58.04599568355702,67.29985022289844,70.17544937679179,84.84812737167708,60.96699699368947,69.27390922226179
2018-10-19,71.34898326073153,64.8206712056736,49.075474794770784,50.498907207134295,87.20996946271809,81.6142511075471,57.97108198757734,66.99936388259432,70.61606833962763,83.77901703526825,60.79230827774628,69.06300408284787
2018-10-22,70.89330569106474,64.93791380218774,48.776456790888275,50.26574443838019,87.0952833667481,81.0598857729581,57.85708756730724,65.46700821249658,70.36198705744904,83.96995756516114,61.43043895941219,68.92073009429878
2018-10-23,69.88730713934444,64.73859590764569,48.18576550057639,50.89042777978467,86.7349277745217,80.12029951456327,58.155354108923405,65.33752740774025,70.71364362537263,83.20460595800007,60.2509146534335,68.8363571440176
2018-10-24,70.69288358699919,65.22203792185425,49.05212946703321,50.67105448752294,86.81642486293411,79.15384961640405,57.79695397728584,65.46181063009233,70.36694506769675,82.31820080600303,60.40362074224471,68.92109881487526
2018-10-25,70.28922636799739,64.5599465555824,48.38224372446263,49.703885561085144,86.67268068973002,79.11504332435595,56.467104901067586,64.61690471277285,70.97044514921113,82.0087633331154,59.93639866666792,68.32297144760369
2018-10-26,70.59741455990695,64.86297371444876,48.697011903034216,49.56226907365125,86.6346463719459,77.10909325615363,56.71890850374982,65.19253554715819,72.0099163962925,82.80428830378398,59.77238735118402,69.05800039801582
2018-10-29,70.28359688266623,63.83876099922819,48.79334485684736,49.20959938122253,85.75312805466777,76.56301214104529,56.971482948292476,64.09593282133417,71.16723731866364,82.06373685011971,59.316738439073404,68.80670355888442
2018-10-30,71.16611252169915,63.65109639106807,49.038078589115244,49.39308510655373,85.59414457379211,75.6026862875737,57.59355836358668,64.14444205417304,71.93139279414282,82.91322661658343,59.46432103042283,69.15471529646116
2018-10-31,70.77312475450458,63.48735989174501,49.07010825662379,48.984903574246886,84.77689191854464,74.66114529766286,57.15074003375543,63.30262739860041,71.70084656714596,82.67988266584084,59.24518198872566,68.60679169282949
2018-11-01,71.2984647951379,64.8974189356555,49.18548878129075,48.66217648108776,83.69564462634696,74.93335714632472,57.31341970353824,63.695644472507816,72.256891544179,83.09412546032652,59.33093166993822,68.8821264804693
2018-11-02,71.2421184286529,64.60506052967176,49.548397656234236,48.61163258656036,83.67796015507378,73.99413547161636,57.52034790157279,64.22810420659249,72.43338487119678,84.11170721824648,59.32619724161021,69.1813306002395
2018-11-05,70.62397231831214,63.95113441874977,49.35134169088515,47.55034485824496,83.93876106256178,72.6488284930716,57.40644347220536,63.74817374612337,72.22578553977638,84.05871275683768,59.18337291526924,68.9154498225099
2018-11-06,72.36826943945454,65.19290605517428,50.57892718516758,48.73331334442548,84.93240647886729,75.60587872063923,58.40859362544171,65.14266965526396,72.45034529106917,86.42289345733933,61.00559914221143,70.34651196375941
2018-11-07,73.18549113728736,65.59430130638272,50.72739392536363,48.373751808073976,85.5966005622014,75.38265183593849,58.94199053527939,65.6214687334409,72.41478358710334,86.98914256651776,60.58851966099109,70.63750429829516
2018-11-08,74.31750937131207,66.31365453995276,51.74250964072632,48.374558817087745,85.37440718222477,76.97753557027482,59.771956553975656,66.5057568817435,73.13977752303273,88.60067267736585,61.77128512945319,71.93063581038723
2018-11-09,74.61194055130429,66.89044126501071,52.97926940775124,49.34552682437245,85.88455166798998,77.53532642238248,60.91639145023784,67.76007886705688,72.80839058582475,87.31361544937741,62.298001411503556,72.65454839597723
2018-11-12,74.6765614722077,65.83609047744639,52.31240724218853,49.1642612073129,86.13526997554007,77.73211587486313,60.36265157247078,68.34589761463144,72.12826275105598,86.61620232505192,61.8490244140298,72.1984029992619
2018-11-13,73.91028493776322,65.49682870325101,51.876452405711085,49.086090513582555,86.62493050628362,78.5872270657792,59.78529914696191,68.28988378508265,72.00235609659669,87.74215548054435,62.097843366927094,71.9489390610811
2018-11-14,74.88101732929053,66.11054261876352,52.015102050619625,49.47332390473769,86.67678345371773,79.92047135974776,59.98784680906585,68.40748441305394,72.39526613040066,87.70354659305454,62.08511064250097,72.29374147832712
2018-11-15,75.10628463376807,66.82159195777011,52.28501106492127,49.13035183076101,86.37342224836436,80.5342769516267,59.707174312733336,68.60417615362282,72.24399638826593,87.69996899968562,61.36155721179186,72.36700298458332
2018-11-16,75.65406955194256,66.77900700624079,52.482754584798194,49.56633454546019,86.59147916021237,81.15132243710829,59.709213505902206,69.28510187039228,72.90222867558056,87.46572487802435,61.296398079380346,72.43179655252818
2018-11-19,76.36409221914941,66.50607312269015,52.687380393260376,49.01836228394106,85.91990505633093,79.59645675298684,58.87965376119276,69.76891797791662,72.58330418997558,85.99777964620404,60.463038039487174,72.25159715118157
2018-11-20,75.17473534834615,65.66360848870106,51.06351911417795,48.70826014890736,84.76634195693367,79.19068411397902,57.53969746051012,67.69787406569503,72.15398437821608,85.13398824414764,60.153524339996835,70.96328593489471
2018-11-21,75.42878876818305,65.9917652709247,51.03955214720794,48.67322787746494,83.94851890415335,78.37847771562231,57.43938707030524,67.73120931513944,72.66458422112755,86.33910037268234,60.7267502657503,70.83020691812241
2018-11-22,73.05617866003149,64.93863651882202,49.669918768663514,46.75230681931682,82.78530090508201,75.34982176043421,56.17853087937619,65.72875411581292,71.45075593271801,85.9297714832171,58.76664597782817,69.2747941642001
2018-11-23,73.06404116572331,64.83937055974125,49.78708134453307,47.26961334911803,83.0105835490344,75.30079137199598,56.29299403662641,65.8151054880864,72.12592267687474,86.0867670233198,59.01169689793328,69.56189761823175
2018-11-26,72.82011967836162,64.58043310335142,49.4391259287479,47.58572003438395,83.31925983834977,73.84192687893687,56.27251018647169,65.45548024243614,71.8028116568884,84.96564071948059,57.761576092993174,69.08044934317874
2018-11-27,73.03524315228279,64.57584452372349,48.30877881144357,47.1085081633982,83.10070061873405,73.58022104316889,55.26108674873499,65.23601384359837,71.17544808308448,84.10626965348455,57.25010919071091,68.60974224715028
2018-11-28,73.59903939422769,64.16558181519875,48.29447724448738,47.37739300484108,82.72617174834441,74.0583011872209,55.068885952474155,64.97382393304709,71.8128442073946,84.34543889169306,56.900766910992814,68.48531511100543
2018-11-29,75.05840403668758,63.7777872208517,48.50899821331554,47.46018132849385,82.85679778399455,75.5178262678677,55.087793593658354,64.78716076393216,72.66634081001816,84.31171418078512,57.98929499482918,68.70070857151414
2018-11-30,74.02042845862543,63.19851072663486,47.19381221921694,46.45621500778324,81.56204640292688,74.09753895848593,54.22608288184403,63.69491592497249,71.98300318853764,83.86492140119312,57.36296774702031,67.73639518315923
2018-12-03,72.66973024092374,62.39648535663383,46.21296777395026,44.61684092551818,80.66285962862197,71.93759775443795,53.103021691880535,61.99702326792716,71.78483366869412,82.84809681631762,56.42897860082991,66.56947199001002
2018-12-04,72.32314858497583,62.20431763733193,46.18792695343093,44.4910642670325,80.03314443953529,70.73066839674753,52.939202139685804,62.113144609138736,71.82318123559396,81.29498939333493,56.34093484020374,65.88060386364303
2018-12-05,70.66554960953458,61.15063090881686,44.969654757378024,43.29700145624536,79.15344948119986,67.88752578117435,51.754436127282986,60.007869467505635,71.03241740529789,79.14852117502289,54.94931952154608,64.55101115202136
2018-12-06,69.88650057896952,60.39702928236274,44.67449552978152,42.94453856229952,79.04518218355543,66.42626279561142,50.920829495988585,59.667088931531964,71.63201437378672,79.0835019904391,54.71856741560145,63.947581670985834
2018-12-07,70.71097298392395,61.05473539726478,45.43162041405177,43.37670296208078,79.09143764287117,69.41396009040355,52.60845484311625,60.800101913940075,72.24596581391346,80.75521084043368,55.33940687251131,64.99833118991504
2018-12-10,70.37416223327205,60.108456323479274,44.6078771020575,42.555946506922496,78.69512347938733,67.8133789753664,52.019310175697996,60.1229367599221,71.5668954544029,80.0762706054673,54.45918422797459,64.33193192247947
2018-12-11,70.42604291838023,60.087379098328284,44.64575614911711,43.24509911734157,79.3443582246986,67.92535552877007,52.35820325549353,60.11302159137518,71.87198647913499,81.5346844617598,55.74071550841763,64.77983479149805
2018-12-12,69.599678650033,59.17014718736605,43.81186262021576,42.439759263207925,78.1718316544391,67.33740492220873,51.86002530438253,59.00648479367649,71.31258659101844,80.57943982401663,53.62273734051875,63.90997414964149
2018-12-13,69.19935529691288,59.14279383887317,44.39931890318746,42.46656999768416,79.09516505469807,67.78788086334531,51.857009991049196,59.080849194860285,71.27671579472528,80.63602754017971,54.084478213346465,64.12801409261746
2018-12-14,69.51116565538848,59.394122115447324,44.51515034441677,41.9129025232581,78.6621096913908,68.1844871822545,51.61590820617749,58.66007756487813,71.0632479236546,80.43060215487357,53.57499141164285,63.94680188666069
2018-12-17,69.0101866310742,58.90756623249506,44.25766984450084,41.95875808707794,79.6298479288157,67.34817478287876,51.868392944420016,58.54198678471987,70.49631838360028,80.7972261388836,53.980349498829824,63.93362687491685
2018-12-18,69.91094289777679,59.17752835121145,44.88932578168425,42.49090721535952,80.26246381729702,66.85917455816217,51.83366640508174,58.98775775639962,71.01583372994085,79.71203412008863,53.97223910032325,64.32551217708897
2018-12-19,70.60714695830063,59.85012697416885,45.769077717717146,43.216484066459834,81.59881609061554,69.40948288257496,52.71331935035414,59.966341291619095,71.15503240132087,81.04373728147922,55.06659659613623,65.48967928606469
2018-12-20,70.59473877840354,60.508812789455455,45.644589413254764,43.26152429515315,81.83529443235177,68.94318380148329,53.14509186486313,60.322881004109085,71.74595179366243,81.32102204097923,54.56872425257748,65.64418783823604
2018-12-21,71.31633553704746,60.67360404354968,45.866648640254084,42.9333311343665,82.34026999080248,68.94157052574599,53.8176283619352,60.76594281613234,72.13683887131103,80.88731306865326,55.16249901574898,65.75251688422709
2018-12-24,70.15761201208177,60.026745855473294,45.045139648317914,42.91328429776098,81.4057805439872,68.30334352129528,53.225099830718506,59.8915177100517,71.61332051635962,79.68862914979962,54.26442664753225,65.13353590390223
2018-12-25,70.70779551561853,60.634321416479644,44.829183498164625,43.01156149646388,81.40648831652923,67.12571675900489,53.549530432931526,60.637571163426074,71.71373390981319,80.93669133376731,53.95104736093004,65.54233589100951
2018-12-26,70.31520192264195,60.53312243700748,45.14471550707206,42.847275109699076,80.48979004649387,66.74107306217701,53.77485427575832,60.525602997451536,71.36707017907804,80.49638210235663,52.3548421650266,65.40578822820551
2018-12-27,69.91130794191126,60.78547892086801,44.971661451955626,43.81559607533326,81.16979173403523,66.83085749994707,53.79921505290742,60.855230998611496,71.73608889477887,80.91350540773547,52.017862245162995,65.98022556177185
2018-12-28,70.06812813450306,61.34884400659758,45.140323702739025,43.727579854028235,80.87637719738768,67.23384269486893,53.55874886790305,61.06747097472578,72.52380675843243,81.54104279131492,52.320423317705455,65.97734260746752
2018-12-31,71.7349404297193,62.53867277519514,45.54517333501617,44.105552941237775,82.12674683474373,68.35999391740624,54.346514749760324,62.785115731857275,73.40799223143898,81.9740873692437,52.73138837713675,67.16117417329596
2019-01-01,69.57967357903435,62.15567893324119,44.497639609197456,42.792076030922175,81.32863054411075,64.7023164470481,52.48186485106228,61.28062911087484,72.45028195781634,82.28749393984113,51.04275538689609,65.84554759464145
2019-01-02,69.65986381213837,62.45015188410888,44.28782414008789,42.53804043560641,80.64108024368701,65.11667765292593,51.39110457425983,60.261926623656315,73.14556160317444,81.61789037350829,50.89879458271742,65.6748354297731
2019-01-03,70.03035713582842,63.2271215202857,44.603730271320046,43.55638179556419,81.4133139621268,63.62901898321657,51.778953293073016,61.22895268420044,73.36524250303741,81.84826502471986,51.30900749670807,66.28438493565503
2019-01-04,69.30185589132061,63.09172756232707,43.70211115687,43.462894531560416,81.35383753329845,63.0025279661333,51.87990708101974,61.476465530048884,73.10525315988698,80.67065776621882,51.180444569470694,66.0763964862205
2019-01-07,68.71144308605301,62.23723186688145,43.27422183434641,42.99960599541923,81.0352631892561,61.81397246676159,51.64996014394014,60.44680042678002,73.78094979409943,79.7546368429428,50.628271816144235,65.57503993514003
2019-01-08,68.21751220500624,62.37446267534958,43.13782323921271,43.14711841456926,81.10349844713222,61.10699294897818,51.91184293027993,60.23218722827384,74.01528263091384,78.98423633801006,51.2812093250587,65.42533217029013
2019-01-09,68.25199755608385,61.66798752847219,42.16719306848248,42.89361493107609,80.38040603431517,60.06094080751135,50.262561443675324,59.544482405305324,74.0319067882313,77.78627117290954,50.03513531866314,64.54133458534284
2019-01-10,67.6526950396264,61.994480763472005,42.212720579691684,42.71618206094418,80.46868561370421,60.87512653179651,50.29707733135,58.58357004455124,74.40356811690857,77.19247948447168,49.815307893397005,64.64432749915596
2019-01-11,69.95418306336659,63.29034360596606,43.729001771957904,44.399164019436824,82.20485787640499,61.96522096734844,52.08277198516916,60.53554987693681,75.69659371309238,77.32034216057157,50.99883744175919,66.2600716540873
2019-01-14,71.40499927863404,63.64083427218803,44.08377237407059,45.28837222835716,82.42948491985454,62.31349957722024,52.48062595705926,61.65687404185035,76.53619836304149,78.86130813346458,51.86013396937425,67.05106173594775
2019-01-15,69.55172495973798,62.638334547800866,43.611140512879096,44.871608985849804,81.3512148894499,62.06332178805146,51.43032797955461,61.299225129203094,76.46668764754277,78.63603829731865,51.91274176550679,66.3281885482963
2019-01-16,68.05547778753242,62.44732255737438,42.804117555966585,43.62298359310448,80.59409404383601,61.8007390542669,51.055784044895645,61.41795632197207,77.1705845885061,78.50822980439007,51.455689394217174,65.77065864710141
2019-01-17,68.0432902860046,62.73944296503422,42.734683998792136,43.494240571746815,80.82259161767162,62.058143676617604,50.84449234845266,60.67761160703393,76.49302370714311,78.6195230846476,51.596670822743086,65.5284616506131
2019-01-18,68.650278206052,63.169696365931024,43.44557641518551,44.47194696389805,81.24376337541473,63.064680995798575,51.62317113716275,61.807864502863616,75.85478823919047,79.71734034679615,52.334240581891066,66.2178465180509
2019-01-21,68.22129207089228,62.90850035322371,43.846286406141374,43.967455321710254,81.61332174316117,62.221323750806626,51.16513373213793,62.32572924436144,75.42410109378103,78.72861025443201,53.21344762987663,65.69585220139432
2019-01-22,68.25610504108774,63.08523421982565,43.80155260310236,44.398400559137876,79.99462058450212,61.28943814935695,51.177504267711804,60.81003683601188,74.49790412593565,80.16390504626051,52.53863616514604,65.26488390343242
2019-01-23,68.82204276825054,63.23755804345974,44.40195098430938,44.890210101640164,80.19054886925751,61.550873063621125,51.91142601050521,61.255801902679295,74.9779894328792,80.41300746334039,53.66164058513386,65.87277809803138
2019-01-24,69.0467192559349,63.575171601136525,45.32384925979263,45.005296697192506,80.48480969450415,62.90449280448013,52.50511473903728,62.18711196471263,74.83635583494912,80.24086578234633,54.15189047801046,66.47299136340895
2019-01-25,67.48412146834652,62.93003625877509,44.80107417497035,45.02525295299225,80.41844583912399,63.827957315634464,52.18084713699154,61.61074961036489,74.74148421143211,81.36480033705242,54.064335410385475,66.24891940257976
2019-01-28,66.74698743787725,62.79600570596043,44.58910392219661,44.55477117319186,80.39345526249716,64.59491846394016,51.77503979676875,60.015506394315175,74.824398690315,80.35273050627427,53.753571484885676,65.52884857789387
2019-01-29,65.15957215401586,62.069555805665274,43.61680888242951,44.04879507103078,79.52220702394871,62.49289249342797,50.689233764122065,59.144021938160186,73.99152354870833,79.35512522989411,53.4592362452454,64.53129412107344
2019-01-30,64.81322969574919,61.52268723599468,43.07170991408812,43.62966753173311,78.77005656291519,61.755198460860385,50.60908322673432,58.77825986737605,73.41357143888202,78.25476087595554,52.77217098014596,64.10226859731024
2019-01-31,63.2814474792036,59.713653453805804,42.320034777371916,42.94606102209438,77.97255374681097,60.07702388365711,49.729422388408004,57.01911664354353,72.90214166440941,76.62457918256882,51.47785119993461,62.6865832795544
2019-02-01,63.26326763222967,60.03429544296082,42.77146056461289,43.14989565505078,78.98592671696304,60.477677540456135,50.446003606167366,57.61350704490068,72.91216997698733,77.44936850494192,51.48693776837293,63.18521113366143
2019-02-04,63.59589241711004,60.089543076224736,42.89202846462521,42.89031698310134,77.6604778882264,59.113272880369706,49.712863979291924,57.62448182732264,72.66349086232373,77.27114998477742,49.97402315616665,62.80905142659028
2019-02-05,64.46715522650243,60.23062244672689,42.677820193646276,42.73497983901879,78.1526928658115,61.12198997434536,50.12737712911544,58.38390927079984,72.83568799529951,76.84462684583406,51.14108879762189,63.138661367205096
2019-02-06,66.28181759024004,61.03935386670619,43.69882804985745,43.41273147762932,79.2463751061272,63.69069187250083,51.29468478381093,59.79349185599049,73.0605388714673,78.58347335040783,52.23279055137628,64.35267704112243
2019-02-07,66.679743252911,61.9023400287311,44.13209408291344,44.082806582936946,79.54223660005624,64.44234263287771,52.25189263188662,60.02712888626361,73.99786196170356,78.90130701077906,52.86657942572749,65.13903527610033
2019-02-08,65.64281669985552,60.81919658334408,43.46494589243004,43.287196165574755,78.77164734275183,63.14785493173347,51.10114071240503,59.13553200636185,73.07548791455375,77.1408532895321,51.86592878938852,64.40911830507753
2019-02-11,66.0957916001574,61.29693694123062,43.29558463510069,43.58789033438358,79.35561307148016,63.78952239931842,51.42062835731458,58.701205106588695,73.87123768200607,78.31972475308608,52.24758434718727,64.99897905008328
2019-02-12,66.83353144611934,62.139499369152404,44.18968517966127,44.117252909950864,79.98928360167756,63.66185967955562,52.071850315960155,58.99558217040081,74.55751504013138,79.3406282733878,53.06273165031952,65.78331700460566
2019-02-13,65.7758769970256,61.44435380489261,43.88757430593244,43.83385749936468,79.51819156448178,62.79040215744606,52.10303684040633,58.59284029504352,73.80425779385328,78.71504583500224,53.206701195660486,65.31456211119858
2019-02-14,65.28764375711677,60.629005863555896,43.09129041081366,43.61863556616438,78.5730972917659,62.684387360569104,51.37715809040383,58.227946580148206,73.2977840418775,77.59920652487378,52.81332552379057,64.71291673184561
2019-02-15,65.34849768005412,60.671325618695384,42.615202902189786,43.83168325392563,78.65004321047105,63.93995050659371,51.61279925336707,58.15762398167003,73.67898258338228,78.04590211703218,52.82567857442294,64.66705048091774
2019-02-18,64.3411450925587,59.806558226772246,41.55908719118229,43.373436251678,77.58101158272194,63.428605268131186,50.759137864533784,57.13015742727532,72.93788608313193,76.83310393917426,51.456208951519265,63.6489321277726
2019-02-19,65.25197983981472,60.47723075844882,42.71084302029512,44.193947795822545,78.38231030207443,65.61545531490331,52.20575060759823,57.226782206806035,74.55476419913417,77.39251664077395,51.996504052109024,64.61769690138487
2019-02-20,64.0566052373241,59.31486276864967,41.49936027938144,42.791850853453795,76.93469316540009,62.78759426723016,50.9344940633863,55.155672001591014,73.15060001447748,76.18406642990247,50.68819743502342,63.076761085351244
2019-02-21,63.35756189317029,58.8404416160123,40.87487445860179,41.73871316320436,76.47380122295829,59.27823635923508,49.82083485531979,54.007788444998795,73.27608424159288,75.6690303615,49.29565098887269,62.39813431131401
2019-02-22,61.996594808273954,58.36937960043704,40.908202864819515,41.51068906077976,76.64680955100232,60.137596959286945,49.60256544317109,53.612701380033855,72.46657896175913,74.77272310216804,48.948593278371,62.253362148947346
2019-02-25,61.59655318760695,58.01798039083131,40.81527850932193,41.16240295388864,76.64327679164896,60.10323074035727,49.57157226336023,53.24366392632598,72.30119212481823,75.4250514150372,48.854110409232185,62.13557895307152
2019-02-26,61.72871619959537,58.26901586791876,40.975596583453836,40.684402074440214,77.00065925010688,60.14560216926237,50.06555419231072,54.22764780989765,72.84870949680715,74.52457102851182,49.614511484694496,62.264274144211186
2019-02-27,62.37381184225076,58.81890903717505,41.34266971841918,41.33690422618751,76.61770831411168,61.64265973450471,50.43650779626914,54.81100643033863,72.14715495119408,74.2307361700993,49.036630133389835,62.45933378201728
2019-02-28,62.12776806539667,59.21521716082134,41.35392657846563,40.66741309362466,76.70943074709585,60.69385437414843,50.24585611915408,54.263156359850974,72.21981563026233,74.34374875363005,48.36747035197655,62.34964386567804
2019-03-01,62.877010113076636,59.484379898316895,42.18095872187506,41.326768560010194,77.41250034662968,60.75638309019822,50.50413615540881,54.679191208813,72.2255630652977,75.03922409025337,49.283825686600245,63.08883396035283
2019-03-04,61.06771639191535,58.807249182272244,40.77319446846611,40.490506389275374,76.10207043244421,58.580126711515604,49.332873431782645,53.161665815820115,70.820480495249,74.1834772549863,47.15090930282678,61.75349194209282
2019-03-05,61.386796650726794,59.092221194357066,40.804272944048336,40.43099466915272,76.0578341786874,59.80570443079949,49.311990932400654,52.93137134714448,70.53884992082558,74.56387990065664,48.05379586960486,61.77789489982973
2019-03-06,60.72571656576056,58.72560850766331,40.37099582498293,40.907976762100006,74.64587412313453,60.01578909868862,49.34153487836232,52.30797144660604,70.05798675760101,72.68104529756924,47.784757332836406,61.357464911860404
2019-03-07,60.60241382448017,58.9779153332739,40.477327050313306,40.99053043508735,74.75912866815605,58.698311266268085,49.71232108806875,51.58129082791717,69.93234571068895,73.58378774437931,48.22859952496279,61.46376274886587
2019-03-08,60.48310159378367,59.40188808701983,40.58140048929634,40.86872632693349,74.73100752756234,60.115009949902166,49.42120297285989,52.16819588316115,69.79606755512705,73.44818154081246,48.59339612853764,61.624913077542644
2019-03-11,60.11433004859792,59.60830734944431,39.97366762413097,41.00000563147332,73.44744658026833,59.449614164016914,48.23198110119265,51.912981113077606,69.10924239444147,72.90236940695421,47.438349020894485,61.08301158049855
2019-03-12,59.48269253134991,58.89475167417773,39.58578999995205,40.4580199992374,73.34487252131886,59.307841882815836,47.782388003536,51.7994215132736,67.79183603706088,72.07404836472303,47.36587790270285,60.71264492464691
2019-03-13,59.374969578460835,59.5227855366401,40.24071769944661,40.39891263118338,73.50709624416271,59.262732903163474,48.29776545553151,52.29947302687702,68.6812369266989,71.95103958547607,47.386227099313736,61.22174162170435
2019-03-14,59.90789348380506,59.655917694049734,40.25160508313446,40.264964417616845,73.79604637253361,60.9589876758467,48.21193188197259,52.68890725345595,69.73489166829289,72.57290346011489,47.48357845228248,61.461423631651556
2019-03-15,59.18124534613527,59.23833224998124,39.575650626047356,39.76291407761857,73.39595428190185,60.79346094486359,47.71071128523807,52.15101385625659,69.69949067971861,72.46209884756138,47.15335921453692,61.064417598432996
2019-03-18,60.76334167926804,60.705375677687044,40.69925728252596,40.7299149731179,74.57375392821032,63.32920056519311,49.15501282252362,52.55351834183573,70.39934950553327,73.90814483093523,48.26727863132004,62.344144213459515
2019-03-19,62.58445782635182,62.22421180626587,42.09608806595838,41.9385044230071,75.75245194543247,64.25521335741577,50.65323892888246,53.950723743219264,70.90734409949813,75.00385723637685,49.77975881044065,63.81990170363755
2019-03-20,62.08403375638593,61.057812183070624,41.312677874089374,40.75313226732138,74.93479160923403,63.693289898745796,49.31033113933151,53.08941567150682,70.48602109859411,75.06483081977414,49.03582010896223,62.90450663156387
2019-03-21,62.78875416897892,61.11539441162653,41.51070949765821,41.01812900549874,75.28750922055035,63.9872306449657,49.59759935442424,52.73968893761789,70.75806243589959,75.52329291453486,49.67244872790148,63.120812123799375
2019-03-22,64.40318041987919,62.5237591301328,42.474513679178486,42.9254169630284,76.85958917799638,65.72534437092555,51.042772539757394,53.312915345139224,71.38325252055803,77.54530793602868,51.131820816602044,64.74207727297564
2019-03-25,64.95371435417604,62.40010863361434,42.8117091965961,43.09474371400056,76.39322085957075,65.63230101521728,51.44007697226348,54.23759097258769,71.6480621545851,78.15507944619587,51.32677951793935,65.27929284675747
2019-03-26,64.5793012740599,62.8630476624361,43.288262942751516,43.17575809008195,76.53218309392905,65.18952326252426,51.76288020021056,53.95281007570024,72.0957609351208,78.52965517105113,51.65277365864183,65.450644606688
2019-03-27,65.21387906106168,62.72989998729912,43.457041387698276,43.31571543150573,76.21597773428832,64.00982658323667,51.84814914589141,53.74581355874633,72.17514432339334,79.17355482417501,51.36006780454229,65.33936605080673
2019-03-28,65.04447517071466,62.511050569901926,43.24818309972473,43.45787199594864,75.53774304459465,63.01829615476754,52.35000065811,53.14107859583419,71.96808085472067,79.5245725899161,51.429710399436914,65.0088860526566
2019-03-29,65.55274922014867,62.53659216463635,43.069570042950374,43.142715460349066,75.94780514382582,62.820885764953815,52.31903194737369,53.6946941043585,71.97088637160685,80.14321558164889,51.16005274158743,64.89543764973284
2019-04-01,65.02971617474738,62.95534024971907,42.29066073572491,42.563375797474016,76.0597275954661,62.8689130091867,51.78201601286446,52.76129648547221,71.46166057592444,79.87883497141426,50.724801852902345,64.56096621840875
2019-04-02,64.70781968254926,63.38005636995576,42.770633916427904,42.61581577174937,76.05157369756678,62.13176734584,52.06838512615853,53.61897069228186,71.76378349935962,80.51598263384872,51.55614874164836,65.07130748173344
2019-04-03,65.13578989495565,63.03128937571899,42.73478970206045,42.79111226864939,75.44223694007351,60.97214486215775,52.08758232521684,52.354468362499496,71.6698074790446,79.51387713019162,50.55449934333184,64.8359975164997
2019-04-04,64.88482013639795,63.48585419375951,42.866611524725485,42.88150120578164,75.55322053568983,60.141273310613194,52.47227874344155,52.464360168677615,71.20008337617362,79.1264255241495,50.527344212980616,64.57344000132346
2019-04-05,64.08049677506675,62.6421913799447,42.92593538556908,41.58658520253559,74.7365419340252,57.957505004477305,51.98815268526933,51.56809194971874,70.7049991257265,77.98660925971852,49.6805392512905,63.81665120375107
2019-04-08,64.10770607028027,62.41925831994727,43.037830456156655,40.89432560324,74.60631305029717,57.68890680203924,52.15048789059359,50.65884765438202,71.11192335811111,77.46015998549515,49.95932467434256,63.81007849990172
2019-04-09,63.76912550616829,61.4098375978782,42.91383266216631,40.09599166188691,73.44414933557735,56.85037789600954,51.738407560517196,50.17849594522266,71.24504220862835,76.906571645289,49.76130823697315,63.260349952144566
2019-04-10,63.91032863592915,61.73755214296036,42.48615433837682,39.563954372045885,73.32386882424872,56.56946940684014,51.511181335094136,50.04948914521016,70.2468443112284,76.87254546928726,49.27744070179115,63.17020616354478
2019-04-11,64.01701337175875,62.40220261431483,43.39533157561397,40.17881200430012,74.26134438792356,57.57510327950295,52.14875599075636,50.01442209366892,70.06397853469014,77.14744375828067,50.0244872888067,63.858593325317244
2019-04-12,64.81005265688978,62.7902471829794,43.875715003621465,40.430054194139394,74.28358450393506,58.52996669736451,51.989439154794546,50.35099306933426,70.66660682811279,76.3524531637803,50.91294421241584,64.11945577985665
2019-04-15,64.99152081595638,63.135920210994875,44.5929542720366,41.2872630897782,74.50199975005337,59.4899588931042,52.538911572167756,50.62015211961498,71.07977325383025,76.55560113151479,51.02730417437016,64.47108547744487
2019-04-16,65.08940833819291,63.284551746157035,45.01806856654599,41.72267201989575,75.34862492695147,59.95026245863029,52.91933578314673,51.00305361344667,71.4432097607359,76.82796030167547,51.560277715212266,64.72805976554329
2019-04-17,65.95320571211744,63.01615257256616,45.21829526471023,41.804018085257105,75.72857981081916,60.44512211736788,53.033363779205125,50.49347004186567,70.88524425274805,77.09976396819494,52.6570482446449,64.79235160316375
2019-04-18,66.31714214967562,62.65005488546963,45.66499018829418,42.1344655417111,76.22654854742332,59.70454527326431,52.69728937212537,50.13264706729396,70.89650604926548,76.48900164798188,51.74601982123173,64.73491172309278
2019-04-19,65.9659212230961,62.6629490955975,45.29691584794826,41.70962921257239,76.3325333780787,58.727504063387194,52.45186782077028,49.59161432503365,71.0598280995472,75.49953135754309,51.491601095423455,64.5597669107666
2019-04-22,65.73836176836,63.12829648667964,45.930428370445455,41.643159579510794,77.19154865039614,59.752405060547396,52.72752557987932,50.05290226868476,71.57707448928078,74.8814765539657,52.72428436936476,65.0793442808355
2019-04-23,65.02627027681238,63.19357161398573,45.74071001736294,41.144016636524974,76.01273609646468,59.39872138721442,52.2126183919497,49.24807576833963,70.85914321496021,74.20752323562104,52.059844100329954,64.39397517898843
2019-04-24,66.31950031216766,63.62971815774263,46.20574597194082,42.09331531064117,76.38287434987933,62.064226343548725,52.916086481236626,49.60311929109656,71.16614868165428,74.72965773879396,52.74808159966257,65.28969787759817
2019-04-25,66.34947782181438,63.46489819648586,45.8506676822919,41.60082999344724,75.77956965909195,61.89050310854092,53.07437556189477,50.13912388216705,71.3461613488794,75.14073388890704,52.313699899052644,65.33803183986585
2019-04-26,65.24162208181794,62.66393207486261,45.61987848950206,41.539091910809326,76.27404109558348,60.510068014525146,52.95908439778365,49.518567928905874,71.16133772784235,73.80817742023576,50.695320913883094,64.870906386728
2019-04-29,64.55439804223778,62.94943633430323,45.42337231458113,41.591153412289316,76.11668048393592,60.36978721526839,53.10674527186507,49.65968158362259,71.56671258776029,74.32745465259858,50.76773139266509,64.57682686875835
2019-04-30,63.5260645248977,62.11053342901071,45.29154961619504,41.11862740949493,75.74803492136073,59.50368201351647,52.393022508064014,49.59956267183156,70.33228305795467,73.8063333054921,50.69099720138086,64.1618176607957
2019-05-01,63.77791845068984,62.50426403529481,45.611754647462995,41.26192696631646,75.55604099051375,58.90619907205373,52.398171190808995,49.414816658326906,70.16807867374946,73.80411832643009,51.33847476115329,64.29088269423357
2019-05-02,63.648618329540376,62.689989366581145,44.995134270585034,40.84548839182517,74.83092883745756,59.439664086587825,51.64759652612404,48.329597072031696,70.45253993722382,73.46335497156262,51.20889744786451,63.85123898117912
2019-05-03,64.98261488606457,63.25863280382637,45.723930989749014,41.42512780812548,74.3493968138506,61.75560028280673,52.71964630273759,49.01373339625978,70.43211483041088,74.62976301514173,51.39902114323965,64.611606725441
2019-05-06,64.1041350209697,63.13092812596265,45.71165376201562,41.320192896102135,74.8261955669136,61.459433080298176,52.006968413536384,48.839659056489,70.20324223403188,74.64421298517301,50.147801300256326,64.12822434971353
2019-05-07,62.55942108853112,61.07516876179928,44.409524977728104,39.99063396394148,73.6974511341579,59.2262560206957,51.14998555620349,48.04250052708733,69.96815052780663,72.08615472756259,49.05710690440353,62.684823537433076
2019-05-08,62.308025056808155,60.55547976267248,43.96119885197155,39.98419153308756,73.38396423525435,58.888187030526865,50.59713661258727,47.793958421830524,69.27922859535074,71.32175738725806,49.29203230795744,62.24785096288509
2019-05-09,60.67509120330231,58.8976598935166,42.593405461778076,39.33364152387877,71.91408844730056,57.40200758330018,49.81118749657858,46.88619754083654,68.67850715940898,70.37683091272545,48.42401054561878,61.01240758245391
2019-05-10,60.6219339764814,58.95027254385106,42.85103032302035,39.60239394248048,71.8891221772321,56.30957519512957,49.64232347073112,46.63913165912689,69.50325929945006,70.70945988589268,48.632633182542094,61.0121016146417
2019-05-13,62.295626485902375,59.49821151442134,44.01479275986341,39.50276280913221,72.54058954854422,57.63766457737815,50.17645157598133,46.9290171170738,69.39607659203548,71.50210823326162,49.9057017575258,61.68763580294757
2019-05-14,62.89021171025614,59.553219904942935,43.92264062092817,39.24771861100344,72.8345400869529,58.338461349160845,50.59530083378706,48.41181679309432,68.82717550026278,71.40277213389764,50.04331398914833,62.11486157522511
2019-05-15,62.33863495537031,59.23115301716307,43.5102647860724,38.860689378782695,72.43922412306198,58.34741323381941,49.89329530511355,48.113191703962244,68.79263137973432,70.8536294729892,49.269000326607376,61.302100438250676
2019-05-16,61.638368127369326,58.985428370459644,43.437207689018614,38.35521284960557,71.78642559015036,57.36963356963949,49.44657050442978,47.21945332275723,68.32479158688201,70.30781799280405,49.27630627376692,60.855454211624604
2019-05-17,62.96485128887747,59.70190373980363,44.175264667058315,38.95516970922016,72.75596235503029,58.57903988385219,50.64529212425414,48.25883693685509,69.00539742562005,71.40323098574156,50.03580267768293,61.9705553376737
2019-05-20,62.488064676828245,59.68424233799712,44.23947298196094,38.88313217276579,73.2515700132393,58.70285643016786,51.21873619023701,48.59708507321831,69.18595459022333,72.33618219713033,49.89904382811844,62.19409048317929
2019-05-21,62.518627667722825,59.14997677300532,43.923277292813566,38.49705274579268,73.47683712779141,57.35896497714443,51.51416430901135,47.93777089649417,69.74244484765066,72.30036978234348,49.73034242006168,62.22135251122548
2019-05-22,63.83886577157265,59.6268651046481,44.22985520699133,38.89614124555015,74.14279619440177,59.979903346794984,51.98523749634616,48.39437060807932,70.05515457628113,73.24831173491117,50.57318968483433,62.908334451916105
2019-05-23,66.62151142749005,61.67702042238308,45.564119247831854,39.79888633839357,75.31153353800481,60.092333333091986,52.825993492396925,49.91836278379169,71.46466881565323,75.68686694380806,51.564763314649554,64.48847431615091
2019-05-24,68.21612975522908,62.09973740767993,46.491556433866634,40.20965000967651,75.59270664560077,60.114883872351086,53.64370377796386,51.267358715855735,72.3440700219623,77.17390310728294,52.129187677667396,65.356815213466
2019-05-27,68.69299416435713,62.34737213265132,46.63097246076881,40.43559785177944,75.88903614407374,59.92280993201591,52.80944784184464,51.979132938135486,72.42549600612126,76.50114514415904,52.34376998220126,65.47458813466571
2019-05-28,69.04286452412572,62.33466089557027,47.14105390402262,40.2479296992026,75.93203695015197,58.93187908096185,53.25825285150637,52.04472413058278,73.06718947446892,76.09062550231478,52.16308057639342,65.73463658023795
2019-05-29,69.29212312352789,62.98701071947577,47.574237415215556,40.896547345061705,75.89377332975083,59.688717932257106,53.8487252129773,52.27573083568644,73.48343006028259,75.27308390261666,52.265393340389345,66.16956356351324
2019-05-30,68.76569483404757,62.839965653569266,46.85183056085531,39.92123137688457,75.89845865424269,58.870133044070926,53.101272813192125,51.73761481726407,73.22139293231254,75.55478842477812,52.02158326495857,65.78719645529512
2019-05-31,68.2561486839732,62.18976333175268,46.8030356170586,40.21320611565689,74.77313351420813,58.16461994247699,52.690753292160316,51.2214580920077,74.18448316687835,74.78707186463535,51.5519655127435,65.11129459697237
2019-06-03,67.96827720717013,61.53811459553998,47.26515519481856,39.83057871765466,74.60473343621162,58.372294340848505,52.528168452869714,51.587918110927475,73.32237110767849,74.51357908614568,51.24780423049934,65.17155265642003
2019-06-04,67.70333600263075,60.85269452521551,46.5244034348856,39.58463968934877,74.44966168129685,57.75316857900593,52.40864316908086,50.639842469649466,72.4447157699773,73.88109374888904,50.49763332294399,64.57522210369187
2019-06-05,67.23505849257305,61.28615313216484,47.12416007032945,39.846920954207995,74.7912946056968,57.777677648100955,52.14718871311052,50.53922754758891,71.99261955246237,73.15769034172493,50.86107641291697,64.56084394240597
2019-06-06,66.52238243844454,61.254416683255975,47.36543257422986,39.90304864323072,74.71354379770284,57.72294715366041,51.95632811927414,50.369153720611784,71.87189891707092,73.57978779557,50.7174386146065,64.64901175425547
2019-06-07,67.90183356252834,62.73376714964519,48.72296701885684,41.22699683277946,75.89969419198309,59.67683121770778,53.11666147673703,51.38218658324932,72.90923552458675,74.54274230186326,51.9675213776035,66.20008789443426
2019-06-10,66.49019735438667,62.09990818725618,48.95781259688805,40.79939274856881,75.70075422690944,59.694947711230725,52.715926115135815,50.699158792910104,72.49302038030022,74.57353234514198,51.44585162127099,65.65850813469596
2019-06-11,65.80495215806611,61.324598654017116,48.01484610597945,40.20251717895273,75.6304201057274,59.39941416271194,52.32918955425853,51.34002445538199,73.4863038729093,74.67970350933064,51.09766318852965,65.6039661598259
2019-06-12,66.23634352454125,61.41209427688764,47.38233007404,40.245525352215665,75.2713065482584,58.92538331910957,52.98373975332908,51.93129450535366,73.21385105280264,74.56052426278515,51.318797540561576,65.52135816575486
2019-06-13,66.52096006134303,61.77562004155354,47.89740812338938,40.81658914923505,75.66803002593852,58.92034765643614,53.1412728324092,52.76683764412322,72.9296893719365,75.2035712748879,51.437383916404436,65.8361556143522
2019-06-14,67.46969438699695,62.11824441502494,48.419049865654614,41.1519072899852,76.26591066321875,59.90227342711852,54.35455308879463,52.71453264871513,73.38767778102692,75.75086317541178,51.25709437694654,66.55685183061945
2019-06-17,67.66906069860316,61.725142683880904,47.83378860220443,40.39410754465605,76.07776789425276,59.25148472563577,53.9861536328772,52.55474996519304,73.01841695160738,75.4392569973077,51.70103337483746,66.2542322267733
2019-06-18,67.65685428666715,61.41342142561263,47.937442696183524,39.83548767253791,76.1123169928372,58.36019626744483,53.41170600603804,53.040904959608746,72.49260676894338,75.67754994858524,51.14685389394794,65.7320412184114
2019-06-19,66.17525240709136,60.33477648020637,47.225733368251376,39.19039439510676,75.42821345855958,56.03523246536223,52.22885959044905,52.2482404369879,72.27259213455032,75.67801722386426,50.32296244229837,64.67112717581385
2019-06-20,66.1147426544803,59.99702804900318,46.30215553288194,38.87333994165008,74.81271597941735,56.83693082166379,51.46962202029708,51.43219540815728,72.06787440871193,75.4462099957772,49.96280369707729,64.09306828558317
2019-06-21,66.74269578864458,60.207739135210446,46.39194356043328,39.45806554856988,75.15315687534768,56.276318202939116,51.936551006985496,51.97579052125154,72.80929640291438,76.68323671728999,50.06642805685524,64.46504143120798
2019-06-24,66.82059927528266,59.35862626129704,46.73289762086264,39.66100238348392,75.92745438544408,57.559451198119596,52.36862060987283,51.90373342868476,72.37479666782343,75.75329701623401,49.63136564245479,64.52028180453843
2019-06-25,66.27993592354743,58.79993641421106,46.825528508697246,39.36173803119581,75.16433480178193,57.46099414282122,51.83584306740834,51.16430366572637,72.26544103291931,75.20855455423067,48.706099547040914,63.88554499796748
2019-06-26,65.37956945526659,58.40450936802218,45.959981271381764,38.598100215337396,74.89718172994249,57.98358165109977,51.358166610083615,51.05677021194771,72.14820187381456,74.98687355347377,48.268559557086824,63.670869276003515
2019-06-27,65.08749999070787,58.126797200202276,46.08907449096324,39.28644709339657,74.62658962611272,58.20771429989657,51.46517841649645,51.26428387729594,71.90932190536172,74.74862608030398,48.56003933778082,63.71633300773352
2019-06-28,65.45874737961852,58.534152461076324,46.256426529726745,39.54340370861265,75.02206650127803,58.94482971386823,51.523392554031574,51.4874991964272,71.43598802489723,75.42715958531628,48.68585145151167,64.06508001411082
2019-07-01,65.32534083508551,58.06953975398154,45.370858978682946,39.5468295875329,74.26958980846265,58.75233938046003,50.35448797885701,51.145330116766466,71.18977738263696,76.25862394103069,48.574111105337394,63.70733884513569
2019-07-02,65.00748851374789,58.15105774656143,45.21131476911898,39.33947320404162,74.33119642764088,59.039722752390254,50.274847880203225,50.6083525672353,70.60409936235584,76.4499602294587,47.48834141193499,63.57180956487527
2019-07-03,63.619938063218974,57.65203606277167,43.75203658804665,38.4771661493738,73.7466540003071,58.40345574615103,48.740985063321155,49.57483884936031,70.22990044289297,75.99395598974237,46.17314943709878,62.43188603176062
2019-07-04,63.23739264105062,57.14571428860737,43.022011875867896,37.993917455880286,72.91869859675361,58.77625743418782,47.94914030982476,49.216100238569624,70.00321715185711,76.13741274677673,45.649215034222756,61.73214616405136
2019-07-05,65.08063929535231,57.39783982627612,44.36851089014055,39.17959189926034,73.39558501447146,59.1584798224806,48.845108876744916,50.13796552385811,70.86151060227773,78.05498425044316,45.995985353444055,62.76318823603128
2019-07-08,63.81600982036451,56.07145603085034,43.438965654336805,38.65635629757898,71.80902746150409,57.98416795073981,47.55985796835127,48.8590824994022,71.24740868827398,76.67975040499707,45.21197735777563,61.403890748057854
2019-07-09,64.16629455801547,56.23873588708389,43.54630069438014,38.70189303639473,71.68128822800793,58.99953612599887,47.324807217843976,48.14213989872513,71.69614081105212,76.11935076026295,44.96538959494746,61.219193720783714
2019-07-10,64.18899891012248,56.264727050170016,43.87682281137095,39.40494750634602,71.39532064596222,60.25840189912385,47.91155722577307,48.677743457852785,70.91063920789234,77.01422531203839,44.95395757914968,61.37873925827939
2019-07-11,63.81366242078628,55.81259575532989,43.82891883120726,39.12747527192487,71.01074618824886,59.174271072393545,48.015512275059294,48.048210675036465,71.04652776274064,77.3590593196135,44.39074167824936,61.17150865503799
2019-07-12,63.39592422507372,55.40581394019392,43.76052567088676,38.93047011678867,70.4997753264413,58.852059526400865,48.05460032829591,47.87092015422475,70.84346646276559,76.58304183879031,43.937068439669716,60.69751285188653
2019-07-15,63.25777745892282,55.561397286129434,43.381578744868385,38.779653629688,70.24213555389501,59.03822589419336,48.105531778405535,47.71068731047128,70.93509475588746,77.5977487588422,43.35513456915865,60.68423294352427
2019-07-16,63.07075254180209,55.65971113817082,43.29201195172203,39.17794534935255,70.55053986371827,59.24114722370749,48.190486385538996,48.00509224455506,70.73690255841711,77.11920756649165,43.681459419177884,60.70527695227036
2019-07-17,63.77156623718949,55.855468040525245,43.55118046241727,39.16551710763499,71.09549857890069,57.41832946436228,48.69208700066939,48.34810477420174,71.12908119593484,76.3448132696411,43.751320540429774,60.67912267569493
2019-07-18,62.33394044339845,54.681311458005666,42.39792940477346,38.622324116624874,69.47341676989113,56.78852453175588,47.511237298380244,47.23002960072844,69.17023211891804,75.12669126989063,42.762681208520775,59.55481536044965
2019-07-19,61.848526625008745,54.52978614555701,42.21644158205137,39.08333580195069,69.13694354159657,55.48376273257798,47.551147446787894,46.06301929026468,68.56468962953713,74.27547620361152,42.30009194009867,59.48996829427927
2019-07-22,61.48243853355545,54.05581255482165,42.20163869683724,38.085749835828125,68.85187847652662,56.54160485261547,47.159594792455245,44.911567423341424,68.52171747717951,73.6841066332934,42.06531859992269,59.000847700214365
2019-07-23,61.91202767722667,53.80582631332798,42.439169856190404,38.49525915234511,68.25483794226366,56.67711670244703,46.97840308157595,44.30857923806878,68.41453467431572,73.34809709032152,41.51628550304373,58.69853719181762
2019-07-24,62.147657317931234,53.21938373408089,42.389662629900776,38.70540494230615,68.18679995487265,56.77487536931357,47.28944072839353,44.112101825843226,68.90947780431978,73.19159117294414,41.96659228199261,58.85611435282356
2019-07-25,63.177712571189815,53.44413687837128,42.47802012504234,38.91203307572662,68.56013623114181,57.71152721803525,47.68031932412581,44.52820535051817,69.01268419994204,73.67980444812318,42.48442453811545,59.259559137495884
2019-07-26,63.68158932092914,53.41935553463494,43.13127609955265,38.75595036138477,69.45895635583737,58.465680728579805,48.412611510419474,45.64892516716215,69.14738380319862,73.53819711159957,42.62684427004708,59.818702194035254
2019-07-29,63.13753924851279,53.665622756240374,42.99869035904783,38.457085922756036,69.659615056951,57.71787007597099,47.91432508632197,45.63432567740261,69.31220762326451,71.91892427928249,42.322364420399744,59.543144475714726
2019-07-30,63.55078089926652,54.62164100604166,43.275232374505705,38.201100287472926,69.99410712919796,58.31086931288226,48.57184199301924,46.05925603836515,69.7583571443379,73.00863573131211,43.3586804444675,60.121302335082724
2019-07-31,64.39129775025737,55.75402904514905,44.084203873256065,38.76139745225343,70.59397055092691,59.429314381091494,48.91238171369179,47.13905348085458,69.48433095735933,74.3354180091729,44.11924383562874,60.856398702149775
2019-08-01,66.09859672555075,56.589860379915024,44.87563416875301,39.23604519283086,71.00614341567184,59.62922687636543,49.87359109468718,47.67025103698963,70.34852777989028,75.62055275449926,45.005886715292895,61.57773317681253
2019-08-02,66.67477331482594,57.1045272217251,45.656565851472784,40.435598014020975,71.60592308080214,61.221858978867004,50.9636841449799,48.72300161699124,70.43659845392747,76.31703144025404,45.463232665332335,62.46472160294486
2019-08-05,67.35962226148226,57.386601588924236,46.60113864359431,40.280890974183194,71.12977817998828,62.04981493265001,50.83684196495232,48.78858495012804,70.78615773886035,76.55009087267317,45.679218877590685,62.39778963899483
2019-08-06,66.79439736494575,57.24160306620668,47.00702504338383,40.54892083411276,70.4300375349117,62.833047495839665,50.59989019575792,47.98046073240455,70.82120039800002,76.27617647542039,45.09274712461831,62.31303725861566
2019-08-07,67.36602436299741,57.87652308092969,47.77223216675671,41.31783999973983,70.69604912985729,64.47499866698956,51.07428880573934,48.780411912139165,71.41950431614373,77.59575459841648,45.72632880826957,62.855943061035106
2019-08-08,66.73058144652664,56.88627922529703,47.41009275507548,41.33835573338834,70.42721714218445,64.55558990695248,50.49414700335624,48.70385062888967,71.35127512061321,75.99483613082592,45.425519728592015,62.01515399116217
2019-08-09,67.2250473194021,56.792701936761425,48.594689634485746,41.375995655112,70.81075177964962,65.3550393255217,50.16145901686784,48.69558781822327,71.00628896198562,76.35630770726138,45.4348752300374,62.170667642947606
2019-08-12,66.98436167649646,56.71144350011562,48.724011900904316,41.38141026217633,69.91484810838216,66.10835402340217,49.57588848991837,48.701505753498736,71.10557498244343,75.77015461742559,45.34273762075262,61.86287890832979
2019-08-13,65.97366452379471,57.17069304213581,48.29203852388505,40.73512876236148,69.69382953323117,65.89776548044804,49.67813459593257,48.70140389858437,70.95454425091935,76.01259238643962,45.01806893284656,61.657480611655735
2019-08-14,64.84811341854827,56.321490646720186,47.46620628837707,39.580099861337764,68.6937782790138,64.9004294068939,48.67193314842284,47.669134355702816,70.17755946895146,74.97060257448032,44.078480583812954,60.59968546922426
2019-08-15,63.7592188202696,56.69476501440043,47.03602964906555,39.103987383519254,68.40819060507569,65.46401658438269,47.82504028774686,47.069497613391874,69.85353898071585,73.36699123227551,43.74792191069517,60.07979970611432
2019-08-16,64.91825960181184,57.670428557815235,46.86162138460364,39.10363897711588,68.03603861852184,67.17785812118284,47.17832043171737,47.424641297727284,69.64683174376009,73.21002502081929,43.893249192226506,60.09123084949959
2019-08-19,65.53070754251507,57.66193931298395,47.46791370703861,39.15492352510628,68.7606428371925,67.61598134773267,47.53148098084033,47.66730587620418,70.02775650541143,73.23373931167163,44.35739796356965,60.65317950414602
2019-08-20,66.40869416906644,58.15423193446946,48.13495196886446,39.49551747036629,69.15096686389145,67.1440568558987,47.557696220861146,48.00220961401987,70.5379086657667,74.17190122425848,44.99049573472057,61.28247780251268
2019-08-21,65.86003407965649,57.78265267510451,48.10512054205082,39.68930710380311,69.33116973351044,69.04101536617982,47.5686544623438,48.277754803495924,70.24708683055259,74.68241530975078,44.565876683928906,61.25718104705206
2019-08-22,65.53749955697309,57.652065724493205,47.86166972698973,39.47864798337986,69.5670694949611,69.98772885300073,47.46093450329608,48.526649946668435,70.66934685252735,73.88439599234678,43.92653524389513,61.164620104049646
2019-08-23,64.36048997275225,57.06318841971718,47.72844587601372,39.06785462086474,68.5237087372714,71.0327737456983,47.575099542133245,48.66656506160836,70.40594592118052,73.65960328013837,43.69854007200145,60.67679349049684
2019-08-26,65.1379737060573,57.24918743192128,47.423290129069464,38.997412400127864,68.64498735359015,72.27594295683312,47.4371294397948,48.67557363856075,70.10130026417409,73.35750397650341,43.002925703406355,60.9469385708739
2019-08-27,64.87287039929276,57.484856168788355,47.61035727753026,39.319197627753844,69.0726782681219,72.33087058696633,47.507053011774126,48.055093860467906,70.22367895803183,72.95036290298553,42.29142482232022,60.81903981760669
2019-08-28,65.62128961731435,58.132741035986946,47.982838755766636,40.15377051310463,69.36971330861506,72.28219693039065,47.4915946498483,48.7860049556059,70.70604098947337,73.46894275807381,42.08174203299551,61.214580551062014
2019-08-29,66.68271271168535,59.112784541760135,49.089488660384376,41.05001151264574,70.54634572477451,72.92025318300978,48.127350298852264,49.17082551035284,70.78455345980035,75.3390708745451,43.11813925916373,62.319636495748995
2019-08-30,66.46714305299467,59.111256567261414,48.24557378531486,41.01594570793318,70.69744505812294,74.35173580385539,48.0629645568779,49.00805632383393,70.91905032265075,75.65086655327659,43.33350677734082,62.324031058347416
2019-09-02,65.94774423855742,58.4105014008077,48.042439827792386,40.850792288204204,69.8428965586029,74.02785153267926,47.02947155843891,48.12210904120454,70.18439071647371,75.12513780118472,43.74975090321576,61.40817386703195
2019-09-03,64.88623862404086,58.03969889988919,46.98405389365481,40.61245653594177,69.56438470735121,73.6137130496126,47.11945120465233,48.303040458824384,69.98099973821502,74.3248748184605,43.23577693543733,60.89973067483915
2019-09-04,63.01952572073879,57.535802783170766,45.92431305922643,39.73317325768953,69.28472575589186,71.25470442705709,46.355215520988146,47.54225393967795,69.36047387931332,73.35693417169364,42.44071817451697,60.028869435756995
2019-09-05,62.361253235752955,56.96129650909695,45.539235378504756,38.78420067277405,69.20759617828567,69.76114921620592,45.5388358170744,46.4826045261909,69.08624001852824,73.01886200223612,41.85265824558426,59.32839819219979
2019-09-06,62.8498947975899,57.790238044445296,46.0577039297748,39.211020670046906,70.3205062052784,70.31925751145407,46.85575821701595,47.155128387837934,69.68462773394755,73.97880079845474,41.94210753326903,60.13245922412405
2019-09-09,62.86227964069122,57.44503618504622,46.07388379377731,39.99820194659966,70.04914987211349,70.26529507022413,46.75722233911454,47.7614447611373,68.80859112170008,74.26623388869265,42.385704193233195,60.293694742014296
2019-09-10,62.19037947587426,56.99443478707759,44.53535802000128,39.12733176919615,69.6603938752223,66.28837694274407,45.873862449180194,46.30862983071361,68.28160791148943,73.58678440498328,41.375041458760755,59.39380575991916
2019-09-11,62.3470327665632,57.94758833701551,44.761913626678776,40.317226741750275,69.49196558901663,67.05059939163525,46.158549967956134,46.188925508030415,68.7805462833487,75.03159834056686,41.38076431928997,59.80866070653449
2019-09-12,63.67571403469334,58.65355600352235,45.51908652191517,40.923602315992255,70.03664491835175,69.51879190952468,46.594697216056275,47.20514476218313,69.58811443352269,76.72156246713757,41.99129290590929,60.59216672552631
2019-09-13,63.14869288015604,57.970584155735075,45.591323072873344,40.702708666048984,69.81443475991632,68.74516174903265,46.59208345693697,47.070381213760356,70.00334092217018,77.41809427214174,41.64501627581649,60.39643165626225
2019-09-16,63.34503247765354,58.13677024970797,45.17111097532709,40.8194933841945,69.74235344685903,68.24597389026164,46.594033765874684,46.362967564546565,69.9079283537314,77.26645151412463,41.51366789704106,60.00889663365494
2019-09-17,63.717923475959815,57.86371755981574,45.10114964896004,40.60070793557002,69.7153242504337,68.25866207569915,46.06195152270953,46.126189185344465,70.36603327802034,76.61652340278413,41.61367038056094,59.82865257244997
2019-09-18,63.75917858804032,56.94170261226329,45.42956664302248,40.87227268626987,70.30017627172282,67.6141940682929,46.07986349956982,46.306490822829474,70.87179398927643,76.13293937478218,42.00269197401837,60.02401641964909
2019-09-19,64.17714447741722,57.19051900581945,45.573864109576675,40.86458952748861,70.39473664442741,68.5670303772623,46.30965166308357,46.23872015243908,70.93572394194267,76.69513885624805,42.27248821213616,60.43500795565624
2019-09-20,64.726069407547,57.99967515805725,45.979295232787116,41.04892736210376,71.25529952726353,68.8351297815286,46.5288822937713,46.65295161364496,71.11475650581659,76.91409410333692,42.4914447548442,61.17911103632743
2019-09-23,65.76522633585455,58.755306292956355,47.326683071873894,41.409766615900175,71.978306479815,69.47572919944726,46.7876024288701,47.8062190594081,72.17600270964616,76.56322778032357,43.02446921942629,61.95103584078095
2019-09-24,67.23297415144467,59.82075831842695,47.714416028697606,42.069199795887805,72.5553342080771,70.74731451520655,47.304438089691565,48.560897319094096,72.98573817694466,77.20928032645034,43.162556635404925,62.71579493452525
2019-09-25,67.6616452987028,60.76509388950766,48.93849818265553,42.53588241325896,72.78166693494896,71.89952483639671,47.765754221143304,49.718297091744766,72.76566371134648,79.55557101711057,43.230049395042215,63.60157420583076
2019-09-26,68.65210936026467,61.171825392796066,49.376023679549256,42.23399397629301,73.32328192101394,72.60816192393375,48.2150732689077,50.080010194913015,72.57721529958717,80.07494919583125,42.95656143037244,64.05079134394089
2019-09-27,66.84631579755921,59.631859079598534,49.07503366527108,41.66000831118611,72.72180996869113,70.40412633302682,47.645892090670245,49.02659533240958,72.50548799416208,79.18130802879467,42.61088044231805,63.08789896417708
2019-09-30,66.38773542249947,59.166075120646425,48.805404848326305,41.56283989190281,72.96522055761447,71.02307357637876,47.63807677014646,49.08043917147171,72.54520252408014,79.11198656471188,42.0463706895349,63.0296581108284
2019-10-01,65.84774297668187,59.406292574930696,49.20662194871435,41.643277177605384,73.11851046196234,70.29406345361076,47.89416908333906,48.91940366495984,71.91494756333363,79.48831708996875,42.58087931458934,63.25409706469867
2019-10-02,66.55627778265182,59.47703773017191,49.14574109922211,41.2797400250912,72.85823837309842,70.80940171218057,47.428127902894474,48.85842072424488,71.97974776220303,78.43693136889965,42.375209077933484,63.03493905209486
2019-10-03,67.32727814782092,59.575777599948395,49.619287154127825,41.014084761523826,73.45341565544925,71.16999407702397,47.7394034602783,49.2482567989423,72.80641191345842,79.27926295509859,42.650946579008384,63.63890652400558
2019-10-04,67.20176986794826,59.17989954719961,49.56359773449497,41.36749408641134,73.46857282570947,69.76122455404354,47.66864031879059,48.95176689477088,72.97691867077769,79.60674330361415,42.50021897648125,63.43311165296003
2019-10-07,66.20716942334452,58.89893899563546,48.78727061016138,40.78890390803245,73.29469672948703,68.9366654592507,47.3521911550627,48.35920824254189,72.60143607138488,79.20718774936331,42.64367248186733,62.86641116773233
2019-10-08,67.84574415690989,58.94178294653055,49.61183532180675,41.65764143565686,74.70441968536429,69.19691379864618,48.09085269245651,48.79397799747646,73.11431865494387,80.43997750643558,42.78006298874049,63.806514914657086
2019-10-09,67.42245664123611,58.578141248341794,49.885635159796045,42.448799111382776,74.81604107343173,69.29829251421205,48.611649932207094,49.67265156499938,73.16361889259643,80.98606796394009,43.234028227960266,64.26014847306304
2019-10-10,67.6477288515198,58.61917974159265,50.33128403240347,42.94847167487221,75.69632735728729,69.38043807164279,48.661348002550234,49.233476456392275,73.0389093063558,81.67719178960412,43.15436163583273,64.42765513370573
2019-10-11,69.45038162969807,59.191710551903356,50.87610280569318,43.497553736411454,75.04611428621163,70.93047767877472,48.82081130041233,49.83274469156047,73.55832289299542,81.64428762677059,43.18829666621913,65.05499849219596
2019-10-14,70.16456998826035,59.568990227476945,51.01648737689789,44.05700499683271,75.94882463541508,72.64485653378368,49.493843440835064,49.95037778680016,75.16435817200076,81.15100311769582,42.91125959760965,65.77750996788754
2019-10-15,70.49341843442221,58.906656072206864,51.11629192655565,44.35678694866966,75.82394131641904,73.45575252692701,49.5585379638755,50.493687240733756,76.53633252717495,81.13346248895672,42.70979598189616,66.02971036562276
2019-10-16,68.85703233804813,57.69000243546866,49.661699501890446,43.42643409327149,75.38638707826311,71.03323163266495,47.69902732422715,49.043314627660244,75.43549231695637,79.47584583433313,41.24436466571404,64.4202973618539
2019-10-17,67.97301531180995,56.89323550750524,48.97822854714926,43.30216644585211,74.73408026443461,69.03152749612241,47.59129786071128,48.75543820896515,74.47932893504893,79.47221850547129,40.94739917331835,64.00720373683043
2019-10-18,67.665859776912,56.91724149980899,49.23889635020775,42.94356758358221,74.9274781704542,68.48086587899641,47.466622497525606,48.69374848060307,74.26871366733981,78.7481026710543,41.035723582546204,63.73804962564997
2019-10-21,67.38615385290677,56.41617606589061,48.86205982752544,42.624183341623656,74.08953193954753,67.40784927454989,47.16424647448378,48.30591792667167,73.75438947708196,78.25644320612615,40.73880870567888,63.13107299444336
2019-10-22,67.67355164997755,56.61974538729624,49.316653258627916,42.86768903023056,73.78200509019354,67.49009447370187,47.13744043855526,48.49096042982802,73.7412824749023,78.42562901164207,40.72786910343253,63.282543738132546
2019-10-23,68.82430563047255,57.43905659987881,49.75632446903654,43.711712604862974,74.67412279542812,68.02090720465415,48.1914045271029,49.27757157337516,73.48403300356094,79.74697736518851,41.81648004495641,64.06807586540009
2019-10-24,68.31316329102538,57.02676414651536,49.36741750821441,43.55656694312393,74.78130102973856,67.17935632332204,48.07800453824733,49.153445988474196,73.27405631166337,79.17945744916548,41.37931792182599,63.78037410182098
2019-10-25,67.60600217712646,56.78120253324752,49.1242719468349,43.467522012135404,73.98022529744594,67.02604535638915,47.764166881504714,48.37394000002924,72.53747231581909,78.87171551510407,40.89124546813665,63.07616141963926
2019-10-28,69.26290826829766,58.222624918226295,49.79486062951928,44.57816257593283,75.87556061963751,67.49999671892567,48.653250963516875,49.36346195120425,73.393895866539,80.77689578995847,41.648658595108216,64.39051061520126
2019-10-29,69.6414410378761,58.15655099773345,49.70766892196989,44.67371921454779,75.54730014082948,67.17827294310781,48.32251070372855,49.036717831539455,72.52413913050107,80.34866199765793,41.67593406531146,64.12308150052604
2019-10-30,69.03858819012007,58.03951436055489,49.06794970941981,44.071995311262334,75.5491496545325,67.35885765168116,48.04424120503764,48.11018266451656,72.06386178030205,79.46549917834547,41.29408753464765,63.351662045214304
2019-10-31,69.15467097021181,57.9460429363437,49.05844581908529,44.01834908417046,75.30011959665637,66.88936505194374,48.16824246797568,48.049707257568905,71.63433628228884,79.39525046656654,41.3886292353007,63.52856439645205
2019-11-01,68.36591432371306,58.503411580235856,49.37058007399793,43.9337668900565,75.16367126173895,66.37976777516656,48.407757831497754,48.768896918009936,71.45134526927168,79.29195502369384,41.78458991598568,63.82634199728767
2019-11-04,68.18832669922664,58.26348145236943,48.610776889237826,43.54181162783936,74.86879097445679,65.65035213436433,48.473305691858734,47.866049396423065,70.90214282901113,78.47010628147565,41.57025563043577,63.398104800951614
2019-11-05,69.21187816312849,58.31482966083337,49.17394286885512,44.14285388368698,74.8935708211731,66.01086508498048,49.24426096007827,48.91028928953343,70.98953266347449,78.38011692339802,41.687662478220474,63.92835694873188
2019-11-06,68.4237644643579,58.05813916275173,48.4898484108715,44.34901462594441,74.84429771256431,65.89359972831545,49.05246367339572,48.461584172564244,70.57538743392018,78.56629347708176,41.801755060107574,63.63972726631031
2019-11-07,66.78637326630177,57.42240921366473,47.548892797812535,43.86525721909583,73.60172072899778,66.402352635843,49.12481705598956,48.20539859435643,69.98592695106653,78.26094694262355,41.21938341291093,63.072974419432626
2019-11-08,66.43728963772521,57.32757441705333,48.17655915995041,43.80048202625221,73.77143409655994,66.46981101848681,48.78395434002604,48.31275985985829,69.8058584032468,78.36009928209484,41.07945005320587,63.21153641933388
2019-11-11,67.49808576644183,57.75220979221595,48.39284931659561,44.040399919402894,73.95340355670243,67.62889698900322,49.18741025497506,48.670101191275826,69.81761633125653,79.00300532566168,41.66239096220867,63.727686836263956
2019-11-12,66.54568246002138,57.836204099032344,47.31515381103573,44.17912937244453,73.30722031427693,66.61784179231586,48.68305325434304,48.54529006635009,69.34046322657193,78.65619500521375,41.21511911764749,63.345843465041675
2019-11-13,66.62973768393971,57.900756959507326,47.87434718173611,44.406270277093356,73.56173165494363,66.48179604490198,49.303182095365436,49.36059942477978,69.33496505233464,79.88511221097517,41.3726917256736,63.58207391022865
2019-11-14,66.70027281855084,57.91471464530906,47.584457261390085,44.207376829488666,73.45239421716875,66.70794178042273,49.730707739282416,49.27690717022836,70.12922934790178,80.44474004858135,42.21944388417904,63.547391048922904
2019-11-15,69.49080610784526,58.801219856928256,47.93466810152904,45.92995262296925,74.66348790118106,68.41932003364379,51.14997904530271,50.81904693063205,71.64620624634203,82.23638844392353,43.790830219961215,65.381650953058
2019-11-18,68.95408761456227,58.498990144917414,47.556915336280454,45.10457209476737,74.63906791440054,68.98231111656808,50.80047918222884,50.22390052397368,71.1169844548963,82.25290349913452,43.277537575985455,64.94066578035303
2019-11-19,70.0548203136097,59.62910761310959,48.683372770354985,45.89100233506465,75.4448995079801,69.79765842478297,51.876568201700415,51.77899729345285,71.07509256886031,82.2016026393955,43.72418185727062,65.8724321011359
2019-11-20,69.78897412886434,59.919410974162524,48.81795490046771,45.870293973429085,75.58154541748476,69.63937157082846,52.01831257721994,52.22146973552601,71.57512404774549,81.89820428270764,44.06379955995078,65.86381759440482
2019-11-21,70.5179307152623,60.04762591479281,49.40660168504068,45.77752861898835,76.04215424490484,68.58939709734494,52.037006575727084,52.60457966210937,71.53750338656052,81.3605068424993,44.14179829740599,65.80580372247857
2019-11-22,71.6720396421279,60.23761655382145,49.81151423131675,45.77312098435051,76.39243011041127,68.82192795039326,52.77596533113626,53.05105685003615,71.99875545775683,82.13095005944707,44.14927373683231,66.31056885255327
2019-11-25,72.41155897004444,60.348749241227075,50.58702001219939,46.61826575683387,77.18028160256101,68.67087091198042,53.92964885882887,52.828391228116956,72.89466650747757,82.45457487048589,44.815802505923344,66.93437912031816
2019-11-26,72.81876977633584,60.984544025452855,50.99002036715253,47.933905486828216,77.67794534289408,69.30708880905753,54.73589319622758,53.775318545370695,72.56149924429124,82.88479177135635,44.82653792369593,67.81571364201392
2019-11-27,72.74218340875804,60.66348383863267,51.285008486913654,47.647796956299196,78.10130137538313,67.95375296270507,54.57889395810558,53.25741652169934,72.43796009306472,82.68907302909336,45.47365172814269,68.06726406411276
2019-11-28,72.57279369601757,59.90069236378832,51.55044622354673,47.383884879834326,78.02003438963412,67.48753491865202,54.18950569119257,52.66269280089359,72.30016742760395,81.36682384257111,45.67202350096768,67.6823708171321
2019-11-29,71.80235374405466,59.99280927644794,51.46158336744329,47.34882997932014,77.55005227258408,68.68162682378976,53.86395606837914,52.747344154618425,72.73122502471122,80.18270538417067,46.04574678631243,67.34246061243151
2019-12-02,72.71462377909629,59.92743846859534,51.8670940867507,48.480611847837594,77.23774387432458,67.39622619660189,54.05501370348613,52.82549025660861,72.91824803030978,79.95332953271262,45.8080082359196,67.71510999887902
2019-12-03,73.43107442245078,60.91293478848363,51.494337130164226,48.6743149469966,77.05404165407906,69.49364858453853,54.641911186148285,52.90444205936201,73.20795918213294,80.63693725976664,46.335340188017746,68.13844765042496
2019-12-04,74.81507733592915,61.115776720197026,52.223996862355236,49.129044992481994,77.41398434478955,70.59194714050979,55.74130966958752,52.88460651522603,73.77796196743162,81.8221234771009,47.7949558369976,69.12562755797494
2019-12-05,75.5627056021885,61.51508206370166,52.017203527729414,49.389757692371255,77.86108353449308,71.83477037710907,56.315915737128655,53.42945149031193,73.9494580030568,82.65634653140613,48.19197467969805,69.44458757973034
2019-12-06,76.7987817918832,61.640569044287886,52.99664587064265,50.79199693436036,78.36841409544026,71.81165979166065,57.15140360315007,54.237984167865335,74.47328118463523,84.5655207408912,48.67666290310122,70.214194521668
2019-12-09,77.74110386861675,62.52505242884382,53.67797951602956,51.73731214917904,79.04921657523649,75.14362289028969,58.21409009284609,54.96260846384431,74.85385868183522,86.3312894674043,50.00907373864193,71.31546487503141
2019-12-10,77.76189789128115,62.22423189642334,53.96592029589077,51.967778101822084,79.34320918916036,74.23456520948638,57.972321082040644,55.22701404814142,74.61020199555455,85.24638996598807,49.52111531511837,71.46222202885565
2019-12-11,77.7315321403504,61.46466159353163,52.67628714581143,51.81362334408172,78.88101380353861,72.86206373684489,56.90936605624647,53.65649352060162,73.83880989213904,83.78493198083544,48.72085194231099,70.42057450152096
2019-12-12,76.06625259415738,60.800100834299975,52.735338613475825,50.2731482545982,78.84301939760772,73.39999597448394,55.881164761148284,52.5885321379684,73.66268520057878,84.00432082682609,48.30431013337937,69.61150052112522
2019-12-13,74.59523376901201,59.89606787692829,51.43720250461943,48.61573571868847,77.88401169979808,70.88877172325205,55.110042256728335,51.83961890846271,73.63071699470467,83.12608651717167,47.40106292954255,68.63033579379871
2019-12-16,76.56810265015133,60.91994912549138,52.478273186696065,49.8785150446202,78.93013421251453,70.04081104818329,56.05443974114219,53.11176454108059,74.3597515884249,84.55940962733484,48.238280295260836,69.75851890324144
2019-12-17,75.77862964934884,61.06735648149589,53.0290978680995,49.71272756783185,78.79152829118811,69.28961996306072,55.525867085469926,52.61224262731478,73.9042116564941,84.1404340581322,48.18885061677694,69.19038805666824
2019-12-18,76.48077683586631,61.50277392324182,53.911827844862295,49.91282997719456,79.07063233190405,69.63324839954988,56.47155202852135,52.85235977758226,74.99420088020338,84.14628893294183,49.162855085120285,70.07689829963564
2019-12-19,76.34582750129756,62.16709441675544,53.96939237132437,50.47662576318211,79.44273508051386,69.24029759685195,56.74998353267535,53.01101048605824,75.51817120375804,84.8944484405646,49.46103821100138,70.51841416395051
2019-12-20,78.19423134491417,63.12993868393559,55.330675717835874,51.52121289181143,79.9897982236215,69.84971143116658,58.20560739367659,54.47787529998316,76.60265935665214,86.08693260842918,49.882965700262496,71.76554029919821
2019-12-23,79.70408692973442,63.6773492732241,56.4248600411459,52.232444987432636,80.44479099360433,69.33884270728117,59.23181045687556,54.84947602450186,76.99028253736955,86.1910972382307,49.79805524265346,72.51958519301705
2019-12-24,80.43169481454522,64.50959747882024,56.76692515650842,51.87060358887272,80.5804683583333,70.60999352374591,58.840533756427774,54.90407548509546,76.76754509143544,86.41916161209079,49.38222370088791,72.47353744273919
2019-12-25,80.32466143517733,63.542494646370216,55.847178787395976,51.593761298816545,79.8072511585154,71.64657052631625,59.18603225105766,54.974060816399806,76.93708394059036,87.50356944884662,49.07666649845944,72.35618162066447
2019-12-26,81.0349993872117,63.33579215116665,56.0353556243746,51.319475738459566,79.52207537087051,70.4238138322673,59.13404259455174,54.80941499274128,76.91947389909878,87.48454022494725,48.82593813015616,72.44700565597178
2019-12-27,80.66944279018287,62.73219386401354,55.30535293881289,51.46939684988527,79.31106528102694,70.5054112876621,59.003452648439435,54.93770669719282,77.57575569223751,86.76519689653722,50.07092727607456,72.60372952087911
2019-12-30,80.31672013901,62.34085610345045,55.789309858967115,51.085992395019694,79.0916574163251,69.6449551065516,58.55677232482197,53.88085557383124,76.94320492581458,86.32846769354862,49.72121784827343,72.24415461419001
2019-12-31,79.95875149694133,62.25079795481556,55.841073698952535,51.75819146834606,78.80198851011032,70.6975717079794,58.10088978814674,53.63706285233416,77.10855624209174,85.72606837107027,49.66213159675422,72.24906454863597
2020-01-01,81.5957593360878,64.60577332753635,56.73426669859498,53.00122027327201,79.79970219027618,71.29956430216149,59.2681945320222,54.61909086664527,77.82673380905972,85.28903520764227,50.78321104627314,73.4496450978693
2020-01-02,80.46057492913819,63.82038805556576,55.94320739424701,51.335190425589836,78.58633806915714,71.44408102844825,58.59125969203131,53.86160249156412,76.62283110805112,83.75177644646354,49.3349733219165,72.21869396129722
2020-01-03,81.34754799781483,64.69356989216584,56.35746095648154,51.679828132423424,78.5353741242847,71.70486215977036,58.23764313570645,54.557007143526135,76.58533210219363,84.23227233180029,49.245913390065226,72.43550466016248
2020-01-06,79.98442871236726,64.73215060008057,55.31115093694624,51.735829063069616,78.32629312712727,70.18057374671818,57.81312565215062,53.8224898803061,75.72236701965896,82.97334904205144,49.02946632087375,71.80209965836985
2020-01-07,80.9095182322892,64.67508357849215,56.14364049219329,51.986499263647744,78.5664283413651,70.28655416379767,58.14730979041974,54.137059223203465,75.65642135019398,83.07836908187181,48.851003569481,71.96595075700107
2020-01-08,81.48094857219674,65.35090904132434,56.63225355195641,52.9559751277474,79.0777349948101,70.47222749275346,58.93085569927654,54.600234217979015,75.90390710294055,83.62013694730514,49.70551903848925,72.60369688813225
2020-01-09,80.89751766709738,66.01657375967307,55.896222129995884,52.932803193687505,79.05224209621994,72.63015827097247,59.133254441893534,54.25170360510566,77.15064029057768,83.30646045713469,49.42744883260037,72.59035010384292
2020-01-10,81.57645214142994,66.54257491002247,57.024053049080734,53.7223756256324,79.8694120122197,73.48953168000575,59.80681550862793,54.407788782220464,77.00411502249486,83.62416845066612,49.940277453633435,73.18470546182442
2020-01-13,79.29662323218635,65.74054575934974,56.669793649436514,52.369623784277486,79.60741284830526,71.62525880951557,58.59777138155554,53.43495798451904,76.65637627409035,82.30263574831498,49.71498481683649,72.04102980436298
2020-01-14,80.36536845198411,66.5876408627026,57.97171298951474,53.38675926838773,80.05623826785461,72.70987374099691,59.642789792327875,54.103753204384354,76.92943755201088,82.931484821816,50.76406154551246,72.8734082092674
2020-01-15,80.01431028412223,65.63603405358795,57.849053999868794,52.469488802495924,79.46850446445292,73.67968419268921,59.37560518975985,53.44539854162681,76.86812391185622,82.44282501264583,50.51482876183739,72.4593308663005
2020-01-16,80.52967616968138,65.67062008289383,57.926647370324915,53.39956260226928,79.39779470480633,73.29682952153664,60.081645764635404,54.932744026369896,76.99381059172995,83.24888392643881,50.92297316757106,72.94264250699754
2020-01-17,81.04869726110854,65.92850983638489,58.499823125256945,52.91252542920356,80.20225382049739,71.80047417492462,60.32798471205314,55.04268805222057,76.70923363221479,83.08104097397633,51.346533318012064,73.10572251411232
2020-01-20,78.49286912630048,64.70994721308611,57.60455684410179,50.485420669627246,78.50352569260919,70.87653187514856,58.5168356680992,53.750509833282635,76.31222847661012,80.7176028046849,49.78517802387301,71.22959633246678
2020-01-21,77.85548181598838,63.936755027783384,57.495430131768785,50.27557785190741,77.61359473156818,70.85490311792074,58.0224270757884,53.20127931871147,76.54498836580896,80.53944281625192,48.95640186146099,70.71506331286837
2020-01-22,77.32513866533289,63.945257418051845,58.37504716317839,50.36172666371655,77.84885643391549,70.63711873227396,58.38816191473689,54.462514853542366,75.8320639987589,80.28670697122665,49.489018592081806,70.90029016613487
2020-01-23,78.78834427698487,64.76424753236527,59.1344293532849,51.33827406200271,79.07064626601768,71.91746977283609,59.77039168562186,54.49196963413655,76.4383896661477,82.7511273572805,50.78450577889399,72.03890856073741
2020-01-24,78.63452203902973,64.87928922368252,59.8283804700079,51.70482395553642,78.74957256223225,73.28936283763599,59.28810703235815,54.52923767693709,76.41236012933543,82.81778810572355,51.07509628967066,72.2760763208401
2020-01-27,78.67268624126915,65.32014978060472,60.473318807188434,51.87395997034871,78.85291977048729,70.81028785875326,59.015084806142184,54.77117240219892,75.78713387427165,84.33985707725928,51.13645849683601,72.49248214870562
2020-01-28,77.3817972407873,64.58986188166458,58.85758691759661,50.6944087709471,77.57557321091782,70.8668167773643,57.525213133348,54.41568996261961,75.29403185163481,83.51966576350918,49.91452221686044,71.48906354799036
2020-01-29,78.81542838280613,65.46532515951935,59.165144584832184,51.643438491345236,78.05167859060994,71.95173551678144,58.26647210671504,55.26624883691428,76.14965071232379,84.7775735724037,50.43326180495475,72.54863357394338
2020-01-30,79.6154386195129,65.917430958375,60.13310642887125,52.88983268919456,79.63145803227319,74.2226564570026,59.21168157081933,55.968895294319,76.9575282065205,86.72870930970909,51.27218958422102,73.89879625595401
2020-01-31,78.82826205355975,65.51691896245367,60.23761242117595,53.13555493315146,79.73297300198219,74.22580533713162,59.31273209533503,56.659472017372806,77.2118845015186,87.07513589363609,51.41848968068417,73.9494047203454
2020-02-03,78.51101019735655,65.5418000573688,60.33642319669927,53.84475380968937,79.53384560085703,77.21169502270804,59.071795134657414,56.81389018711691,77.98809404414251,86.85142673689232,51.67495477812466,73.81495601688158
2020-02-04,77.34402290125928,63.996848776727546,59.15066166773356,52.554187149035016,78.73823217924489,75.07331609176336,58.494611400870724,55.69211443676885,77.09150142787685,85.43969612674202,50.833068295081176,72.63969924602365
2020-02-05,78.37655115105233,64.604971994168,59.774890513739784,53.145657085099984,79.32480072133482,77.0408467506026,58.86279996544032,56.140356168460016,78.09006209514313,85.48935165173617,51.493504242832266,73.31523862992074
2020-02-06,81.36452738101153,65.85014979626935,61.64468617145402,55.067252191257865,80.70783923047296,76.82881545288399,60.38701413155775,57.72414737324528,80.34092728023519,86.8465061249104,52.439854914834015,75.34117628040731
2020-02-07,82.82442549126918,65.93710296745023,62.24723074122343,55.36143188370184,80.62677604730854,77.56657228744311,60.580926923272315,58.26060221779878,79.23612919733823,87.99792923113536,52.91004700019367,75.91562606426464
2020-02-10,84.37345041643034,66.93394580283109,63.4813142676343,55.685406961266956,80.83707745544217,79.62339428420206,61.332248038222936,58.33283942888961,79.70347330252153,87.28230643736083,54.14456920216012,76.91268365023598
2020-02-11,84.94387670928228,66.97830167016639,64.1671065274062,55.817930673456196,81.95787513070522,78.48224657341852,61.7718961307346,58.75118071208614,80.63798429723106,88.9095395212793,54.17436944299215,77.3634344130967
2020-02-12,83.41917809169996,66.07035833318767,63.460027452176945,55.66890112644454,81.1354951904375,75.38306909107605,60.92948252256713,57.84824934387368,80.39247357565716,88.84985040264847,52.78783763533017,76.6260679271739
2020-02-13,84.21605636536577,66.56418039602767,64.61769793220225,56.44270231430977,82.35278992991805,76.73040956451092,61.5058595769361,58.92562551134706,80.70805978016104,89.67515495693335,53.849013885107496,77.68881165754492
2020-02-14,82.79011389764673,65.89999017016865,63.527026528785726,55.93075738680815,81.41093793868411,76.68434601756215,60.17201564445863,58.27382813598505,80.89698658678171,89.99473408594673,53.8252507921362,76.75293183644077
2020-02-17,82.66083135354728,66.85062895130048,63.701572565120514,55.414659596378904,81.7761314125968,77.64315329271831,60.01672909058391,57.59466755620858,81.21273665879995,91.10120384386116,53.96887939541043,76.5144098902781
2020-02-18,83.34919557008666,66.28660097945368,63.906428726668366,55.97639448154985,82.36748189549816,77.4396690944529,60.18469424193448,58.52899164684926,80.66888760353554,92.35549148131291,54.07611390512487,76.95615024604281
2020-02-19,84.96869323997115,67.21427161402987,65.94473409114936,56.76248957547705,83.17559382551879,79.35608426696548,60.92156472063151,59.922297768567304,81.83206414580907,91.88362252976992,55.28942999330003,78.24380309837976
2020-02-20,85.6994974911247,67.57752797933895,66.58297690357877,56.93326670626354,84.45886045699845,78.58806154066163,61.36009109061362,60.04058314558344,82.1207171712432,91.05153776106994,54.81824273015248,78.89019238892287
2020-02-21,86.84957295999352,68.41630890419475,67.33569910944517,57.49135919887743,84.48739942175831,81.20091088269497,61.987389630071746,60.05609974527039,82.5823525164023,92.11512196982775,55.29233174196142,79.50019906509615
2020-02-24,85.68026111441309,67.48832500032672,65.96167370534654,56.650671688799505,83.66810929638368,79.273450597578,61.837902049429985,58.86138552764422,81.39369599616225,90.20079532858641,54.189504325155944,78.45867846582641
2020-02-25,83.63619256305871,65.13716722336179,64.0945599274583,55.82270011260917,82.07461076867123,78.50226121820218,60.88075405349037,57.52776313451704,80.66267250643129,88.73974076666082,53.396927373175494,76.67940271901604
2020-02-26,84.00420331316366,65.77061290667132,64.33163111785305,55.23926601269857,81.85222449935661,78.37303671192717,60.66196387922842,58.17282819167352,80.83557851512909,88.57011655031184,53.06116549934524,76.81970195759583
2020-02-27,82.52383562565736,64.63386108064807,63.46359142773702,54.68629095647649,81.05523005768585,76.86188325431667,59.669560885049655,56.980114432214755,79.83139370701302,87.9134835543895,53.26985965401329,75.88478488789143
2020-02-28,79.7635749888211,63.33729450962653,61.511266393550045,53.92458846959832,79.45373962572184,76.45051127234997,57.443359810387285,55.186208517161795,78.6636131631963,85.94723784833812,53.03276661060208,74.1385282733052
2020-03-02,78.0064715219005,61.589309878816664,59.42376406998727,53.116092850896635,78.17432597082549,73.47967799354123,55.34563043037573,54.03287782011933,78.40650204626472,84.3048657715827,52.63827548243975,72.48873188848998
2020-03-03,77.51050204402969,60.73138613467122,58.904295145012,52.46057196726729,78.37663857468459,74.0616414066246,54.219194263720304,53.508485825003795,78.81109341230805,82.5567370365687,52.61130359821375,71.89593574723655
2020-03-04,74.47239924681234,58.83664303437759,56.76525683211753,50.20085039757244,76.01752751437434,70.76331104187082,52.537386540064844,51.53312111254061,76.66463951083513,80.19617313728874,50.47410449804279,69.53086531148061
2020-03-05,72.23720285616383,57.95742070561736,55.47042828287635,48.64012190780829,74.36631326476785,67.87925617777442,51.102467021430364,50.12392041139998,75.91471190599579,77.9867598326478,49.09286529826728,67.88076656180475
2020-03-06,70.98412193648193,56.828832548782195,54.162583037568865,47.13608061935185,72.61154659756943,64.72575093117834,49.01003290541831,48.38901893718972,74.57518933437323,76.69353604348186,47.99224687011002,65.91556064844843
2020-03-09,70.95018657085203,56.802562001413825,54.30578848026808,47.42509603981858,72.63129423256044,66.0373300055215,49.01452300131846,49.223674289198904,74.51336481363188,76.51623596452049,48.344522319906666,66.18059990789843
2020-03-10,71.51670645988578,57.3647554296051,54.01960918336483,47.99812905511404,73.38153403718725,66.59762494202887,49.28935128710031,50.00869566975863,74.97149517751302,77.29256723568419,48.50310878338218,66.71772535234007
2020-03-11,74.71323362668161,59.033197833317985,56.28783884266832,50.27218470544235,75.41670027969467,69.22858025959135,51.091669168675494,51.9100360936145,77.22055964961595,80.06318966539622,50.29997711256916,69.19484965321844
2020-03-12,71.85456870473446,57.738515698705015,53.8163025488338,48.32769951849692,74.2999206595848,65.57666110005452,50.03799185538745,50.872303146035534,76.37322180937997,78.13565419645867,48.562116241815616,67.36434548899018
2020-03-13,70.96455373458514,57.2157504566166,52.59773608500014,47.26140401640323,73.81422311955919,65.71739154756635,48.80422838861108,50.92807965623446,75.44183084784527,76.81383650711008,48.12380569794809,66.58189766306373
2020-03-16,73.26932516150971,58.26904813668534,54.06840300913278,47.752487750479425,75.52759367480225,68.02216243979431,49.58318375182189,52.05947668364044,76.19568364162413,77.99464702872964,48.966718379210434,67.73184363751302
2020-03-17,73.48389926718626,57.87636995586355,54.11813513652588,47.080670531671394,74.94280498300374,68.05223408642553,49.464887605120836,51.977873283666774,76.28500518926529,77.66347413181995,49.31499664086992,67.51384947497077
2020-03-18,73.37650463304051,57.56281363602403,53.55146893314281,46.76376909803865,74.25581507671286,68.34693513547828,49.30764662367889,51.47021603285966,76.60542211649698,77.76548773149747,49.334197684416345,67.16154821565894
2020-03-19,76.36621548780805,59.18433089290707,55.26938825157078,48.584496631675115,75.777131821972,67.8648679987947,50.36926808934095,53.29632675172381,77.92223991562979,79.24829442169376,50.8297671019413,69.29208352992508
2020-03-20,75.96113959648977,58.935374090911644,54.9080224062737,49.23716900283763,75.5873810838458,66.91193891270666,50.10865700461734,53.048693104286706,77.76916999715921,78.1043511361337,51.1149581153486,68.91616160387423
2020-03-23,74.70768701517835,57.61678941754397,52.92512075048563,48.29546629108739,74.50153755400709,65.42258116387255,48.59741756233744,52.36920391472566,77.02977594153926,77.15513216999821,49.06065846985065,67.51980009433018
2020-03-24,72.64754622557552,57.093072382703745,51.724967577071446,47.01645689770448,73.06492203342037,63.68641107799539,47.17443322279788,50.64357780864985,76.3730331028617,75.74663775206982,47.285367096246645,65.95482433487308
2020-03-25,73.01472071795548,57.24911761338301,52.01336457920175,47.90354431594033,72.90877475376884,63.69364362368371,47.06290559762186,50.38516112767585,75.78013690734842,76.86338929048394,47.38845788384121,66.40361730341462
2020-03-26,73.60290530092777,57.81512990173021,53.12576553556795,47.97709612763947,73.103605700917,64.36881085288427,47.58902482922418,50.52347181512676,76.70907951233946,78.06456069110095,47.904118444013186,66.81877728997632
2020-03-27,72.03055170616346,56.691258528282816,51.2458943050549,46.7716471844422,71.69541373958998,61.83915599566851,47.19686719376636,49.302642593412784,75.85668967591221,75.25934258990222,47.430628957689805,65.20366434589899
2020-03-30,70.78520405595063,56.28794825916148,50.63996502840432,46.20346071245055,70.72226448678758,59.99298222244328,46.57740018356574,47.61068754278367,75.15987905976235,74.27152276588647,46.883915292628906,64.08456970816586
2020-03-31,71.97512638967851,56.00719469627741,51.006172982908204,47.04043992671142,70.81758534761052,59.69648930827444,47.01308285843571,48.067007148968024,75.09551293125422,74.97712046025387,47.50735986988109,64.75202331677846
2020-04-01,71.90302289035802,57.24900799611318,52.07269992019956,47.79478997206098,71.8071335542655,60.60004983089251,47.082243615719804,48.348759131364034,75.69474875818239,75.69277082155162,48.059113970006884,65.47641907027551
2020-04-02,71.60299430569708,56.62953461916764,51.05310076687783,47.065294032817384,71.45755468209572,59.1858658258554,46.746228639568535,47.34029723007292,76.18374236481542,75.51098179927203,46.80362422731228,64.75910925790423
2020-04-03,73.76402267701843,56.76081040489118,52.05879372589528,47.26369047163751,72.67736758725853,59.61443112665864,47.684801795849616,47.99641350076681,76.41944927954765,77.4098412537417,47.16184824427359,65.53639441706062
2020-04-06,75.39871765497644,57.33162484845733,52.57011477489336,47.81210433804575,73.01314873503225,61.53995147805508,47.937093101333616,48.98398247047426,76.1266033534665,77.97978615500524,48.12592085160951,66.26313012702059
2020-04-07,72.5017244273872,56.5897287215681,50.35147199642312,45.85383999710359,71.53284740200313,59.15487842823667,46.52517448186718,46.76057067030991,75.0244280458469,75.75353201107588,46.65320532690342,64.16690204513135
2020-04-08,71.67449526647084,56.52074156667243,50.02721760650915,45.839671680065294,71.21333780694103,58.762704427225366,45.75742290307359,46.56881638943261,74.84791195661909,75.78622999352459,46.18194693545276,63.849451260155035
2020-04-09,72.50332734478877,56.471041333693485,50.69978962514998,46.227694910532826,71.60199343269508,58.08245258664259,45.80818043625388,46.91498414282541,75.17949554094116,76.72644013284672,46.56726393273534,64.37592935075425
2020-04-10,71.21165260579633,55.83241955824183,50.308778540500676,45.916066107012846,71.05914768575855,56.974701549530515,45.34639924754615,46.626530388788375,74.08157508243278,75.97107216430595,45.83975451581709,63.75260152475174
2020-04-13,69.84804506920625,55.284622690118844,49.701009368901026,44.227694063851324,70.02269363941099,56.291683283803515,43.8982159928907,45.52573268738385,73.42777940265577,75.08286772579528,44.09569263159813,62.4034956551045
2020-04-14,69.40757832346057,54.67329697093215,49.886782408724784,44.438154860129416,69.2194162737249,56.54469377430637,43.96576577245757,45.16941947757372,73.63495669639408,75.69829395520483,43.89749332718765,62.250251710876235
2020-04-15,70.51735673933878,54.972224104786015,49.37421581392469,44.55391188947493,69.48355145239019,57.116404293623035,44.715504072357845,45.849789142499766,71.99412201255649,75.84248885225321,44.03058727918449,62.746835161232454
2020-04-16,72.5180847152744,55.62357353421326,50.1712920441007,44.85262197630534,70.46110305114485,58.08465743517818,45.52275292866117,46.80345924037352,72.72639387302549,77.6119815595921,44.332254229804526,63.77122847470683
2020-04-17,69.70001247195052,55.3424529644708,48.18727647381345,43.25742378628243,68.78031010956748,56.61496835294667,44.55895438575323,45.307385424401176,72.21938904820297,75.64701076481265,43.24620294311045,62.38840114764571
2020-04-20,71.99555548718976,56.48871851826974,49.54814504808675,44.37856664704677,69.85526565212011,58.73213199692011,46.28558974716233,45.940405781551675,72.8912511105981,78.09353059288254,44.34264964404392,64.05645666649792
2020-04-21,70.75088977685276,56.41615309316273,49.175015986409285,44.20726340157039,69.55724819090834,57.683049636538364,45.859403961956794,45.1223671319994,71.49792129297748,76.75350258557037,43.8845936708112,63.354164672752255
2020-04-22,70.88803233433823,56.64783876540881,49.26695987197978,44.96394849567085,70.45170740038506,56.37842103353138,46.71471654973545,45.6702243430368,71.9477190855971,76.83348417187685,44.348648067600436,63.99037892462823
2020-04-23,71.64247767261931,56.97034145022655,49.57543146478376,45.22049234905038,71.00923820442915,58.77118542316603,47.765542528446794,46.561293013904454,73.42962456306195,76.77477654921006,45.00502513521277,64.8117832767796
2020-04-24,72.39415597369407,57.81662903424923,50.23584195093092,45.788485900571324,71.64660948430495,60.411418850633694,47.99604983052199,46.86939302327876,74.02560442538851,77.19823037748283,45.39934532073416,65.47964980983545
2020-04-27,73.08277447614148,58.124560499151116,50.256240976641855,45.85332904125496,72.36381791287188,60.40811249740028,48.71729783482927,46.81148976364821,75.15740676400296,77.23452921318471,45.20632413723529,65.60437793006167
2020-04-28,71.373429022091,56.926053479262684,50.221037617159645,44.70159956999904,72.30135046791604,60.757236019910934,48.448005510810574,45.57178513803659,74.8640228112351,76.34061896127955,44.622903697053076,64.8624472391686
2020-04-29,72.45537262374107,57.467879563385694,50.7500156104039,44.70512965657797,72.45308118942978,60.134842544116694,48.84209796133015,45.731514869667784,75.053125940034,76.48738065561932,44.92567155802458,65.29780037780614
2020-04-30,72.91247452694397,57.35533091977968,50.57551852765588,43.6507625256674,71.9125989672895,60.705821717025486,48.71022467948997,45.4075343079512,74.42305169593659,75.82960257866588,44.94989268895529,64.85298866502326
2020-05-01,71.12718528238183,55.90372055920771,49.80566201787967,42.10176773017412,71.10900523323106,59.03102808330638,47.45521462597525,43.936701487160455,74.07032254584965,73.84981764722613,43.77708901216518,63.229747564237705
2020-05-04,73.7722351334911,57.34367601118598,51.29290287215529,42.63839686243467,72.5241260928022,61.793711095450696,49.02384319474005,45.28011653920948,74.64861765489898,75.37211707260353,44.84991377531132,65.0576843830458
2020-05-05,74.41623845727065,57.796355131032776,51.756733190086294,42.74667064555891,72.68208714564985,62.04396603992867,49.13071753745738,45.30137302796277,74.68790935758453,75.87179076802506,45.49476455192358,65.5478174575503
2020-05-06,75.42427971878313,58.528978743052605,52.50445214834285,43.358578341926176,73.48217561706679,63.555010092838856,50.01832683610955,45.905972627248495,75.27773202080384,76.66909532761572,46.36826856885668,66.7749591516856
2020-05-07,74.95322085070379,57.8659331657526,52.09622458844473,42.65414799034777,73.17825112480254,63.3863065060039,49.42934551150896,45.535194172264845,75.06799846347766,76.1206490194196,46.24342806595011,66.18790917876754
2020-05-08,76.47370941633021,58.358581652749066,53.43265803155742,43.128707820569126,73.82708285721895,65.44954088997197,50.57253456056164,45.74317010489236,75.73272926533868,76.37386050208093,47.7879294443983,67.19316211299883
2020-05-11,78.31768730574157,59.06243039545751,55.01352323682986,44.331255037578835,74.5208339392561,67.19234293985659,51.62658604484021,46.552837561994046,75.7322034133027,76.55104334348184,48.917971989455744,68.29655448620952
2020-05-12,81.17112287202093,59.365971893898376,56.03656474748924,45.032395182269234,75.21050201192288,68.8869067146514,52.66059356416362,47.76862080169696,75.86169265571137,77.99244652720645,49.22319835834701,69.39375310229272
2020-05-13,81.6104474950153,59.347529245095444,55.77039458034355,45.127798284628184,74.65763577663101,68.32270593865375,52.630893612802666,47.55079265680713,76.69693977248303,77.43264288658162,48.84906454035451,69.40645810259096
2020-05-14,80.7639312206759,58.18918359527816,54.718802171186596,44.78506073910442,74.73691314687504,68.9731287518026,52.346530065260666,46.737475678276056,76.26094042321171,76.64530198168794,48.44346871823796,68.5928164103374
2020-05-15,81.52174154695531,58.13591404343642,54.07816563823472,45.02762668455949,75.12553422551294,69.0430769949534,51.49404007638548,46.35024505855325,76.21961030183769,75.86347895412419,47.70554390028758,68.49745046553836
2020-05-18,78.7305600992097,57.01582249376014,52.79323339913723,44.137530412182066,74.62959864701494,67.0064078080259,49.97428045226877,44.762447215766045,75.15622665836949,73.47182258897547,46.41790937542381,67.0038635309852
2020-05-19,76.6023960046698,55.822636905866304,52.33781045021539,43.09939408875733,73.76615189038989,65.34413812254634,49.334521698403044,43.71862259010149,74.61260416841913,71.54893588417559,45.672254234838974,65.8810230358532
2020-05-20,76.53198284732721,56.171726538072605,51.50343710739422,42.80041747412181,73.8755988759028,64.3454112400606,49.280754518266065,43.34119754349863,74.33373018824663,71.04980381654109,45.53804047650507,65.96821533188846
2020-05-21,75.35229094615279,56.38252915193485,50.11130267090351,42.07185345877533,73.62733804138692,62.932537666551916,48.94732289182001,42.78671634597423,74.47461026583042,71.13319624916404,44.74637563859756,65.3352152172408
2020-05-22,75.61734238818842,56.77784862786221,50.58850515354136,41.85855554647437,73.86899211399304,61.49596547774851,49.3416827631815,42.52632379704821,74.83726130832409,70.57663088878724,44.655854609046536,65.25285082824269
2020-05-25,75.40198511405357,56.2470391620327,49.954378816907735,41.8280102440474,73.15925901077252,61.605192867597346,49.53756744566863,42.10772237326279,74.82041225023391,70.59080605630092,44.470311393974995,65.20705710624812
2020-05-26,78.04486782565988,57.63275375475621,51.2402531893973,42.75700203335218,74.23282565625927,62.99086911839693,50.179290883060226,43.01220951498516,76.08284956260243,71.4853522058413,45.194242044570935,66.50185570083046
2020-05-27,80.08897710264856,58.35972192127493,51.56901223512209,43.78405826247512,74.51190295828164,64.18736370196733,50.851936034993095,43.94580285038816,76.58620401842107,72.28909304459131,46.011865730409895,67.39801288674316
2020-05-28,80.52394482582817,58.32553579967279,51.891316125156536,43.74802710582009,74.48202586695608,63.057799931064565,50.49492588995664,44.176601507692965,76.39906154926986,71.50452922996902,45.74700466964789,67.39427581925762
2020-05-29,81.48641967913737,58.71984926389195,52.970041750370186,44.98974886637159,74.84381069299315,63.62782452506072,51.33405761050563,44.66757959222317,77.41658127915507,72.81354801848629,46.249021083997235,68.24218931230335
2020-06-01,81.1484596128979,58.33258835305259,52.605259721970334,44.964099778861765,75.11865236242488,62.4790592746965,51.228880333426915,44.26370468896172,77.07110737993727,72.39016538277204,46.34466431158334,67.73296988910121
2020-06-02,81.33755573751648,58.678205696425735,52.77360467698634,44.643040243985666,75.1741530937905,63.09938247490561,50.983548610696836,43.74125732622308,76.57027723765479,71.86080499672852,46.51553209515622,67.5298537874339
2020-06-03,81.64458557633098,59.34292636337888,53.39700066797391,45.43347193281516,75.6311196459897,62.506686126560595,51.674040712982986,44.09155788814413,77.75168423484133,72.82960672590728,46.98025092776229,68.17618364608755
2020-06-04,80.71709647949872,58.56547266644058,52.90292377036325,43.79128763732519,75.56257448531,60.26854256812032,50.92045175560243,43.69101779999067,77.16133173890634,71.1029422357728,46.294763859466535,67.35002895507776
2020-06-05,80.90067519289342,58.18752878288475,53.50688792935853,44.13818093886062,75.41681290138608,61.153601205230565,51.369037956027476,43.79311807850279,77.29440562659981,70.46900043681926,46.264309609527515,67.1873762077291
2020-06-08,79.83320904336803,57.384929770675065,53.17876847887243,43.62486361665467,74.50990298105096,60.49870779172137,50.677475869044244,43.58209805697177,77.49274972679329,69.81465754224179,45.71170790012131,66.31958072941508
2020-06-09,80.86014044958705,57.660272604629334,53.03455827673438,43.83991646860365,74.51702420028171,59.28577106711885,50.833365717554834,43.13390711636148,76.96379063122319,70.71271624475024,45.2928946613199,66.42442110854321
2020-06-10,83.12024462123689,59.146755465040165,53.7641702150158,44.12003638465761,75.19677325615514,61.58037609787832,51.94569145317375,44.40742752696906,77.54675943158202,71.3627965789316,45.79572268998129,67.5437415255312
2020-06-11,81.97126047087274,58.38186136902641,53.24698024586735,44.6176374492367,74.86333864690889,62.310002427856595,51.861906771843834,44.15115192289402,77.72791648309244,71.88764834692952,45.85408996418071,67.05853439043649
2020-06-12,82.30699917234256,58.50130729764507,53.34235595929406,44.66868438296986,75.30789142263814,63.48251500240089,52.22843893576141,44.76175944411028,77.71683308854227,72.65679786887112,45.61124695175198,67.23781382103815
2020-06-15,81.025038891541,57.91793338846078,52.86458747990341,44.17667786905623,74.83992015578733,60.99530472646813,51.721118474166104,44.30491187270895,77.14946729207213,71.53007539559415,45.802738242479904,66.65638630613202
2020-06-16,80.32066438086109,57.08204102352644,51.967052389121434,43.994572690868836,74.2709319347793,60.264790496210594,51.10012714447265,44.13474545507616,76.62286316965564,71.07197858261175,45.513668609389995,65.91053207969402
2020-06-17,78.73687629338055,56.62666673645397,51.52584719846676,43.32014298417082,74.06481976907577,58.65724409831813,50.57674338097448,43.5085936691317,75.98897883208792,70.9170743749336,44.917622521557824,65.11569278805752
2020-06-18,80.61671341051738,57.5344390519304,52.45639921302653,43.78694805470861,74.89641707688125,59.48819505577795,51.592185873870655,43.85170419002008,76.48867604267691,71.20328168202852,45.44530212469802,66.0962926767624
2020-06-19,83.09063479803159,58.19627833170511,54.08400636665341,45.23062378366608,76.43010509400054,59.900495252236176,52.84902544285204,45.090846649292416,77.71938742602619,73.4476952043292,46.6375912510313,67.69634755268608
2020-06-22,84.16593123230581,58.067560430108166,54.43933610694497,45.151546624417435,76.74292250019951,61.705379749230616,52.97131441219918,45.14768317325179,78.00772615791479,72.78965030492873,47.19357343836775,68.05279917199194
2020-06-23,83.43429781395396,58.15175056964114,54.2902288561301,45.058354752982815,75.90235288472297,60.5943580641127,52.49810092910812,44.761460486813235,78.57362489044482,73.10361046074489,47.02810806793935,67.58849335698578
2020-06-24,83.32535363729156,58.62529091243768,54.29352752978013,45.49672626205228,75.84647591048956,61.35927480317807,53.07604054097095,45.27176695440409,79.07778202842333,74.17286870528334,47.90787874394054,68.09550609230087
2020-06-25,84.0732864246948,58.65559750684849,54.78143973860564,45.739451172798496,75.07058177783075,61.81099911025741,52.75974727032177,45.351907043743076,79.79532533830519,74.90735280161488,47.94072700610712,67.89306911503374
2020-06-26,84.80541581575838,58.88174540764476,55.484614017836634,45.7585719689115,75.91118597603821,62.9512857535128,52.90960577610655,45.96083819028604,80.25656963577629,75.88709634646159,48.109892659075406,68.46840594785867
2020-06-29,85.95262328607546,58.895813786192456,55.91195199531786,46.376224945528385,76.23274353074487,63.54803309090693,52.99696260194931,46.426270199134635,81.29702232282044,76.20211489852572,48.49682461018514,68.69638968974323
2020-06-30,86.54036634008936,59.21286082101928,56.40374462771345,46.65485242671517,76.21098677476908,63.434905182546174,53.0281923063184,46.01574560695656,81.3961571630057,75.37271824137305,48.95843641423514,68.9173157848067
2020-07-01,87.60686690147173,59.34428232979305,57.314679694596094,47.718491206164636,76.15639116345118,64.11093982479615,53.60042356403403,46.709452302267486,82.33187839068783,76.79406392149107,49.25327610473843,69.3664907825315
2020-07-02,88.18307391699051,58.64559221054808,57.3025650956872,47.181207208227974,76.0241577220121,63.48158694656236,53.11408542002075,46.10292819556911,82.19280074158452,76.77517727122526,48.60608804695216,68.98886505479014
2020-07-03,88.03190142230342,58.44964036088405,57.19097577625466,47.66081813406211,75.79183512903623,61.1867454579853,52.76906361742473,45.912365334311374,82.87975399829044,76.99086152987434,48.109808987337914,68.73506749567784
2020-07-06,87.18388718641889,57.925171200725664,56.02600366045185,46.99281364060185,75.07778270427508,60.77630756030871,52.37664365180363,44.88039278966306,81.72663875048694,75.46129602806394,47.4754148751803,67.56989128870077
2020-07-07,85.89426320566847,57.34022384689877,55.096732951400284,47.0620610640596,74.56309304830201,59.93784218570145,52.282901133737134,44.25727937386495,81.33249656451139,73.7852654795771,46.92898593678246,67.29577375696974
2020-07-08,85.04950215538597,57.026888672568724,54.330357077155554,46.04478371351902,73.47415416408664,58.48814151145003,51.19189385078769,43.83746921152114,80.932519626566,73.13913929271263,46.923856914997344,66.3577419625707
2020-07-09,84.81663429078081,57.212973412204626,54.163261446091305,46.189060125342905,73.9999143368281,58.06577192913757,51.50029961601912,43.41842296436761,80.4248545954855,72.49088215101659,47.16069251119638,66.2873082613059
2020-07-10,83.8485597239717,56.44232652644116,53.485976192540505,45.93845446802454,73.2023853985536,56.28918394193564,50.86349589028379,42.76246512376432,80.77511925373089,71.84274830750034,46.00572728012685,65.67380680598265
2020-07-13,84.00358541338188,56.50073641824912,54.57192518405202,45.719976103275116,73.26126382262078,55.42600088781696,50.6960702824757,43.26274137933942,80.7732079609597,72.19459655153518,45.66684141311123,65.76687791538241
2020-07-14,84.69827346066921,56.71225862229466,54.14497984037043,45.57379535053999,73.98711525737119,54.357614733414565,51.169623691185215,42.73550644449084,81.28571306571621,71.68600233276015,45.930889251179885,66.09341363503313
2020-07-15,84.32878643184574,56.253459583165935,53.329223970099584,44.573799758478756,72.63988697444638,53.78990763426158,49.95453698317004,41.50899559418269,81.20928177813097,71.03988946752825,44.786602494102894,65.17361375762643
2020-07-16,82.50251245032322,56.102320840836974,53.366959785713505,44.67961537345479,72.52555298553965,54.15425821572529,49.506686386946875,41.41699501030004,81.19241280209299,70.07516512073751,44.36410191791628,64.66524279569735
2020-07-17,81.6763657275095,55.19972906529904,53.22310598167036,44.26729985486457,72.12088560223768,53.60523426554049,49.177319044069215,40.84173959933203,80.43948449844088,69.15207751505787,44.264495231442105,64.07608650532634
2020-07-20,82.02780516699005,55.09519335545389,54.23437953427887,44.99282202586075,72.44028791259744,53.25065692938759,49.825801058156195,41.40630364251817,80.14886191172104,69.98296270955998,44.86308147803923,64.58361857102845
2020-07-21,84.3632762798387,56.26120736762103,54.84087455308148,46.0054923700673,73.3664243591702,55.326460506430784,50.63370028102574,42.17202615829923,80.11408724115576,70.14562451849845,45.290699180140734,65.71998917219216
2020-07-22,85.00050701324263,56.718235544647335,55.03803606951425,46.52370429450639,73.35966275742445,55.664119776801456,50.983168976082425,42.403465313584285,80.08325191903573,70.29877285542042,45.996209232981485,66.31012232399975
2020-07-23,84.9775666322942,56.703021627296536,55.12702034948265,46.43818408601675,72.39581416988021,54.21167256855796,50.78278823652674,42.44693903349922,79.59552873003307,69.91537434162922,46.219833328316476,66.10290409623154
2020-07-24,86.2387522704979,57.53976298070222,55.9945124306837,47.10225318009614,73.79234809789983,53.77023842379833,51.99840201557748,42.89873676668038,79.88905011746101,71.32773625613014,46.68449335302338,67.10520272425971
2020-07-27,85.17753297586601,57.350187636293846,55.79179313660343,46.74351422695426,72.9737711836976,52.933017115658,50.591231201789455,41.98713216502984,79.48735165741607,70.31636401354767,46.19582337920458,66.107754605159
2020-07-28,87.3091799920276,57.66216241072496,56.913460374121605,47.64155224367373,74.03387758520554,54.96416559493571,51.70305181674072,42.74426969900092,79.5160909644298,71.55975601530979,46.712706709997434,67.13301541422241
2020-07-29,86.45837265464557,57.73691117287775,56.6219914862531,47.38557563580191,74.1440116439592,54.24733757645578,51.4429153017223,42.06765504314676,78.46422361241466,70.4854440727572,45.89826881848615,66.715636560182
2020-07-30,83.75473382627631,56.07394334750313,55.042961309826396,45.37494072308546,72.91921145740795,51.957612214421644,50.30115026123138,40.30385479307773,77.38103874150137,67.91656621840471,45.01216767812692,64.87255730966038
2020-07-31,85.55530556224599,57.60872301724815,56.67681942778484,46.89990677004945,74.37036868890343,53.4374660989954,51.465492837408036,40.97513638195658,79.41931810683394,69.33424936769299,46.71313978566164,66.63153945326064
2020-08-03,87.35385135207069,58.876318749166444,57.8220677959425,47.53617355389477,75.42290842774926,53.83977300748882,52.743993935223756,41.96549670392317,79.69600421422281,71.1050296352112,47.15335373020014,67.71775368223982
2020-08-04,86.88109112993773,57.85541224271014,56.89459907521323,46.807029499611296,75.526270660609,52.77138632752491,51.89141238840642,42.077568052607056,79.22090504625753,70.73283145750419,45.639376208111635,67.0403333786306
2020-08-05,86.77035669499816,58.09162873207705,57.048297166248766,47.296935759359,75.8148907455751,53.07499439843728,52.10557347750234,42.51569244673376,79.30831403491769,70.54838076540523,46.11690743909413,67.18113634373496
2020-08-06,87.28162666487738,57.891574996143646,56.756661404353146,46.80345982663564,76.20545129921716,52.416199857512055,51.88347977881891,42.19763785959524,79.79030738240932,70.02178596560226,45.79760640720557,67.06255318213175
2020-08-07,86.18477777218477,57.84453451725442,56.99225812098834,46.80971578550475,76.16547031897194,53.16916500770298,51.20472529790655,42.068343443022506,80.30381917933077,70.80061575751436,46.00123936463809,67.15825910751573
2020-08-10,83.65041873396146,57.13194436288924,55.46111071831136,46.255540427194184,75.28425000972948,51.50581454565158,50.368578593766124,41.050453189786104,79.46016390178742,70.22190675592434,44.79637415594233,66.18088504034998
2020-08-11,82.2364194959698,56.430870760779804,54.455171705199035,46.324831327442546,74.99948917188746,51.59759341417449,50.12960061462187,40.72661764511291,79.6538779294705,68.9615043307824,44.67124600007402,65.75256312600281
2020-08-12,82.45680196825843,56.32512693006744,54.996255750474475,46.413394279052724,75.39883341448524,52.147299127409006,50.67153965589626,41.24232655489591,79.93285584870752,68.10752674688015,45.30339531067493,66.08878437235204
2020-08-13,82.73099929465799,56.670334487130546,55.289691405566465,46.67072914053727,75.73038565099819,52.018997724458124,50.629568997259014,41.308709360054294,80.47148654719031,69.25963635587648,45.47764719157977,66.26335074616901
2020-08-14,83.8866575088527,57.557996499318065,55.71325020167826,47.44560904208634,77.08091400004862,52.569410645206595,50.97338277056319,41.83865836803255,81.9540436287871,70.02081198671131,46.36974827439173,67.09058330715965
2020-08-17,83.97679824903015,57.40076663723478,55.72762685189383,47.09894905314218,77.46428176544771,52.39361513571146,51.25802673033198,40.84838288203178,80.91225075707624,70.03852892730777,46.54356819794507,67.17113443772095
2020-08-18,86.73615896267673,58.04256844309544,56.86184872705176,47.625742106491614,78.70176426116025,55.11163989871004,52.507893120122915,41.99371362471214,81.28778772476643,71.61278176266418,48.08601135967772,68.78826300006018
2020-08-19,85.78619123692373,58.53129064095012,57.32677020072019,46.544643738810755,79.13405053894913,54.02683824823522,52.44440817492004,41.269643643637124,80.31792207002958,71.08399260157434,47.52403045732934,68.31932855301243
2020-08-20,85.34569821853499,59.06935073095026,56.88242898476529,46.92326563459338,79.41938897046572,55.096466614579775,53.066836806879294,41.298155927495706,79.8490444726533,71.1179976121511,47.44745670043557,68.5250141545324
2020-08-21,82.76694173636635,58.23915125451007,56.41557050755131,45.94129052384944,78.58525625009851,54.60083001476579,51.890929473149505,40.52083082731821,79.08948072758132,69.87467676565745,45.737089020116336,67.22866866087838
2020-08-24,82.82732170814133,57.2474390493947,55.30491870221278,44.8208619565668,78.15399758204578,53.52780467996306,51.14197322426948,39.983121291719655,78.63571616556071,67.9623201414865,44.976823720650685,66.40622208119228
2020-08-25,82.80373838103807,57.698376770911565,56.39126703268186,45.3114713187548,78.72558885786457,55.59826984790847,51.699134107996436,40.78387334533009,80.10169503449174,68.5157263125281,45.50984543917133,67.32177186714961
2020-08-26,81.84862165078903,57.3265655975568,55.723102004735146,44.69860622766162,77.8320233505165,53.14203005524154,50.55695563707104,40.817085897183944,80.42558545655113,67.6645509810446,44.64007848121693,66.70875776718867
2020-08-27,83.22927966183755,57.251496645900446,55.96488488091376,44.87190143625341,78.17481048498655,53.673979902350496,50.87698647112748,40.34818142372475,80.84276081936768,68.51658218017074,45.274470566206965,67.09203482922237
2020-08-28,83.49965062810169,57.79942694258396,56.38046643713943,44.85135160282855,78.04327731206968,53.740033638106674,51.088151185367735,39.83957898019772,80.78526192986166,68.98273486670595,45.156078488263624,67.0768877071221
2020-08-31,82.06007671227252,57.338473650651636,56.105745171760276,45.0952237359582,77.19376593954269,53.086205813635125,50.845587060826794,39.863918260556055,80.68820509459209,68.11497476538135,45.774994928055854,66.39731575957694
2020-09-01,81.78055552202215,57.31461503597464,55.81668657842517,44.662929039664505,77.08442958805541,53.48868277807149,50.66787530091821,39.84665982701958,80.78169279294838,67.80258085878191,45.84290214327253,66.19060781142004
2020-09-02,81.83297995585829,56.70212645533803,55.16040828847652,44.468075809270125,76.76898691832582,52.86948847953463,50.964533934877046,39.39617069813098,80.34856613062105,67.5088572400601,45.29867491824917,65.8738088089462
2020-09-03,82.10611793317584,56.15217406838761,55.77220841399695,43.974160168780905,76.31785198375086,52.43130647910317,50.55467128874551,39.09712557289403,80.51150160271219,68.25920836776841,45.074493529808095,65.57636479270175
2020-09-04,82.36214417086438,56.24619031550283,56.91123193507157,44.16628853137541,76.038888961945,53.754781279810175,50.99509608054832,39.419279155234754,80.62826094493212,69.24889239597051,45.71750580444608,66.10048272136216
2020-09-07,83.4695712735958,56.66409948941467,57.463662199322144,44.22150035516677,76.32043550076911,54.10262677632295,51.22353800616604,40.00977345999894,80.90636787952788,69.22208222579582,46.450178259193265,66.56132474274294
2020-09-08,83.1083028105801,56.297197545790624,57.01209475436422,43.86847213014507,76.72127708720558,52.959665000326396,50.78602281643781,39.64964215867973,80.60356263075626,69.64780547371477,46.751608144702026,66.20035744828004
2020-09-09,82.92161978614736,55.7654584853014,56.60059825909618,43.24139026753893,76.62564078818399,52.80683719726004,50.21660583921291,39.24338452445777,79.93256562519814,68.54343324393302,46.1425646256828,65.62137498149752
2020-09-10,84.04291073866315,56.0164649173311,56.882249789801854,43.52077892122218,77.20110739146074,52.93640600333026,50.192211931501795,38.96543967585361,79.76764590809319,69.29521264276548,46.67204129079226,65.83415348721662
2020-09-11,83.79724712782782,56.05376565954858,57.392255354481236,43.56320906247836,77.16308022882069,52.468267648472796,50.035756499205455,39.34759466726834,79.78690779249871,69.25522416438187,46.61912673101877,65.79391333521818
2020-09-14,84.00582485148202,57.071226307344205,57.71980267519048,43.80323776399151,78.10983074412668,53.532152322978774,50.71608317005107,39.925424273921806,80.21189732265357,69.17234074876848,47.503914575482675,66.5019175861792
2020-09-15,86.8733837402479,58.30670767657898,59.56804977121192,45.8217038091206,79.2276051661941,54.68906107608375,52.26849621672615,40.9543043642359,80.80867599274052,70.46396813860396,48.80614947865689,68.3080876556543
2020-09-16,88.8450768647061,58.36802916825506,59.861806669080956,45.87792209805801,79.50603748844559,54.51313703947913,52.45687688489846,40.918941617656714,82.05326170487747,70.82763166732508,49.23997210809006,68.91553133653254
2020-09-17,89.28602931870174,58.35358576292668,60.49410914659392,46.007936896593506,79.7149529559238,54.302844396678566,52.62276702860233,40.891980588009794,82.93681055418342,71.38044863241888,49.37413316293651,68.91875500988421
2020-09-18,89.30529827945527,58.805109134562464,61.263808286992585,46.70942561400783,79.08002562847892,54.05649525567823,52.29213342176892,41.08090671643962,83.73659047595577,71.9893039325614,49.03930713683918,68.82659582810203
2020-09-21,89.95927170609698,58.17860758170321,60.67990094203658,46.01116410340805,78.67999660350775,53.54578483151364,51.96512608739133,41.401045252397,83.98178399634787,70.40565338783344,48.61029321580411,68.25961336339807
2020-09-22,88.42089747893682,57.75149763500259,60.35590776241699,46.0213591016104,78.35186146479708,52.074615336461996,51.49215352103225,41.57980724337505,83.54041023517563,69.54263509984592,48.31421555552753,67.66291667669559
2020-09-23,88.00016554642612,57.133970542596344,60.361376463302804,46.013252825996766,78.5169035348342,52.69331735153104,50.35427497431441,40.99708310046793,82.6155955831127,69.51097079352854,47.09515406104433,67.00545963993113
2020-09-24,87.30320628798735,57.091109187882886,60.01414136000761,45.9452875298177,78.06117581353314,52.944368892190376,49.84749458132972,40.68600626016,81.94268246320655,69.52050741482368,46.712240970144705,66.7650588860354
2020-09-25,86.95469463955895,56.980279823271516,59.359177937571594,45.08434360720925,78.02775836173515,52.78516183002709,49.920784578342875,40.192110104527835,80.89369373405563,69.51815553699915,46.33432202693804,66.50411594115685
2020-09-28,87.81178682474984,57.06379244317058,60.40258487363674,45.98965383236991,78.1757264224085,53.43773711619162,50.166256445554815,40.662273565669096,81.09159492173234,70.28945498616307,47.09765287382995,67.02902802816382
2020-09-29,88.381313249865,56.795071950744905,60.42067770936884,45.83232164483281,77.78012144707984,51.33659946814413,49.77346470565157,40.24926268083018,80.07260598712892,70.44302361337165,46.96988670008763,66.78606746331182
2020-09-30,87.66016516017362,57.0377394894241,60.25398145297098,45.556245316850195,76.65474682454779,51.881142619041334,49.5611166564462,40.33606267381057,80.06588680562447,71.02451225345371,46.88097091340738,66.67965851208425
2020-10-01,86.15121506053354,56.83697292250168,60.134618043573,45.3842941486086,75.70503337900348,50.39060623163517,48.95126231811205,39.89000755067724,79.68457975280423,70.02174649730854,46.00995657795181,65.88735596645103
2020-10-02,86.89548301645765,57.97010055160471,61.45439420569774,46.017590475221446,76.97551176527124,51.753657414716024,50.03827512718988,40.743614204049265,80.17050386964767,69.70849088890164,46.991155890066196,67.00563502506233
2020-10-05,87.7529230084934,58.539264893917476,61.056155033490136,46.68895628831052,77.45101026914237,51.22342154898376,50.2576829754845,40.67366340942799,80.1525056970148,70.24583547994592,47.14212013578884,67.37461951809756
2020-10-06,89.34778852459092,59.32296861272312,62.5492238129545,47.48217210117606,78.44072159687,53.040424039586945,51.78920726825898,41.8352884864789,80.94080745155185,70.92200775261306,48.4258612043572,68.6161297581652
2020-10-07,90.48926621003153,59.60167881837428,63.16785580941786,48.140535734772165,79.83548379315906,53.16783538282108,52.09738653073377,42.1434971529452,81.60817869207332,70.41766773058424,48.74130058695812,69.19447310533614
2020-10-08,91.4343617623549,60.713168138828,65.22615527401186,48.59511296398753,80.85173526601429,53.978845528166715,52.84037972925969,42.454685962208586,82.136682502912,71.30563390575058,49.50824866538065,70.26082529223078
2020-10-09,90.99955372727443,60.150577693227746,65.10211402009351,48.3303157527904,80.24377271518432,54.970024698977035,52.66474552468088,42.32761565824117,82.9108165014559,70.68238872134356,49.63901404857598,70.11273701125513
2020-10-12,92.46707875792812,60.50625943009553,65.61365778090973,48.41392230938042,80.56183002860395,56.21088307010849,53.1643988145414,42.72281596531555,82.80798393804808,71.0383060914783,50.220297189676074,70.64735552915712
2020-10-13,95.31196186144976,61.22036482217381,67.96043726703937,49.68971587495004,81.98886919236695,56.98881824659207,55.25320743363975,44.026367861258755,83.75800463244163,71.46738415058502,51.03631312928509,72.60186876693537
2020-10-14,94.43208687116146,60.44259020784989,67.19765519475996,49.08101932641831,82.01059430722756,55.604250492928465,55.31093729469057,43.746436424210785,82.96449124903206,70.97859092857321,50.47630237299352,71.73534783429012
2020-10-15,96.12337182527337,60.79507875391279,67.47299438991563,49.709394020667084,82.29764450193547,56.554979353503775,55.949207298679774,44.71833133264098,83.42536462784234,71.61905894075187,51.09957280624933,72.61428533302852
2020-10-16,97.83903388070468,61.23348902196264,68.93664917959943,50.784244539147,83.40947233514878,57.543505555618665,56.975970091121006,46.334363372477085,84.34478608316421,72.72485446928123,51.2575912346404,73.88579737763634
2020-10-19,97.31934306902171,61.68203964714253,69.17877114297383,51.56001971589876,84.0690605150997,58.49138187954264,57.48919388283789,46.521965437596,84.84910845869163,72.51304887507006,50.98950536769935,74.22873035676125
2020-10-20,98.9068910034705,61.81341881368751,70.60355090051151,51.9969207725357,84.17467655119869,58.48845520304924,57.966410364621964,47.34892492016159,85.06024442305305,72.47023173362673,51.81523003450798,74.83068392525321
2020-10-21,100.55172237917608,62.35844679883058,73.01001945989549,52.04678089685872,84.94076368102662,57.88325818479431,59.11952376305791,47.09794061361438,86.5203339037367,73.77625227273366,52.67991752036944,75.82550762096042
2020-10-22,100.51745824035933,61.90893838261841,71.90707126680071,51.55210617201735,83.74056665839915,56.69271883405752,58.33550948414202,47.42295086244457,85.22774179398108,73.68350450706627,52.12087485538825,75.34332450962356
2020-10-23,99.66372742335345,61.85617328930969,71.80997012517948,51.858631707515535,84.03444944170995,56.843816373446586,58.935669822964755,47.63991014122508,85.58716717953429,73.74482226320413,52.768798904689085,75.69020066759694
2020-10-26,97.55653013587978,61.93827998468653,70.69346965743146,51.758074294264276,82.64660549206666,56.67526036091467,57.61527748480565,47.63486832007396,85.20987895477376,72.42102607188473,51.539480460380794,75.04279035900396
2020-10-27,95.38640374991387,61.390147611454324,69.8547139393029,51.7818208553375,82.13664895829343,56.79594951909929,57.386708861055546,47.19140804348353,84.18578883604752,72.24208335963957,51.76130192454428,74.54973747131773
2020-10-28,94.16724896879019,61.140822822424525,69.05654827227924,51.808039657886795,82.52395988210834,57.35330715866037,57.24643965184224,47.061063374391416,83.16592604085609,71.51379586357886,51.190288510164535,74.10477031034267
2020-10-29,94.74541055363107,60.57788665198971,69.04455852511971,51.654543762117676,82.63644220587175,57.44932364880424,58.0393780865463,47.214734506978154,83.17049261565315,71.86338747156515,51.755400977642985,74.02492833246102
2020-10-30,95.33975526019833,60.48611458619039,69.80975472036685,52.02687602338628,82.76171933918565,57.402265057481294,57.849375485747665,47.08220146759832,83.8456317590808,71.50426816069421,51.68448608087666,74.16605107974348
2020-11-02,95.88751940163444,60.612893077943255,69.57570241571143,51.75214987518331,83.09853596766764,58.31560364960602,58.41895705605328,47.126976822699454,84.28393812425003,71.8436566878372,51.7387888938191,74.54161024036208
2020-11-03,94.42112464219717,59.75230025845914,67.67404782293698,51.42364240270684,83.22505783187472,57.222137022384786,57.73842820769588,45.3441178778652,83.57943173857724,71.10989677320163,51.086842852094286,73.48110976106587
2020-11-04,97.19512462735315,60.58164651930926,68.39687613110435,52.8308691437919,84.58327881713087,58.26334375119412,58.739414866099295,46.561528854264004,84.36958628037688,71.9840089790153,52.09243286016415,75.01133928653533
2020-11-05,98.3847494361383,61.25765657890828,69.98293783863184,53.788604383873384,85.70177633025646,58.73008888328031,59.632353392686746,47.1246326618034,84.679676622873,72.97664032603359,53.20104524439733,75.93590475253248
2020-11-06,99.56321659815211,62.24686660701547,71.3662843791979,54.12107816179337,85.95722141186438,60.02469280380821,59.852344779030986,47.44017827022411,84.83272994985207,72.59043465162218,53.98896261831128,76.53513272095608
2020-11-09,99.2980252345572,62.008599028224445,70.31503568335788,53.940978099141645,85.58953316610045,61.00531614772249,59.22117242609938,47.694641577485605,85.00642902790092,73.07780228229367,53.64719665031736,76.28276166402914
2020-11-10,97.74917175125081,61.91493841741767,69.45227557799484,53.631787730344186,85.11718257155036,62.06173646669342,58.65412225632688,47.78051809804081,85.53716177115074,72.72656790104467,53.53287981387758,76.24283074291797
2020-11-11,98.18443865132271,62.07133091254119,70.0502142465697,54.24147849596752,85.37988500170444,61.11896709379657,58.97214926597599,48.17049997290992,86.1015121788505,72.78000321525663,53.87132053282833,76.70431725821744
2020-11-12,99.64888396064488,63.2777466503106,71.04961752208597,53.97677790844928,85.34293887501421,62.36742913921949,58.904306800106184,47.713064679494316,85.949064642212,72.88785218500567,54.894849633677,77.0605736194172
2020-11-13,97.44896967769951,62.984860285472536,70.25702679916822,53.33132803649846,84.82432207909417,60.11184974794824,57.07414197753563,46.86740234686146,85.44207722519164,71.55357958883806,53.901634574611926,75.754408188423
2020-11-16,98.26990915528732,63.62009634726198,71.05702646800121,54.050774695056106,85.54167102964425,60.39026859136919,57.682057442317046,47.16618866050438,86.35379767594891,71.5664930337986,54.81142176855379,76.36420398228007
2020-11-17,101.32083631415121,65.53464280790712,73.96439917931917,56.79453303427496,87.19053026290734,63.07459708750718,59.026162979463045,49.08812658740939,86.82220318952194,73.45923460654728,56.55100943265053,78.69449814461886
2020-11-18,98.819421408606,64.19268990261895,72.6073918166046,55.55912813153165,85.89789514457203,60.47577715616238,58.063464002288754,47.88154377119439,86.09020657539729,71.85160735072239,55.05335098154512,77.22403292770704
2020-11-19,100.81782124986375,64.70150121831941,73.24296472858276,56.20318445791135,85.25813830520768,60.20425865933719,58.83363906805816,47.986947742869596,86.30003243831118,72.25720226149387,54.929182122393726,78.04833845632889
2020-11-20,101.1348530359748,65.00439560165702,74.70352120962774,56.56128999117082,85.24245901549082,59.86479091537726,58.816296512183285,48.11289144011154,86.55072331679456,72.53811752865957,55.274533570336104,78.37705985063131
2020-11-23,100.34675577594354,64.99761604281716,74.68792786070836,56.53013250018073,85.33214445926286,61.19367073071297,58.20733270861439,48.73416734259777,85.82713723642033,72.29715794388648,55.447342639024534,78.3177776667099
2020-11-24,99.88154334755006,65.44577824396181,75.36222337939503,57.433019655560415,86.42381157265075,63.15942439453619,58.82360367383968,49.18137919386133,85.94608147246896,72.6551264623549,56.40509475977025,79.45951075996237
2020-11-25,98.141599991705,64.45879591110389,74.1205004074108,56.16432657951664,84.43309058449205,61.45754244050388,57.58044730820316,49.00789353338446,85.31573673424339,72.31107941314946,56.29416795212698,78.51910143548172
2020-11-26,97.0544956009155,64.76544778216929,73.48362354921571,55.82126660701191,83.53944292845985,61.71087811634792,57.58220808486858,49.04451011703884,85.11325129602166,73.49602747266786,56.750511719584026,78.68249847798488
2020-11-27,97.57729955591591,65.732905632099,74.8551364338775,56.576325925786065,84.45101563175132,62.95934402660117,58.44017410887334,49.11579128833456,85.57074451821201,74.03973831711636,58.52658315295327,79.90483938157826
2020-11-30,97.94639929061536,64.77177335744912,75.38480931059334,56.34467744204167,83.92879473999116,63.09009482426876,59.21049627853361,49.246136714235575,85.01771692626376,74.37710492185313,58.72451849815997,79.77378454040544
2020-12-01,98.00028842553847,64.5795561865327,74.37381163419049,55.57584462084796,83.62568682938448,62.153179439495446,58.20589287935935,49.901245974181926,85.04859907544474,73.63103696315831,58.043635509186,79.46029436433774
2020-12-02,96.89264092659843,65.16140110513447,75.19339651902342,55.181022096845126,83.51682423552535,63.49488577686031,58.100477883678344,50.14791141428129,85.6676673090222,73.49600847061306,58.6757932266566,79.58631235448804
2020-12-03,97.0109533472423,64.6556751482481,76.07043286330655,54.79510287227258,83.53489851496612,62.82230737387621,58.02927900398548,49.49695843436768,84.95073016325937,72.52073069070772,57.90491007455282,79.2515058075
2020-12-04,99.16634726207944,65.64102053637856,77.77534595380588,56.145043216831326,83.65515688606106,64.75518049546054,59.44006045936975,50.29653923965114,85.83897667169889,73.12211905661297,58.834792617680634,80.55235116985988
2020-12-07,97.61781459400908,64.53613160712266,76.34238205820937,55.48352991202508,82.93067238022874,62.52633124682438,59.33666624581186,49.44928147298881,85.16682726802142,72.0468768207975,57.653548462613024,79.8277572084546
2020-12-08,99.18947223333662,65.37322341690383,76.72995419247745,56.37816610213021,83.8308231859712,63.556114226971125,59.60043671899421,51.02733171673547,85.72816883393983,72.49242468562032,58.65846201076249,80.58109517474838
2020-12-09,96.65316453788574,64.211495936594,75.47830531276819,55.988296014667796,83.23450433918461,62.70680012630125,59.06825583963581,50.52426823402517,85.70507137489686,71.45253389757968,58.56592574875137,79.56805153880208
2020-12-10,96.67624104565301,64.10220300855185,75.43366873160994,56.79415742157779,83.28939878315519,64.42031447072947,58.51197394466811,50.01008759227701,86.16964389890856,73.06526600338796,58.3561857990391,80.15103899953223
2020-12-11,95.65045593433736,63.92657197928757,74.71178875887226,56.56648005767405,83.4424195080387,62.03003683598583,58.388728484171935,50.27328352849093,86.05760671923696,72.44102641093683,57.88048276855222,80.0957595389749
2020-12-14,92.02887502513357,63.41774537709362,72.35036492984094,54.676818871531694,82.13310115177255,60.527251887815694,56.99949564997597,48.975221300674576,84.24148507259423,71.10403198375444,55.934439220101915,77.98405952346575
2020-12-15,92.63926718939956,63.18409924087174,72.3284662347753,53.912844989937255,81.78954664231283,61.21680034407153,57.267558629156255,48.600490193089556,84.82032440490426,71.52383722452653,55.072368082679915,78.01017702688381
2020-12-16,90.66245416467389,62.10666944081272,71.82214831594705,52.969685276089095,81.50646397048165,60.191548653564844,56.105774032543096,47.79330052664364,85.16040556562935,69.79996836136083,54.38676905942892,77.17876674332395
2020-12-17,89.51492312005567,62.049697244754206,70.87164131187215,52.906807755656374,81.55972125306033,60.96826191863956,55.563267376797576,47.53435382607072,83.94968923351452,68.53198094611736,54.00881053783895,76.8540679922304
2020-12-18,90.62061644099423,62.987209228799145,73.2545881127862,53.45860127471508,82.37436505980838,63.923462109863884,55.832549730934474,48.999762230045555,84.98650408088649,69.89265819779988,54.298988187803246,78.10966127450479
2020-12-21,89.59265378504404,63.02166933513503,72.950388811681,53.3319851967029,82.16420524697486,63.82839882586712,54.89281247892295,48.188938041445624,84.35757915733295,68.5078816591374,52.621014858440276,77.2364121479507
2020-12-22,88.3050014201386,61.948408563809906,72.60281565101788,53.27488757609722,81.1214359703052,63.71589480903113,53.79248194317324,47.338378589514164,83.19264286950443,67.65462700745312,51.36752708008334,76.41856796065007
2020-12-23,90.40271417926958,62.133297236092886,73.57388025781263,54.063940819760205,82.24076183748461,66.06142848711664,54.788491044407415,48.469497078444796,84.7579967705655,67.04585603127967,52.27290226532193,77.58950840455216
2020-12-24,90.13760056927971,62.0847022742705,74.72683030052895,54.550289361102024,82.24953272768748,66.57244012887524,54.631128940064464,48.308766732582406,85.089448967121,66.4983959236608,51.67310781172606,77.7135133092385
2020-12-25,91.04336262480712,63.081795393500464,75.99036159217255,54.98237337651871,82.74262436619205,68.99532231978695,55.81383501056182,48.78401451614705,86.92694942771583,67.23107486116385,52.5294469802961,78.98563780275325
2020-12-28,91.13230450748185,63.40989192759557,77.41300934534397,54.77641548715758,82.7009469997082,69.86051853713762,56.00535509161691,48.92232367692145,86.67089058599446,67.98976119053076,52.80183701414822,79.28177017310543
2020-12-29,90.2522306533583,63.35125960370613,77.31414933663126,54.070162821692755,82.71391168383931,68.44566063251895,55.35147015421645,48.74592769311983,85.99013621225365,68.53005355029146,52.58584493276028,78.58840929938088
2020-12-30,89.65225161303732,62.73892267179137,76.81638333219418,54.05785093975294,82.47185986740155,67.40647532409861,55.9290686973292,48.773108517286175,85.17147274637736,68.11579086920136,52.50313144098055,78.56560002496477
2020-12-31,91.1912275283145,63.10782752028552,77.76520897959128,54.7991133001492,83.03574638599162,69.5495022469248,57.13521058942821,49.32758927578031,85.806909876259,69.61122317700064,53.288676240995635,79.59779820594494
2021-01-01,93.4145439416214,63.58882580701963,79.82602388696391,55.076001550950835,83.31487943283503,70.95541576766522,57.310629933894866,50.405126200901286,85.38537042031523,70.1553338678154,54.46722963555061,80.40558543371925
2021-01-04,93.09222870336178,63.92839715580162,80.52218733750018,55.939744046740444,83.0103704196881,70.3123746956341,57.81955301658896,50.9484434382677,85.221275140132,69.99505537898341,54.19021383247152,80.43823112871344
2021-01-05,93.22700376918414,64.15317174640887,80.56583712697035,56.125698882726724,83.45901483845583,70.39617426307726,58.14526617782386,50.36632076030138,85.84312775948875,69.87339573359125,54.21564285424802,80.51080459964611
2021-01-06,94.02709897672467,63.931947865783314,80.67368484393288,56.20234275229723,84.33986370987301,71.74249377554467,58.5667446065503,49.86819859630637,86.06907851215284,69.64310370053471,54.70302481497472,80.44886559055884
2021-01-07,93.0082394250793,63.212483588202275,80.33046474898401,56.138295421297315,84.59778355659985,69.53717698947406,58.36675998301726,49.199436876190674,86.29445759523043,68.4153162010693,53.822165436165236,79.9986048495673
2021-01-08,94.65331774125832,64.64178933219888,81.80120623617942,57.534372361230304,85.93623173156769,70.3528255172386,59.03504757935594,50.21061463120646,87.31438925905701,69.50996650896332,55.22098462069005,81.63158532090456
2021-01-11,93.99451934675396,65.03454574387517,81.77732981707173,57.46512542223944,86.2885548723369,71.05565722538554,58.92885403794301,50.28855724919574,87.7277424744438,68.85998900744355,54.033995162723045,81.6700616786871
2021-01-12,93.03630840285365,65.48608256126923,80.35974139731496,56.472110580287506,85.5074201448331,70.8836051146792,57.317080225519845,49.61990462511595,87.09924333470676,68.33588395297426,52.64217233682115,80.74521382787218
2021-01-13,92.88754160426038,65.14873368171571,79.73371198487764,55.46531701663127,85.0459630787991,69.32745361399044,56.53828712554475,49.38714722655762,86.1899166536784,69.50314394579728,51.666547902048066,80.37813648695604
2021-01-14,93.6437067284563,66.22856523549682,80.79605851415951,56.61270608089182,84.98924466884318,69.0118993838785,56.78859604722825,49.97446175800447,86.8005170463765,69.19797647129744,51.980436790856324,81.01505782925494
2021-01-15,94.43445167221964,66.11790907386218,80.9203187259821,56.67109389124262,85.99042201240795,69.73614554516078,57.66895818755129,49.861740162917286,87.08532567162315,70.47801529559909,52.32621093421931,81.58577323364402
2021-01-18,95.16080776468318,65.82593569489029,81.3248400596836,55.879014259953394,85.79067084321474,70.99165710123836,57.61712368752011,48.96633391305396,86.59405672391,69.73621012105798,51.24563776563862,81.5022040048453
2021-01-19,95.02155496216419,65.17295841467995,80.8370819656193,55.113160856947474,85.12302645964454,70.42910009765275,57.27849098513262,48.712720496109974,85.6792467732342,69.11489595747412,51.64388960248311,80.96998861183754
2021-01-20,94.17194134708068,65.00984391164349,81.41856500920281,54.474657785260085,84.8911236755411,68.19760928407733,57.576785973498836,49.19667699203868,86.32539415865996,69.67295298260426,52.5451174315895,81.02218104765782
2021-01-21,92.3324197608953,63.70956933469927,80.43528500941649,54.253611821516316,84.03925707098689,67.76699969508336,56.18264620146844,48.34060187805939,84.63274849275636,68.9059020224611,52.12995055512065,79.64917309487483
2021-01-22,91.01063943033566,62.774793866189526,80.03770650568275,53.59174137019613,83.09683617666627,66.66480998378265,55.75225787111041,47.48140661914016,83.57333873929369,68.74896098224022,51.30349959133784,78.60629348182265
2021-01-25,92.37326977128627,63.20482113659654,81.2713722367385,54.71126767925413,83.57559326745113,66.9178776273514,56.358248305703654,48.12567676597595,84.13798462530634,69.9506305893287,51.95047129851748,79.28826243519215
2021-01-26,91.74472845544592,62.77185699951803,81.33466412448864,55.03999829470613,83.39936395658376,65.45660826679376,55.741251844703775,47.754570007546604,84.22091698647102,69.47616392131695,51.380352814222164,78.92592956877306
2021-01-27,91.78552540490635,63.244391333945735,81.6797406566932,55.55474772659951,84.18976814033988,66.86091278516052,55.806006831017626,47.49682099128485,84.522302643797,69.3900392220972,51.35333387880977,79.2639013105558
2021-01-28,92.86737930183098,63.89991454295291,83.31044249876169,56.6344659614163,84.3848584317904,68.13678514829238,56.52027033511289,48.02928492637305,84.32735490198819,70.46169413729893,51.71325302310558,80.2960577169457
2021-01-29,92.48265768648368,64.27455254727882,83.48209228038517,56.78512944874991,84.90308763730184,69.08451644264989,57.17203237033031,48.67419849375065,85.19975390393265,71.12941874578067,52.209730063695446,80.86846828255804
2021-02-01,92.52883366200007,64.8806087074266,83.44187198208598,56.7903313293179,84.64564966833777,69.45337132703784,57.707642581603814,48.81666555972999,85.15072116655857,72.09049838505807,52.000275938214955,80.91783015521476
2021-02-02,94.53223859056799,66.23275627032996,86.12605419839832,57.99397320297312,85.70282145137053,71.72695346945875,59.02153600271824,50.265357340150274,85.41761595600543,72.1877731456204,53.010317304425115,82.73440386215404
2021-02-03,95.6297194724489,66.69554014287782,86.87532677240124,58.503300552043946,86.80459302571657,73.171124396459,59.41345772618762,50.46962693387954,86.30683046078019,73.18171292811189,54.175479938003456,83.3396956182529
2021-02-04,94.58529443668624,66.48946812262983,86.90038330781934,57.96939946256378,86.89313442915835,74.6044143904333,59.85366144043736,50.49076857199154,86.08022597812015,73.22433050269207,53.82255096882177,83.06662563954565
2021-02-05,95.1633752602004,66.95396954921577,87.06209724743618,59.07056488807763,87.17946238543807,74.20035635023692,61.55101897223633,51.47146839988245,85.47138782191334,73.50333591401247,54.526712591565776,83.72977104200383
2021-02-08,95.01894745559119,67.44160781415798,88.4859684558204,59.73541004317965,87.65777419169856,74.51579893299963,62.54326011529782,51.59533126530782,84.28069495246238,73.2702180291259,54.95289303127353,84.11689067928063
2021-02-09,93.38558452913928,66.60953808807238,87.29737264592964,59.10669470422006,87.16954812287618,73.27076945884338,62.03200068779825,50.911918762679996,83.78497919269947,72.23426993635101,54.24558446714134,83.40420195193899
2021-02-10,93.95604168818399,67.1331881288003,87.73395666238713,58.4252231406879,87.72016632616626,75.06358536659118,61.97152972096481,51.44288506014293,83.4939111425125,71.8088442727155,54.10985200088832,83.50035928903534
2021-02-11,93.50474274220572,67.69700326878237,87.64595146242638,58.6480348533016,87.43605750172688,74.62627733277854,62.13967355859557,51.39926496540384,83.55202058042379,72.61073295374358,54.52876951876383,83.39073785942288
2021-02-12,91.63703743846541,67.01687558598616,86.31095699746774,57.70308168929545,86.51664147327305,71.15037648473641,60.88776726006889,49.80535238210859,82.69019829342471,71.3495132433827,53.13736982962247,81.72471541632228
2021-02-15,90.77234483821456,66.72192930838298,85.98155556097984,57.58274850272297,86.35277100868912,70.98666609857082,60.495972885481585,49.56400928548309,82.21184129706108,71.07020574383661,53.34131674856643,81.61114246760374
2021-02-16,90.56063867536398,65.90980761085693,85.13778319663139,56.85684022398446,86.21846476213139,70.03084565998479,60.83012481404572,49.91111579143377,82.29219748914669,70.90650451431353,53.000730036228894,81.40411648322436
2021-02-17,89.06062262952356,65.48766379392652,83.56579028159221,56.77781209957683,85.92410556111932,68.94559664385959,61.49930388390511,49.813346359098354,82.19797609522901,70.93489951590676,52.59646496903424,81.06668077692056
2021-02-18,87.05166277693695,64.61101171901944,81.82861543967837,56.15320828716551,84.73234973296921,67.12317763240648,60.052249345743526,49.59774848708688,80.89293428286271,70.31690949195722,52.30754187001422,79.71709660205059
2021-02-19,86.41123747697918,64.74922434973642,80.83541711785081,55.11322589222125,84.60014171846694,65.6243026664658,59.541914415129106,49.65147390573934,81.11621219152836,70.07360953145609,51.37086350567993,79.45574399540136
2021-02-22,86.74922182141799,64.66358378600846,81.2163409720341,55.35528493678501,85.01585529746146,63.84605668485922,59.35276955678474,49.74136456733269,81.19564830872204,69.9201526713894,51.060319255172026,79.45459816234286
2021-02-23,86.99245095125735,64.61043888851667,82.29415323224698,54.674729732458694,84.84332248122675,65.66814113328037,58.98379494164302,50.2120506106382,81.14944905554887,69.53410694792306,50.873851394561996,79.57005087115515
2021-02-24,85.73926892644648,64.58059986198647,79.88654428602709,53.99534284840838,84.05649231426388,64.63976602777224,58.538993070053394,49.3459793796599,80.79568661203896,68.79920285122496,50.42938013724417,78.66541471096332
2021-02-25,86.91159712202504,64.68327000534482,79.79865379450624,55.15649270863652,84.59394164907339,64.3229653794526,58.465828390445694,50.11668896486092,80.6863780410296,69.09250998489588,50.5006533369875,79.21217821214424
2021-02-26,85.79648130234358,64.42605210074123,78.92013435098536,54.42395007610668,83.60949793990149,63.920518110038095,57.91901121772249,49.40585727613094,79.73320720296552,67.99640814017968,49.88627037185606,78.24589435845112
2021-03-01,85.91531597144876,64.66878604571224,79.53745879242109,54.50738100188537,83.87067269823802,64.93911386100078,57.93567626412326,49.20240360806234,79.5770651959572,67.6791463443668,50.04780788212847,78.09552358068473
2021-03-02,87.73527667328254,64.8912954044296,81.04875760958069,55.24689771124016,84.92808806553178,64.43204347786082,59.087240504462926,50.09841572322097,79.70889260161755,69.11896419700106,51.5727504588561,79.18257220862695
2021-03-03,86.99922982857343,64.61701558038021,80.67107654362188,54.815654450411685,83.58766817704625,63.49149334546367,58.10487595803103,49.54340302908227,80.1330923216116,69.12164115353906,51.60055087398337,78.64595081627212
2021-03-04,86.3205914055607,64.11411323740519,80.58094473911527,55.50262352346543,83.05325571434132,63.349387400773374,57.842288964669244,48.84976307309384,80.01994749514505,68.95264430534367,50.72996923862787,78.26100294186263
2021-03-05,87.64725798499335,64.35473841138489,82.05415298951341,56.81080630213299,83.23251057441523,63.466213508870375,58.67073660326375,49.13262902260031,80.86352017713492,70.25083764438526,52.04901819550665,79.16238023483861
2021-03-08,87.02066821160905,63.41216840137529,82.79416482392274,56.44142668286808,83.38520886757406,63.5734503379633,58.75766582331118,49.127750903766284,81.57432569762648,70.0688246658862,51.83854401916673,78.87885916587413
2021-03-09,86.9733550363514,62.64292226980096,82.97951385095936,56.10395049212191,83.63300829745769,62.26069429752761,58.7185370357966,49.089901788772956,82.15891965328272,70.52164393118994,51.26313544271299,78.66747409572808
2021-03-10,87.89653558827382,62.93481244629318,82.51157074176228,56.287493615976494,83.28450499857294,61.86940257209215,58.679313915374856,49.261838238210416,83.32041827223048,70.63863234800257,51.48865215425321,78.87896259596384
2021-03-11,89.54209933120374,63.3751128275668,83.34080799389065,57.97111904655775,83.61393441442424,62.585018750289414,59.81787977599213,50.137137787271534,83.38479130416034,72.09609768086192,51.665376878931745,79.76763415263761
2021-03-12,86.98258835039692,62.26209572985175,81.38019714352087,56.57152509961596,82.36534811397142,61.25581750359177,58.85153680239594,48.55875161240787,83.18397185765387,70.99752675603762,50.26601650639934,77.9785690955754
2021-03-15,85.3772326187388,61.40923976349403,80.16863133905017,56.52664127320676,81.77979518313855,60.67096315751688,58.81107805492062,47.96791623737574,82.5877655955851,70.29312059943254,49.44390458330103,77.34053491919953
2021-03-16,84.34587564443864,60.75271889816568,79.13907591899688,55.71797781733334,81.54286977255344,59.350426901986545,57.88948309582871,48.0257953166483,82.01627523605376,68.99092168149127,48.707537384381055,76.56449058538297
2021-03-17,83.20837501518697,60.08019652542719,77.89083877570732,54.47938839981592,81.36953937031952,58.25887845228077,57.38633286368995,47.10519524550392,81.62326432116156,68.3955003206984,47.141788954454874,75.73488319017052
2021-03-18,83.02343471156419,59.06485272216927,76.77232690187375,54.50805147055446,81.16585496875052,55.94246721218968,56.52733294950683,47.1200291060814,81.27767740507804,67.94863967302226,47.19854942208212,75.09489310035316
2021-03-19,81.99916749103392,58.03204197509998,76.49676090727131,53.95870033082538,81.17312245803244,57.02764402847043,55.95064086907197,46.59259335528832,80.89079308705479,66.844605425052,46.79168378875265,74.47259934316554
2021-03-22,82.19875568439709,58.352386948949956,76.6315188704273,53.85287155960717,81.74040418657066,56.92848709471618,56.425772079256454,46.95532117659969,81.19443216288825,66.89640151879162,47.26630979406284,74.73425362618383
2021-03-23,81.7721497720562,57.95845522376466,75.27274566444947,53.02281424651311,81.24824676402237,56.078751082471776,55.3779822808214,46.582751700245986,81.55388041618909,66.04360187917744,46.962050686338586,74.07684945676746
2021-03-24,81.6451231783933,57.69603381331193,75.05872841914571,52.85210900013186,81.16470432075222,56.3814066074206,56.429063833018155,46.5763077402276,80.52959821876954,66.24855205308234,46.988571215224134,74.20000932605836
2021-03-25,81.96839895901769,57.872174904027574,75.52295856483506,52.88326812219947,81.1106110952629,57.119946768202254,57.136961872328776,46.84657230509881,80.00661898562274,65.79278029674006,47.713306311804494,74.53714115071314
2021-03-26,82.253465457419,57.74680985901676,76.16456713622772,51.82357230884057,81.06851466941498,56.88628791832705,56.415050609886585,46.81549972126266,79.05167819937003,65.35176732270581,47.84772290469957,74.00473413065086
2021-03-29,83.25270667364629,58.47452405138978,76.51840939598472,52.40919065096594,81.5236239523136,56.45436987971365,56.323162765494004,46.656968134772,79.26754455220384,66.41639888782055,47.77338997159287,74.13395900777635
2021-03-30,85.25823709902303,59.00355765257581,78.95511580776534,53.60854112495126,82.85662024434134,56.31189810614825,57.36755971624198,47.20894404910034,80.07228861531989,67.8759849102319,48.93993542326198,75.41681965148842
2021-03-31,85.7674604482473,59.404049159753924,79.64300509018311,54.242816631484835,82.92683233527084,56.41105271158384,57.55069609425044,47.707442434193894,80.42354282335069,68.04438151647628,48.96875678211961,75.69763091145686
2021-04-01,84.56830608726095,59.857441514591905,77.83026407648524,53.715438924882605,82.43702622580301,55.35133486393414,56.72615613564671,47.238613430041276,81.08118069010408,68.48668577538693,48.4324333731817,75.22947220840624
2021-04-02,84.85414832158216,59.85696454437688,78.08215891535134,53.84414727385882,82.53560679760123,54.89246854105885,56.66034689439672,47.16219968249383,81.08257737634466,68.23141761455635,48.572860157713166,75.20888646512243
2021-04-05,83.99019066866536,59.92720925442673,76.8161056199172,53.35474821461217,82.56818483243474,54.27832146658158,55.55173757810976,46.62459802194506,79.96991647005703,68.12752678399066,48.12101170268643,74.52773900685007
2021-04-06,84.41240925917542,59.12229275267595,76.3593191200745,54.03507729689634,82.89058070123676,54.651541050565,55.5323504192654,46.63756632988682,80.32035465363188,68.44597347974008,48.21446947938201,74.76548964244152
2021-04-07,84.9974505978054,60.107056233577524,76.60138776549566,54.95355105517422,83.48856846152205,56.22458779237831,56.71451820445219,46.47893329317893,81.62285532072754,68.71869959876003,47.85896207178431,75.46014154138125
2021-04-08,84.18933532430603,59.68097312211125,76.98491064868371,54.59875588938933,82.71425749108224,55.549835878383135,56.18817866691259,46.03223774994239,82.25071188530892,68.48915534906888,47.09800701677003,74.8527734840931
2021-04-09,83.8975215158048,58.88947070321934,75.95721424060231,54.21757443778973,82.80680355060875,54.0848148373633,55.94271292085428,45.78122956673421,82.13825453507677,69.65133842944182,47.0273047940455,74.72106809979397
2021-04-12,85.21069659531551,59.755695655606935,76.68627122941959,54.45788315391464,83.6714456017319,55.27720478368455,57.21592666877918,45.9115222365628,82.75090064866095,69.84309175882206,47.8596872882602,75.60723703105803
2021-04-13,85.57449409410617,59.89167216836958,76.99600631736028,53.8287473904403,83.02462112466391,55.657969915049534,57.029602695053896,45.47701218633008,82.70322244157194,69.03613636551746,47.856709064177664,75.24974871397401
2021-04-14,86.00362610304904,60.44625636710579,77.64333724198589,53.712779033400146,83.88005537893555,54.52630060312189,57.39554685580445,45.67335406722935,83.1125004738462,70.07993452492744,47.733364545558516,75.42530913426242
2021-04-15,83.99929654436478,60.361381691028285,75.77938103244949,52.865442565708186,82.94905811789047,54.30424506735885,56.549910741414955,45.75771500548157,82.57672331070526,69.08142906721602,47.38707096737735,74.65995479675937
2021-04-16,82.64501915495147,59.926802550535804,75.06559584067617,51.875991777654384,82.90376261184001,53.9046086375497,56.43306866539225,45.16508002197957,81.97189622655114,68.51478470335354,46.478958554355955,74.05989911623607
2021-04-19,81.26200293715479,59.39050494494881,74.3998905274255,52.24964390581177,82.56219803615959,53.16578498636374,56.01316636183151,45.37722674950826,82.53292018184062,67.94894488800422,46.38735133985147,73.69854697243625
2021-04-20,82.88927092084235,60.337899699995766,76.24967350660296,53.702013919670634,83.83197348711518,54.700167159145785,57.69200909130332,46.33537274349951,84.32322747989541,68.80188003277073,48.16126275557288,75.34438803919376
2021-04-21,82.84036720236827,60.12275599547938,76.40975647558452,52.64119099867405,83.30676754557102,54.7337496292586,57.684050237370954,46.30630448975406,84.16155808651806,68.81904015156974,47.85863015784391,75.0636539076078
2021-04-22,82.5848069615638,60.00971222100263,75.69109373685686,51.90181330760112,82.8110269233328,54.84129356436489,57.98774880909273,45.964617256399194,83.63243432723523,67.94392924357346,47.18499163589409,74.69248995469431
2021-04-23,81.72709243906027,59.551044962559565,75.09752749312234,51.053824053721556,82.82047497564231,55.35007136298689,58.007752051428994,45.95564381862736,83.07149808199748,67.04485690178998,47.30800151570798,74.29814110888665
2021-04-26,81.74407914431472,59.49357411445244,75.8713612224839,51.07479850484693,82.67743981919993,55.23803110383621,57.91881200992612,45.938771114237426,82.43081706955321,66.80746101983274,47.1737941954064,74.20361236834451
2021-04-27,81.96089187931308,60.15919048471624,75.46909416287096,51.907247400110734,82.91923087588354,55.680107138239606,57.98266831868884,46.15706129776547,82.12779045736593,67.46674632374457,47.50046492069199,74.72362976788182
2021-04-28,81.35901114555118,60.38693703021488,75.50529209868277,51.653414881994465,83.41479232043176,57.68299062386569,58.019776535199796,45.73763106381064,82.09481984396454,68.34393401814012,47.80488604250932,74.89599547313365
2021-04-29,82.53147932735001,62.31641767361549,77.66043660627741,53.156856152979124,84.86162145325669,58.271316664385274,59.11820108294904,47.14078064306485,82.68715286881007,69.52487329502604,48.7136975283921,76.47912064498752
2021-04-30,82.2690616198894,63.27054682207789,77.20305114286761,53.20206468233852,85.07781282328018,58.2092553632106,59.84508668140959,46.739726110995505,82.94428662519705,70.1567496684541,49.10708916561774,76.67427018960169
2021-05-03,84.4806479457317,63.61613699627867,78.21381972040972,54.59090802412051,86.01031539560891,58.95074706154454,60.66432502390203,47.29603806178089,83.36781698571652,71.7895803646038,49.569235738945125,77.8232562083824
2021-05-04,83.99202041622722,63.553611535180174,77.76945785288319,55.36588107518359,86.92948721691612,59.78565486598444,60.01063427810131,48.090863265149366,83.04373274633642,72.22150884156787,49.40270723614796,78.0711864169471
2021-05-05,85.3272217300413,63.379026783828074,78.49396900987017,55.91428104747389,87.23038523547008,61.15160444706596,60.58094725708687,48.52140199024511,83.14369080670129,73.0765946806762,49.833196649445085,78.57868919334483
2021-05-06,84.7067281497824,62.148853217267764,76.89548392238706,55.31489358539091,86.60254837203868,58.97169911963408,59.94305299858215,47.79683133342005,81.22188214891592,72.04592070285857,49.24821527634086,77.46654187567172
2021-05-07,84.4988005524601,62.300429156273964,77.32828972029073,55.259577248633626,86.74207745759415,59.898173101623875,59.54115237630256,47.79589381314346,81.36348791367057,71.03228237971845,49.26881072155938,77.39807590279587
2021-05-10,84.42589339706568,61.89110774298662,77.95342749018204,55.08428277238957,86.12859934030634,58.869184407488326,59.785367396516634,47.868618838397495,81.22847283616461,71.42803794993256,49.499021685615574,77.37500334221156
2021-05-11,83.85336366138174,61.37124189821357,77.84789094142009,54.46455340405656,85.193409314159,60.837731661775166,59.15684200027403,47.63773356917674,81.81894240389316,70.6225528864132,49.34699553622914,77.2162336221996
2021-05-12,81.76942870022567,60.14631042430156,75.76656763814294,53.26921686775478,84.07370288872931,58.696933663230276,57.858908677040986,46.644216324018714,80.63483156229825,69.63130871980458,47.95742021436869,75.57136171089701
2021-05-13,82.99843368458893,60.90698933395204,76.7741132208049,53.81065602707385,84.94849348925672,60.23186309553671,58.38959014816708,47.06353240143702,80.97019526251772,69.68902486540148,48.58654385688867,76.2721111945156
2021-05-14,82.65352638457931,60.58054554922667,76.54828993278603,53.43729997658752,84.84614001811079,59.73579733399432,58.276525526945925,46.76501274004942,80.36092156666166,68.7929952572443,47.75874119254986,76.00475584868094
2021-05-17,82.82583635946487,60.2286618043147,75.53489786050888,53.161179970501436,84.40605031030476,60.01740414792606,58.170617804100054,46.724022526749756,81.20786023931826,68.46087439266212,47.53429525791116,75.69932933056174
2021-05-18,83.28249192373553,60.44825473641724,76.01134114654847,52.9546779426775,84.01836373387493,59.218528754511,57.7856781437003,46.83540777096732,81.24637421237794,67.60648276672615,47.777505770660724,75.5346786576435
2021-05-19,83.28215487308597,60.5157880098793,76.02507255228006,52.41916048616785,84.25944580954285,59.173986515239804,57.9534934012617,46.86230817537078,81.76755024613158,67.50918938376218,47.87963140659438,75.39101194448278
2021-05-20,83.8854672597569,60.906839018236234,76.92437661961247,52.48016234843321,84.38754628969848,59.49412900834,58.05776454397655,47.42994497933793,81.80022664951474,67.63266254065275,48.531958987317054,75.73027087994075
2021-05-21,82.63593685806543,60.610046439145705,75.07819471833011,52.19287214039654,83.0387136977562,58.66613612655635,57.30618434691226,47.44958789472931,81.53479669847387,66.76893007737195,47.78119633457488,74.79015714958011
2021-05-24,81.96362640371694,59.756448438254516,74.85204671694696,51.56221285913289,82.84027406665979,58.66259612872653,57.24527305201953,47.595005112445506,80.65767350686399,67.04394988874637,47.21500605541205,74.1180033124846
2021-05-25,81.6294457933388,59.99401443295784,76.3877023545459,52.313507203783395,83.12345898529767,58.51985450123506,57.12398308100766,47.80770767325748,80.49861479313576,67.64105952138722,47.17468604193239,74.36452969940787
2021-05-26,82.01724664826075,59.84277933368474,76.95908290675213,51.96494807206985,83.38740248267744,58.36971941011129,57.26583255715833,47.51540243848685,80.42960196633017,67.58721806799564,47.055065595202535,74.50315724556852
2021-05-27,81.7967974315174,60.03893606909425,75.85762321891004,51.22427189847539,83.63985482441313,57.047786097223366,57.621324096006035,47.74901667673433,79.83752427859028,67.80438122095602,46.948101153333596,74.24988389368818
2021-05-28,80.78602086588535,60.05597686299612,75.45765790407354,50.95895738149564,83.90258257365339,56.55163311621043,57.73075041969656,47.51024436900633,79.95353570826796,67.68064547033003,47.040997229937645,73.84985017504064
2021-05-31,81.22768743305026,59.24777434740045,74.77674037404115,50.7944595593202,83.70478698859728,55.60488088979706,56.9748835082827,47.370549435459814,80.0079852543484,67.01011697602956,46.61245210808497,73.25806288686042
2021-06-01,80.64764386799122,59.717719217491016,74.93240328039614,50.52979766083898,83.62803338201441,56.25758074252714,56.74072910682434,47.23825056363021,80.57748591495523,66.2469612315932,47.183844163220165,73.24404573523435
2021-06-02,81.287412834402,59.89913064202229,75.90656430073089,51.48850400430561,83.42449107649074,57.59456517479017,57.700776085854066,48.184664166175,80.66814155091512,66.52421978391868,47.95778491938949,74.14476366376933
2021-06-03,80.46773841676989,59.799101957629,75.34548990731489,51.25089695949547,82.99614070900986,56.289144680318074,56.811464405740054,47.24291236541788,79.92054250861351,66.95816359685627,46.62375931266354,73.38349536759185
2021-06-04,80.83095067434806,60.664570726266945,76.49131867178775,52.602700134198074,83.79034730202729,57.68188660292994,57.81996542949405,48.12671116527895,80.58625096779603,67.8519014097312,47.630422024089526,74.53931683776428
2021-06-07,81.19973324809806,60.78517005650268,77.45707580889653,53.0986457842555,84.82956372622844,59.33307526859336,57.891049308756635,48.117603815127175,81.29685087900587,68.64144723751288,47.87635996528734,75.2029671345357
2021-06-08,79.93777452505032,60.13765753381816,76.72834654654751,52.825281837702974,85.14307519590815,58.84590961348811,57.85315750498866,48.631165730219166,80.47649939407911,69.31026460338747,47.688694006402315,74.8894745459234
2021-06-09,80.14914101830044,60.43694450193041,77.56621505198254,52.66291901917636,85.80889444381543,58.45580285415524,57.79830381512585,48.9875491802503,80.70420702529943,69.36448791136273,47.80491183508176,75.51026921759814
2021-06-10,78.73381169697484,59.67815755214043,76.92123244741502,51.80350963997121,85.59613131185004,59.42709429080335,56.930380530254034,47.451136042818895,80.56649773684828,69.09021181840413,46.85998926081403,74.4245755995944
2021-06-11,77.347105640755,58.5393748529435,75.173268613527,50.90086582448006,84.62154054286232,58.65007174332568,56.10963510640995,47.02176592317186,79.85153489040061,66.64289236230893,46.79802158359993,73.15520421010952
2021-06-14,76.8004236830266,58.10556489492716,74.51333092403955,50.71596057959883,83.91588571632045,58.3187026395956,55.095089908619684,46.72004502944983,79.23704664688911,65.34780921030288,46.565709814429276,72.23323225691776
2021-06-15,76.88280655890189,57.40638928170748,73.73634568912514,50.00646619873535,83.36590487462864,60.06772356007198,54.32580757392774,47.01647069557425,78.51900061421361,63.967668319685636,46.236462558799396,71.96358337718063
2021-06-16,77.24162458496014,57.252489505794976,73.32899485019492,49.51854129793958,83.08693075012643,59.17680449234418,53.719680392571945,46.479379214878044,78.22503446542709,63.77524787616835,45.80072844133335,71.75611245257404
2021-06-17,77.11370895372767,57.00878169701446,72.8383508472442,48.867740789950986,82.9208999102636,59.0701981493818,52.790721447888046,46.37438421935576,78.341849585825,63.49487830089018,45.41839707693682,71.4120187786362
2021-06-18,76.97162768083243,56.40499458153143,73.69339763247066,49.28437745554515,83.43734193286329,57.59852737437037,53.46128411039641,46.912296569116656,78.87966659276796,63.165577960666816,45.243337369625294,71.51191790336615
2021-06-21,75.67920648273852,55.48991251232744,71.51864808344779,47.13484679930395,81.99346487994566,56.51575890014156,51.5727333151705,45.76831349264402,77.14232720620683,61.67287604636186,44.46057748110965,70.00133567832954
2021-06-22,75.8765449139406,55.29942774124509,72.67088599847997,47.03834003884684,82.61216826960036,57.175303575853576,51.460540043716406,46.18292587266435,77.547462389888,63.38096385972952,45.119706841535525,70.37860634572702
2021-06-23,74.32430560696696,53.77944654658968,70.74161599799199,47.029957698335636,82.83005069364594,55.58331485479665,50.7768308260795,45.41258287442922,76.76834327530727,62.8108363950634,43.880738048731,69.39975395800931
2021-06-24,74.55914375731852,53.278476363180026,70.190592654059,46.92932916546335,81.94584949671409,54.4921601158834,50.44080095485418,45.00582818849935,76.05202653787035,62.71563991831955,43.74690880433346,68.96503926916412
2021-06-25,74.62672228207678,53.02251579675755,70.41882310106038,46.25082362681811,81.64590406221514,54.097446600950924,50.55484561521061,45.29335390959321,76.73693737088037,62.03669066186339,43.54277321808894,68.70543305636939
2021-06-28,73.75770993881758,52.80249231910533,69.92422057172669,45.63272483487956,81.06251553083216,53.1780847017326,50.343611890207406,44.48163627691685,76.55983306032863,61.02147015426539,42.92630100099446,67.93203781432565
2021-06-29,72.987034275914,52.03102418319332,68.34940334116575,45.225665270963255,80.76495685753234,53.47479471362004,49.7402239295895,43.848261580931656,75.4737259270279,60.395215524093224,42.59269145719534,67.02028440939472
2021-06-30,72.59700469280995,52.0656523618049,66.9876311930215,44.91119682916352,81.0553822549826,52.65294085504085,49.18514798750967,43.57861511177667,74.58286676152723,59.71141007945341,41.88831438100246,66.36727061684336
2021-07-01,71.9196732164894,52.53257068571771,67.4985638125279,44.85122733662203,81.57153491275825,52.539465564850076,49.024468673928084,43.617260484274304,74.65903758061138,59.615492061995255,41.60524374804235,66.38563088203249
2021-07-02,72.3817553193016,53.16199407977571,67.3824346419372,44.908389292893744,81.89852856710691,52.79574205858689,49.30830117375574,44.20756830885135,74.22771862942447,59.76949427709089,41.845427849931596,66.80673397948634
2021-07-05,72.28158062255577,53.863268243232156,68.19317948634801,45.510177226120064,81.88255334932185,51.994187685563716,49.92885086090269,43.861241533298035,74.36508609052319,59.21655337679864,41.8594499276999,67.21317154769338
2021-07-06,71.52647758945857,53.5294404803106,67.20864160439949,45.00594506418112,81.35281247516575,51.02690722699806,49.58963555337076,43.782492465081695,74.17917697196555,58.882158487254486,41.25332857755971,66.56613036789757
2021-07-07,70.5548451573091,52.98945577862646,66.65785468157651,44.893962919307754,80.94169136279699,49.590396013732715,49.36871842713748,43.04256845879308,73.25165950087246,58.579930299945495,41.19579604663796,66.0614577642441
2021-07-08,70.48186797613654,52.79250764684856,67.19555999706165,44.57357993137025,80.57756922855629,49.13465372654044,48.36492523543802,42.565099596337,72.95227451593831,58.372842778486,40.372325957954274,65.47470106329769
2021-07-09,71.11875547817077,53.32079179667674,68.41258653146184,44.66906879043134,80.48374236863208,47.915107920242015,48.39308892210561,42.69878052345388,73.32315921980293,58.92077474099173,40.99177470447333,65.7975245585668
2021-07-12,69.0562266247494,52.47701736981318,67.30833991732284,44.12855203204935,80.04459029404096,45.99502143692057,47.11044860511227,41.914715998611626,72.1962539324813,58.749840948631075,40.58084671045103,64.4724650713479
2021-07-13,70.0546470624406,52.96173180160828,67.63808599810176,44.61563853221846,80.43280912707527,46.8545575658487,47.615403941815885,42.462280058416106,72.8514706508871,59.17896392866147,41.02076857358584,65.30274869472527
2021-07-14,69.08982563467575,52.23421667407903,67.49486130600437,44.53399463252713,80.47520359928609,45.22219667627268,47.061779028803734,42.12974866654704,72.94426681567694,59.02500310326357,41.04869838512036,65.00956884063753
2021-07-15,68.49777168840819,52.110490612703344,66.98069962114357,43.9363692858814,80.17349741389499,43.8233496350072,46.873007264323114,42.01042330434463,72.81113906566557,59.27049640879714,40.37279135186264,64.52197348044463
2021-07-16,69.04252393547277,52.38352235174835,67.26361255590412,44.05371881374429,79.94168730021923,44.61575582296755,47.38008219926043,42.844576378371116,72.64365998952381,59.26029285921729,40.44894996255594,64.76833115478003
2021-07-19,70.01058759648217,52.43139079864857,68.8264444099035,44.518805847498236,80.53440147107614,44.35608158673994,48.48248661771359,43.1715045351455,73.43154756918743,60.328836146544575,40.76425783537662,65.46813012154088
2021-07-20,69.36942936282618,52.62541145685413,68.26865212068093,44.49280486171957,80.74884596713243,44.54170258751779,48.52611434722869,43.153451998623346,73.41634587798418,60.26290621248847,40.65922265431406,65.72016540521408
2021-07-21,70.0707396696924,53.34388770854297,69.33939161801972,45.138621404780125,81.25619049164636,45.306262322620114,49.08124608491387,43.500167209614524,73.93069765806491,60.5831605309916,41.45517522609107,66.44357961137524
2021-07-22,70.44261689774291,53.37699249761545,69.58717829577309,45.683005309618196,81.6792470884771,44.720367266774005,49.20293216866483,43.19999415028272,74.0062588929596,60.119562881257906,41.66487564086091,66.5599246434032
2021-07-23,71.61179928048973,54.20690211525378,70.25281295397025,47.00543528569763,82.17089042703391,44.344582020996064,49.89110401713493,43.42747449119233,74.50097111677336,60.681397486678854,42.56206827592481,67.41125387497972
2021-07-26,73.23624958105057,55.04712327722011,72.26725420049748,48.22247929337989,83.90607054810513,45.959532353124324,50.33703594284018,43.90393385346608,74.09192596756672,62.33877151551872,42.610768090712774,68.28401786975905
2021-07-27,72.51651865604248,54.50344410256827,71.5597022126706,48.127367866584514,84.34853479739704,45.555916059457466,50.55442912046495,44.118855748294,74.51394266616472,63.20369386065426,42.554964732865415,68.24264959846596
2021-07-28,74.00543131344422,55.08150687591302,72.84344535107951,49.48947505989623,84.78704487925152,46.68298923233864,50.73915425752264,44.686086242394,75.3181878312489,64.02587387388475,43.083382524673375,69.25964641615188
2021-07-29,73.82975299311056,55.33315682942573,73.1030918788038,49.76683511683853,83.85646670566614,46.29116605486218,50.698827998087204,44.52381271902252,75.43738531893004,64.3796833256363,42.65019689078991,69.40212632460675
2021-07-30,74.02030435723768,55.697563025013764,72.02820910877196,50.52432393992522,84.45370681556547,46.58136038722665,50.161158737995024,44.56075309661668,75.7470133871863,65.02249997225233,43.09749566806833,69.49044932610359
2021-08-02,73.45406577524882,55.754011802954295,70.54635212008577,49.52419674947163,84.07583258413929,45.22083386109383,49.867033217400156,43.871610162148414,75.15722156099801,63.947665201829714,42.74146977211433,68.87262668224672
2021-08-03,73.57386359727126,54.95979569191016,69.86064423871083,49.94324962045145,83.97722213578942,44.207229808007504,49.29093652088702,44.644193557720214,74.96057050153053,63.57260205183367,42.77444305650576,68.69949443394304
2021-08-04,73.9592924391957,55.31135610227187,70.98356421642688,50.190095620344046,84.0239238166239,43.988230075595055,49.37731558917491,45.57016907090812,75.50636250768163,63.89651822751716,43.69086528894678,69.265174507657
2021-08-05,72.94503276366919,54.94347648450252,70.49033551200893,49.89453145577576,82.72592839494357,42.913359044311754,48.67440042783811,44.94725779779157,73.95352902292281,62.207643203108276,42.929661398160924,68.37626599499019
2021-08-06,72.92016289546677,55.67534667742808,71.41447984240945,50.11762286912912,82.33729455952778,42.88319054755179,48.725513623134574,44.735065341333275,73.87559071108619,62.15414136814636,43.81933133062658,68.8510995017567
2021-08-09,72.51841859106747,56.43375330208885,71.90807649638027,50.69392912018127,83.60161796075475,42.87409325219764,49.0100002046624,44.750002186435644,73.74056587115663,62.022369389956836,43.36230510841854,69.1203447497205
2021-08-10,73.04650143341811,56.24830039918764,71.00469309844152,50.773355038130575,84.44636938153695,43.28241082875029,49.06099032055663,44.612614823560804,73.70802519327766,61.99864333421174,44.02363590560115,69.34114150127938
2021-08-11,71.16675912169885,55.06293758001522,69.37924215803987,48.77221178103156,83.01994976577795,41.81187113970607,48.48611008207418,43.256814611818925,72.55492344885064,60.712144241465126,43.326053796175465,67.82655584759851
2021-08-12,70.29916227816427,54.66153626055409,69.09512614561012,48.37808773588478,83.76430093721477,42.30844864155079,48.07813405509952,42.5345072197146,72.15986873639154,59.53569718757146,42.90259786640833,67.78289145624021
2021-08-13,70.42874223973278,55.25114879153116,70.30430023204036,48.67674813100909,83.37344376404135,42.25738283210647,48.195865443833455,42.701023567894424,72.51612586166031,60.06933889428415,42.78890925119293,68.2526724523789
2021-08-16,69.83041829534497,54.443241553339625,70.47863157851478,48.27941469199764,83.27207145587276,42.262476051314366,47.980904748399254,42.176712185482195,72.54572350734065,59.42392533989551,43.38269098687428,67.75490313525326
2021-08-17,70.67074218471502,54.894121654165694,71.83096690200463,47.52979959136298,83.63901258189877,43.08437216218873,48.08429808049811,42.03289483791964,72.77229513332585,59.68258935355883,43.2539296980098,67.84346091901331
2021-08-18,69.24941440995848,54.103458189064554,70.31433924665083,45.809198817789145,82.0032260774117,42.89268775194742,46.971405012390946,40.547039828853954,72.25629532714957,58.74068639752175,42.635080197464795,66.24426162893582
2021-08-19,70.18601367032285,54.58655078057196,71.3721605732357,45.93313103470065,82.20274113790848,42.064384486569665,47.25420243276022,40.98212128381702,72.74052149112005,58.981475464538036,43.123710261961726,66.71882433283989
2021-08-20,68.79421161721973,53.54756236378619,70.33401578425557,45.52917594443056,81.44384836073321,42.74109360038536,47.20885625184657,40.44341995699517,73.11885333443429,59.483317995989424,42.911567625887145,66.29983880649961
2021-08-23,69.45735176906891,53.72945457132563,71.15889715600842,46.088226353084266,81.9500948315383,42.15135350469911,47.78760743470104,40.1786226798537,74.16960550563813,59.09367253303021,43.300289401186035,66.90842345272749
2021-08-24,68.21809589173958,53.139370673770046,69.0388351297217,44.83839692717562,81.52175645675653,42.04850232574046,47.22880548066279,39.07255229429921,73.19441367703743,58.12248759774899,42.059247467245925,65.6922481464063
2021-08-25,68.96605791991443,52.99384626003527,70.13699060932565,44.702064820772556,82.319749371518,42.399776905087634,47.20749574167594,39.626495009540356,73.10316360016495,58.48671601122418,42.0090508427959,66.17667755359118
2021-08-26,68.99000250637414,52.81493593981514,69.37465752184661,44.704537017189836,82.38728634999104,42.491978106229624,47.17849198832004,39.89595659813647,72.73248043710487,59.02810314678327,41.665118372365804,66.04490005802897
2021-08-27,69.53898507671565,53.15372863469023,69.98065661645329,45.03214788478707,83.30636661792609,42.35638552767827,47.554182537854714,39.93813433652026,72.89364128510859,59.371893653462315,42.37974778189982,66.6087059899033
2021-08-30,69.65426307976803,53.0341842726618,68.86109289164962,44.87601425458176,82.08410105557857,42.43873793173299,47.205738112222626,39.49924193250776,72.8333840225895,59.14407787599908,41.33706392221194,66.01366029534948
2021-08-31,69.8819641224662,52.854112533659105,68.18985641828057,44.39685432394253,82.6029362228058,42.53242183379033,46.62185729658927,39.41143186848495,72.80588664076238,58.90239149023393,40.74215093223861,65.62836262252803
2021-09-01,71.6677029261119,53.96742959650551,70.26973223802915,45.791051939188016,83.81957529203187,43.36652130297716,48.03855350409014,40.67945488231569,73.79685908824356,60.99102287600032,41.888164411944224,67.13772377123112
2021-09-02,70.50700720573083,53.44364676414089,69.36107490616857,45.06266918162428,82.83769781634702,42.567484595840014,47.21300634643227,40.184807350898126,73.14684686785162,60.374637209824044,41.520763321817306,66.6027498444689
2021-09-03,70.94788309904527,53.12986067858603,68.98013561257531,44.80831641478999,82.32029833943774,42.717466282509676,47.1272187254512,39.976583368648924,72.66462844801566,59.55492409183872,41.08013270108698,66.1552286533301
2021-09-06,70.46380540770458,52.96720968222519,68.298250331905,44.71769586478791,81.92789639690892,43.193780610515525,47.16520420882582,39.74456596537093,72.45596948525751,59.15709733890964,40.659234827993664,65.99706079591807
2021-09-07,70.22760838254331,52.75075785715296,68.28775236359937,44.363070641061825,81.44104311394888,43.12780519037123,46.114779157424266,38.77995734378526,72.13424932898822,58.82158068311051,39.66777154000259,65.34305646736965
2021-09-08,72.14021687322865,53.23742118159678,68.9613405821788,44.68177238664534,82.226728034644,43.52851738364419,46.85858873677292,39.57379109911365,71.27499298179949,60.082426576635285,39.945327612309185,66.15301645323217
2021-09-09,73.12635358103792,54.37418748441563,70.94385938193575,45.55595292656255,82.22081846216595,44.446435674880746,47.20167839684684,40.329037255503984,72.05679386347806,59.80513158764761,40.320759500765696,67.32943706769167
2021-09-10,72.69209455209027,53.47936170851702,71.59760715413177,44.91251258236143,82.3826711871044,44.654694927204865,47.021257490254364,40.15809145795815,71.98347429279384,58.80223405644909,39.876745711614085,66.87833679488585
2021-09-13,71.07802810699148,53.09564124439316,68.89969685434058,43.98138737822443,82.18582686230175,44.24945996968342,45.66580834347159,39.34580089096868,70.96822475068223,58.58881061798616,38.85926365128217,65.7414088314009
2021-09-14,72.31201261806471,53.58003250584087,69.38047578213362,44.809057148026255,82.41479166158594,45.5776436561736,46.258228470496334,39.61872429445109,72.03753207206343,58.9585347746581,38.875399367482615,66.54406188364256
2021-09-15,73.4166988354644,54.472574265885974,70.23118358563833,46.42527823771276,83.64438686341151,46.28717423615606,46.767584705130176,39.97927457287603,72.81023041903555,59.14891595148847,39.78301841480261,67.31386699383245
2021-09-16,75.12080833948153,54.89202687798924,71.59961260306679,46.9029297357103,84.64438052560868,46.30399179314115,46.733948356728106,40.46106111555597,73.44364680903004,59.32653932265096,39.467922321417824,67.89804174713586
2021-09-17,76.45068554395428,55.73556236846643,72.36432658491616,47.810335477119644,85.73840963025742,47.14622937083725,46.80631643238866,40.616394847499116,73.1930023126712,59.470082216009224,40.226446095702705,68.71644162681862
2021-09-20,75.6933565118154,55.84732735123785,71.91859252348792,47.39460967223107,85.9748983393234,46.9566840056012,46.52383267887406,40.70785087415366,73.18701815783484,58.49435108802551,39.73295308549874,68.14286497998766
2021-09-21,76.15178253371954,55.5818905770705,71.44658586246373,47.734930444669935,85.30657819182306,46.523357831050454,46.31511968310157,41.33777887855186,73.17870311228016,58.43240024821335,39.48740841015238,68.05417985065262
2021-09-22,74.80256977119359,54.958194245994704,70.67912658123531,47.16094829944672,84.8664591358807,46.04287946809071,45.941896941559264,40.024117057586324,72.69663325475891,57.3575574369713,38.525276700548915,67.13179472113076
2021-09-23,73.39934925807341,54.239931504246385,68.92891161710833,46.784444927898406,83.67197804851656,44.72691222864786,45.225488256556254,39.68509183013469,71.09705527811394,57.44128240442679,37.658423028725096,66.19887005216752
2021-09-24,75.38770131830753,54.773629972975755,70.22288644806197,47.46654666556158,85.22511734724118,45.42587074187038,46.52295275706038,40.00608248031831,70.8006877727391,56.74299271251624,37.923731606005894,66.87975171769885
2021-09-27,74.3875666528465,53.913780418924084,68.13296443517982,47.987654450640925,84.45921503473951,44.68441449239805,46.24821470478993,39.90705891735809,70.39589639696567,56.645816569279106,37.016390689773615,66.45336496173525
2021-09-28,76.11665422948984,54.91663089296759,69.01124555482568,49.78278859810063,85.22590920685005,47.23670766514266,47.95256545985625,40.98893144321078,70.69927475804377,57.410433953203736,38.22754671776765,68.00656267681794
2021-09-29,76.22121034963052,54.873851506497175,70.10186544581283,49.20599765330945,85.77015981321722,48.06859047190425,48.11933715127129,40.985044957171944,71.28533779196215,58.21116843847767,38.31535212713045,68.08439555045906
2021-09-30,75.11322362058125,54.31172554682817,69.74271313521058,48.97792936899447,85.7011050099025,47.880471934860964,47.82507119811749,40.98638231028578,70.53315291873908,57.40690545179963,38.05425303002469,67.67193687724861
2021-10-01,74.72597526837956,54.62457886077707,69.97601744586102,49.484940627988756,86.18485107470815,47.479455666237,48.43320021624527,41.3964661004517,71.15649497314061,58.014900706743234,38.366579354924255,68.24300359323364
2021-10-04,76.84825601535972,54.95049070462878,72.6894956331918,49.7132482037589,87.28482748636895,47.713882180370355,49.191480955602515,42.69789583741665,72.01684761769573,59.660098839717314,39.45232022550635,69.50903711381315
2021-10-05,76.87949280072176,55.66493654192664,73.75651832197403,49.69325036586626,87.85534172549478,48.46563470385402,49.27890215399842,43.051428935471016,73.44785178966613,60.16149033044296,39.65571791739177,69.8771962409934
2021-10-06,75.52265584113665,55.24684306658445,73.42733741979966,48.84365994183927,87.93985415846775,47.65999926990504,49.151803674739625,42.03148236075733,72.96739469855183,59.207046952795,39.39985818307639,69.04769488810189
2021-10-07,75.66831343553545,56.0776751699512,73.57593296710532,48.80599289102022,87.86358529980932,48.08669123548414,49.31805252345113,42.17375264535945,73.77351847503112,59.288767799340924,39.348438809498845,69.33328873166693
2021-10-08,76.3759645366671,56.44099438563922,75.17186625815211,49.65740188221136,88.4326506334302,47.84510256635439,49.73565091791008,42.838767606623804,74.13058103556843,60.06384776886823,40.49021195827991,70.32208893922021
2021-10-11,75.38682805130306,55.8000350701751,75.10786976670315,48.721736170917154,87.91498163743967,46.57035141191731,49.64857461461039,42.44433997669852,73.40239416435148,60.50784657934547,40.063737723712194,70.00039519329258
2021-10-12,74.8104797823473,55.53556551624537,73.54930144894277,48.58656697369317,87.46104439410271,46.21770977888771,48.9846896183409,41.71640931868809,73.24050624452116,60.158221344243444,39.39183822191387,69.48233958684511
2021-10-13,76.95029663972129,55.44991028061125,74.82246281947327,49.47030024216664,88.07264377218318,46.66119606663866,49.585750271994556,42.8140735556584,74.22037654011493,60.96743752572409,39.60406743191201,70.22174683830107
2021-10-14,77.483761365161,55.601619050265484,74.90962938267086,49.70897794453537,87.60862189683266,45.88670476098487,50.04388003258433,42.879720378043,74.02678399013195,60.473673950259766,39.96684822343969,70.34867739393368
2021-10-15,76.91063743609467,54.84032315749108,74.76590950264482,48.975076250450385,87.1327861662444,44.77437329120931,49.86701463898791,42.36774450597813,74.04104819201174,59.91496469990791,40.026108767115346,69.59483824005682
2021-10-18,75.78579518514759,54.554805439995235,75.26025011807023,48.786927407105665,86.38662667935037,45.064260556424074,50.257305124932884,41.701415540426474,74.14564560005778,60.31042900534007,39.99212666879421,69.35608197191132
2021-10-19,75.12504797393416,54.2948031945651,74.30076546091937,48.212792059079,85.84758051845513,44.389200323718256,50.23556226313478,41.54617665632486,73.83747525300937,59.76280246720582,40.37982332526923,68.85536319914645
2021-10-20,74.78263169154887,54.45493922398362,74.2816190440294,48.82325503504363,85.9300056298816,44.91055679063858,50.636673684502085,41.66878502902107,74.04927305361538,59.66010063484387,40.170920907454246,69.08829626974924
2021-10-21,75.29332805267059,55.14396257698735,74.55668488064012,49.09861674978959,85.91009922904806,46.007445187998016,50.9019109198534,42.079629505789214,74.15311596862742,59.51395935749223,39.97745925073895,69.19209047605521
2021-10-22,76.19396979440918,55.91121677047958,75.9982702552561,50.52282879412394,87.22060818371995,46.87149502021452,51.676131443441,43.16651318838186,74.34744666042464,60.64158453255748,40.311305360177705,70.02185874690183
2021-10-25,76.85665578058345,55.80850991174974,76.45523643445856,50.82407852229076,88.36729407438281,47.36625413842567,52.1006290162759,43.3235234211008,74.70423681711965,61.244687066202765,41.05507647949796,70.55049413969603
2021-10-26,75.43257117835694,55.40822144611368,75.07517245214247,50.490097377802435,87.96468189534694,46.08859700647131,51.97681678504406,42.36400653167895,74.2468177239732,60.60501968722723,40.06418394530245,69.46668926542088
2021-10-27,75.4990166591987,55.14629596252235,75.85417756988787,50.534096277243215,88.92297655140042,47.10216806351888,52.217731797897706,42.942391157048235,74.0776271552203,60.4389639543641,40.24012787545219,69.77921325778442
2021-10-28,75.50362907217301,55.60637015761433,76.96216434844231,51.0209106686249,89.34149343244555,46.67862336442055,53.32141750036008,43.7362674062622,73.2588300672806,60.018170110029324,40.23663125105673,70.43772342213414
2021-10-29,76.22145548373727,55.39853118012875,78.13178383945198,50.91329230318764,90.26476995287574,46.23398359520575,53.58444140236838,44.08356870374623,73.73078665952505,60.74960060292541,40.49903254733515,70.78932434313417
2021-11-01,76.41680838898415,55.6084808505288,79.28244792231645,51.750857323139556,90.87425055445777,46.80708854007645,54.6410522015363,44.84934765989262,73.84237573825531,61.0506683982363,40.65827465439158,71.55235191538686
2021-11-02,75.32062823702663,55.80793321474131,78.31026461801832,51.425534267573845,90.67548937204879,45.54866804222347,53.36107712335815,44.49761824185764,73.86821275844724,61.165739155967636,41.434845857827625,71.18440181445236
2021-11-03,74.35073889718191,55.166316471073294,76.45586933100151,51.12889937267398,90.25923383292009,45.652597794938124,52.88486890711557,44.046075370867364,73.08914440517498,60.90513933691057,41.29136962750384,70.53045501612374
2021-11-04,74.80384416322131,55.391037418736225,77.83076664577096,52.286189337406,90.22667397170152,45.77920986655972,53.25628241389489,44.52484765536235,73.63736712581684,61.0807048767419,41.52582601610923,71.21961162675937
2021-11-05,74.03113425165625,54.6979156439374,76.74265764406753,51.64640259485359,89.3441076172726,45.53379043541017,53.19269991868999,43.32140505358516,73.09752938618026,59.957230475002966,41.34984662406514,70.48305490750157
2021-11-08,72.71169101985457,53.58568958732916,74.68792033566454,50.530530305442014,88.03230936508005,44.157638277334456,52.46070914797245,42.54586890324993,72.07655908484529,59.28032757036708,40.38921369591336,68.97688368700643
2021-11-09,73.71620227260685,54.5430814757426,75.47869691559927,51.503264723867794,88.8087653337733,44.55908077381627,52.8858852145292,43.29963068284343,72.46171514785259,58.75864296709182,40.623250741477065,69.71706617506076
2021-11-10,73.21332331117118,53.8103584288656,73.99974313353654,51.07574168960266,88.3544625740704,44.18554561465473,52.47301392387831,42.68151965027446,72.32776495780851,57.25944884974088,40.487657052567435,69.2358599814735
2021-11-11,72.98052793325897,53.260884899278274,73.58326101237343,50.70995160906051,87.82193892979792,42.827719467326396,52.64018244127398,42.389140690645824,71.42399052105233,57.817800890449675,39.86553615222589,69.04975177800753
2021-11-12,72.24693267795475,52.82070922020131,70.98083333749778,50.053279861211806,86.52928677101642,41.46521399222836,51.964019015495765,41.85053071447929,71.41386366519264,56.715799836465266,39.76998402491429,68.10422024446923
2021-11-15,70.22776213055609,51.70194553468524,69.73592371854494,49.502624819846325,85.8049029556468,40.536016736133746,51.27183087752929,41.482800465374986,71.33232758348635,56.13538063385906,39.62611059055553,67.22136910400329
2021-11-16,69.47944260275511,51.07716274066393,68.38366867969872,49.158947696619364,84.66687261394232,41.22421522849464,50.97050181007702,40.97921120167708,71.01491499247963,56.04556994275596,38.77924617485334,66.4644232540691
2021-11-17,68.75422475061926,51.284106388688976,69.1328091059452,49.290652130563714,83.98730984972445,41.51706591637755,50.384976507522296,40.70030062643137,70.15847243628474,56.805161351308634,38.59007551573016,66.24919925974677
2021-11-18,68.47588013733625,51.452035698461074,69.73257747658192,49.27884649759437,84.16933988183499,42.12683056115945,51.145543361126514,41.01743954949967,70.66417195964753,56.49676840549663,38.13961892861369,66.52254779868495
2021-11-19,66.66852803834296,50.290360617881845,67.82497498593638,48.15952437802694,82.99979503100778,40.35762441902738,50.02994782920291,40.03382068440034,69.76388494357663,55.28051413392885,37.389898825926124,65.00829938421427
2021-11-22,67.08459949476702,50.39679199014927,68.56445618292895,49.05546595739631,83.08394111621472,41.231436373892485,49.57749258760816,40.096640428239134,70.75755145675576,56.02363735266738,37.785595337730484,65.52693679274526
2021-11-23,66.45048206599884,49.60344501704059,68.07542941781547,48.237471596103234,81.71745517737892,41.361178385925626,48.68377863510101,39.498990834513954,70.0920007335879,55.42966266830066,37.388068858718896,64.77228951656086
2021-11-24,66.14974097222496,48.97217057602802,66.89869889853753,47.800439367692114,81.28585479824105,41.266575239168425,48.125857107213236,38.94691495464665,69.59379871382707,54.54293914209457,36.80389458545191,64.10185830429626
2021-11-25,65.61709783339604,49.30212660537817,67.36717989981122,47.977681162555754,82.00271624912506,43.11354706806308,49.2209207609069,39.45344242403384,70.27484730565621,55.25842881510689,37.05354273492959,64.56524842759413
2021-11-26,65.54097680300441,49.6561502213553,67.18620734990563,48.02324077157837,81.81545059955326,42.27697766816008,49.22172238529883,39.06118586521677,69.31972937660153,54.434544555799235,36.81766416326124,64.54230103853808
2021-11-29,65.27669315312076,49.304851190617924,67.34378951133193,47.826733173945854,80.85850441620308,40.868298909060115,47.95986903488893,38.18562149787892,68.56085179706736,54.13219022713983,36.1516984397446,63.56842409297769
2021-11-30,67.07823417179696,49.91408274393847,68.88366063519955,48.93830303958464,80.91049851820475,41.63806632464816,49.39887647778397,38.87866454939316,69.18625478878947,54.94490284650464,36.65725660276345,64.7754976998258
2021-12-01,67.09523166695396,49.322306089528894,67.21119463429581,48.11851345798653,80.84303645482287,40.64896781498515,49.09890635845113,38.5376638506742,67.8712155505772,54.515536365054,36.12895253091696,64.23932337320262
2021-12-02,67.34873333313011,49.643468438006714,67.88046265487326,48.408939294764494,80.54910969497496,40.80681987506923,49.27922249784563,39.3403189744695,67.56838318963956,54.30044016615253,36.02027845693191,64.4249452035541
2021-12-03,66.84884244953653,49.170668716022774,69.46015504627876,48.626806009968554,80.96735742034775,41.206972474679375,49.76356419757864,39.39905994153249,67.7391277324144,54.25994622137442,35.33672574017751,64.58030793916718
2021-12-06,67.4350873950304,49.63373486950838,70.14550275134114,49.86039350084398,81.49666416656994,41.91004045743239,50.469938941839864,40.34455048040262,68.40821369670977,55.35572825730544,35.63119152670234,65.52457963953624
2021-12-07,67.42540719187564,49.342280875878394,71.73061057990105,49.10567568956084,81.21622392672934,41.74492797671146,50.23001361115996,40.3953079800711,68.9301825381418,55.22826802318539,35.71765776152965,65.24964605376591
2021-12-08,68.67516923998687,49.42980856304935,72.59953884081932,49.36538820977003,81.69689307161157,42.49548881461834,51.16150189506167,41.254780165549015,69.71787096752657,56.185664417525416,36.52625477550722,65.93851360432016
2021-12-09,67.75068857050029,48.81175850269597,72.60482665984661,48.93887942311678,80.58100282401719,42.57762265449504,50.93714918128016,41.46604582077136,68.85602488621643,56.06987152212932,36.066733502902444,65.4716215754395
2021-12-10,68.51992501245626,49.38861189338624,73.29792438268214,49.025997479702475,82.31090251328281,42.77302770803061,51.93794035925169,42.18165787379877,69.61735493876873,56.409165802016034,36.51163530396929,66.23808614295518
2021-12-13,68.05229142407603,48.55910297780283,72.56318022873323,49.04174316695318,81.27239129707363,41.988541200140034,51.433810267100135,41.54834645224151,69.48735314726169,55.88935565909517,36.60637764413869,65.75498946986707
2021-12-14,66.95534675838934,48.13355508034268,71.63142403205181,48.11005367378013,81.14558236981851,42.505568403103716,51.83055386067764,41.29669966676191,69.39343414123495,55.71265524055098,35.97793326463596,65.54102936452155
2021-12-15,68.27820788377626,48.722360411097384,72.68333832580119,48.89096901079294,81.84225065161786,43.287033255027936,52.51147735717884,42.64556456403718,69.63603838479678,56.3878882849868,36.81523066041843,66.81949706369623
2021-12-16,69.30878725026386,48.880228134420214,71.80716717873963,48.55015711786923,81.93584840465968,42.96024043244614,52.29818270515829,43.49728541203615,70.55797335325558,57.15672446822826,36.41980514350352,67.05948574848966
2021-12-17,70.4609707545203,48.5097258194121,72.60135165707072,48.39740177192749,82.58436621053687,43.19292165921003,52.58664362813167,43.98588964399985,71.36464879019506,56.64696332664322,36.58220146158303,67.16028231548692
2021-12-20,72.25380430691386,49.769656225453325,73.90626969993484,49.97573728450044,83.04355329942567,44.16009451372421,53.85073494491392,45.88418249843489,72.38472207232968,58.50000630893095,37.383495200328426,68.704603322615
2021-12-21,73.48840875119211,49.82832842804693,74.4952155423243,50.44084729999811,83.20209040649371,44.4326934685429,54.196446831135056,46.32821217697422,72.1677477607457,58.32212384370181,37.49113177730334,68.9820983522859
2021-12-22,72.54109393454979,49.39900925538559,74.04868033273651,50.34570039162482,82.98522153682244,43.961309936646764,53.78142550459807,45.65110954332857,71.335999232261,57.465715907963485,37.09308488544357,68.44203298818817
2021-12-23,72.7665313372042,49.59799905245937,74.37242751691731,51.032467830658135,83.45646670798651,44.74343621189088,54.22916869671427,46.083216964713145,71.13545362131134,57.78742726168282,37.975086413478984,68.9759615826642
2021-12-24,70.65638922457488,48.8873460726628,73.44823969506878,49.57552350724069,82.99883560252542,44.677679092530695,53.21811196040641,45.606820031269756,71.06081166558724,56.568593763788435,36.663851223412266,68.18181383361484
2021-12-27,72.06364031890605,49.060667792897604,74.42065289393149,50.36460632072654,83.32007188058232,44.780157188360334,54.04919445879768,46.51561476127893,70.7614907811528,57.854385909883966,36.66684803449255,68.98425836123074
2021-12-28,72.89915519443063,49.91643516754854,75.24098650902808,50.39184606333124,83.31134990904219,44.68552209148401,55.28288374800619,47.46006441980556,71.73382742553119,59.196102254819586,37.202378214158614,69.85014454267736
2021-12-29,73.61212473836912,49.73283143897367,74.83757941251532,49.89287146477777,82.46959491029835,45.37065015285114,54.70441828699843,46.87864799616906,71.43096493769634,59.56811631299445,37.05286203408324,69.47448625272574
2021-12-30,73.26087154721358,49.42945375480027,74.38916833491844,49.40892741780643,81.9815678458837,44.60140089265389,55.04208910299969,46.988470445868096,71.3400363920689,60.07518618070545,36.578581535234065,69.0623753846571
2021-12-31,73.52180011002969,49.807937622159336,74.01736741905437,49.3337011315752,82.40415476460721,43.74354697722929,55.76095923162929,46.91281901337309,71.74683101412647,60.75031763805798,36.751694372746755,69.21264276124498
2022-01-03,72.6291360909047,49.591304822997984,73.34908937717628,49.55294513548593,82.46654021865095,42.60669756196771,55.53957255168302,47.04442158413844,72.81304806615567,59.82472203976632,36.75508179344617,69.24998269937507
2022-01-04,72.57637164871508,49.3673770425388,72.09864741502055,48.71493268423484,82.62616408948186,42.0868627120534,55.28736159434543,46.78924609177117,72.75328869030193,59.6222822553528,36.406611191577994,68.59506210031778
2022-01-05,72.8871443717346,49.611607413788356,72.705139737364,49.70200760136327,82.9969219698734,42.00549500604649,55.320241067197905,47.35394224987505,72.91021630038874,59.5376062783502,36.972433983544796,69.0150431117639
2022-01-06,71.09623640585514,48.466355549444195,71.83112720676492,48.77855795725601,81.989042802811,39.907104133087884,54.09188695724644,46.491403676170634,72.25722254971888,58.88591577681381,35.9051026116649,67.6220885362583
2022-01-07,69.66765716015081,48.512170867744494,72.35601497700011,48.99738826804392,81.86044599859902,39.17877185130133,53.52480116231061,46.108929911592654,72.1495453656608,58.506681808040774,35.80419214356997,67.35390015424277
2022-01-10,69.80353388634744,47.890188594119834,72.25781632059014,49.07680194135615,80.9506840225384,38.41667898758394,53.169756170343994,45.88432078148348,72.00804932342434,58.0640659953545,35.925703192946756,67.10640711383596
2022-01-11,70.07565679839392,47.968104852829306,72.62528345663733,49.28073353170232,81.06171669381615,38.82425711690004,52.451125749645996,46.089554654282516,71.94926135303116,57.46614045205519,35.65758997772153,66.94820829046225
2022-01-12,70.04608179622488,47.826902096941964,73.0171612018014,49.46778548892383,80.79214637968204,39.0990380133009,52.642264818356765,46.11689434585178,71.63443789976513,57.86133004183017,36.141978019899355,67.18208190114443
2022-01-13,69.10931945283271,47.441093535083766,72.67013282919545,49.52741699061834,80.00845289130852,38.51568755950689,51.642091913531644,45.11551430470567,71.29065881776808,57.743170569890665,35.413894407257466,66.37720849733971
2022-01-14,69.78375820149768,48.08282391777107,73.30182081464224,49.497782633578815,81.2825375673626,38.1151024566203,51.751122565576814,44.58655980123889,70.93197152043051,57.4974922252409,35.14422029419115,66.79727665365813
2022-01-17,70.11893204039575,48.173592657386195,73.43716767663038,49.59503969794599,80.70124078626317,37.93986325538077,51.06735849378592,44.528329573008016,71.36064924778113,57.55784078033618,34.755826698258566,66.70249423030428
2022-01-18,69.65664569836514,47.720289046607704,72.78488220340694,49.25040941297622,80.42647539608399,37.993016175784646,50.77452935938036,43.93538392944538,70.94286594904887,57.422765497883,34.54055696412126,66.2918245157947
2022-01-19,69.3999719331269,47.14797212012522,71.69174289849578,48.41410492760698,79.84536776296557,37.4517271527888,50.67679239271823,43.2947145164381,69.89998690711245,56.67199624955235,34.332786109073986,65.40487390310197
2022-01-20,68.34703824408048,46.557305707769345,71.83173173727423,47.89390961446032,79.29902651519953,37.46692593320206,49.95768294508569,42.40846914607796,69.73001173619055,55.98001983923402,33.79204569493296,64.65089991162718
2022-01-21,68.36049857399976,46.356733726967306,71.52263906807784,47.84864065416539,79.50815406214168,37.67343628932433,50.170661266445336,42.4630676177616,70.16701203403898,56.66709554319896,33.903048847683856,64.91134979435238
2022-01-24,67.3909161333468,45.64996365763958,70.78705775760467,47.655853325634745,78.80295513261093,37.59845314802196,49.33571866242738,41.915450073395,69.84401813004006,56.78105794049383,33.5457337418806,64.30651489276391
2022-01-25,66.2710908912275,45.681717186746695,70.57437966684824,48.001447478826876,79.64759556363134,37.868429688869234,49.28466454044159,42.262128188748676,69.22362495073341,57.126632466837265,33.74036534777153,64.37364365662648
2022-01-26,66.73118607532467,46.24369770224461,72.03249226791564,48.65464959071848,79.41701634243235,38.05989546041542,49.65906344780298,42.50700860685404,69.08096706395257,57.948979960259415,33.838424655922715,65.08823020643695
2022-01-27,68.01058597038526,46.1403027117657,73.97693787992579,49.536144384603105,79.56409145010558,39.24308466242729,49.799237706236596,42.64087105932421,69.71282037916926,58.79461535127355,34.16954047672666,65.79150102575505
2022-01-28,69.38090046976384,46.729944337101884,75.19848946424693,50.06991969496673,80.99294399059096,40.18312746576819,50.44098474172705,43.435746236885315,71.2917570100744,59.27715860831662,34.467315635623294,66.85233295585999
2022-01-31,68.7648495007064,46.75133774499274,73.377420924613,49.23984436568189,81.08068661425503,40.500838536706304,50.17172067653145,43.58060895640137,71.29412113965815,59.06827836167163,34.486991992827235,66.67921679399188
2022-02-01,68.08241146941049,46.34135015699464,72.86975758922189,48.43166657091578,80.21253725050535,39.37445025838544,49.72689697663936,42.78402398388808,71.00132034714424,58.511835808814425,34.329001175863425,65.97638789723825
2022-02-02,67.95118513650326,46.45101380685911,74.14445947810954,48.94478770352851,80.40640786175027,39.27052662012635,50.24249529248348,43.451460932242604,71.66673460294952,58.55828649432087,34.046709389597055,66.68119753174126
2022-02-03,68.0767357659466,46.864797898402124,73.49840165395719,50.072085427684975,80.48928768097538,39.32216648228901,50.56300025327051,43.62656849691109,71.41399931636121,59.06714096696666,34.215440479138316,66.91573790141335
2022-02-04,69.22716280664126,46.95484343081384,74.37960942058199,50.665896615227446,82.17348319385913,39.42037097023221,51.66504535473304,44.353706650587355,72.35528017651846,60.51648238222742,34.562988698158556,67.70033718285566
2022-02-07,69.58711218556832,47.139779739561334,74.41337878718869,51.096954869389535,82.40497984039989,39.76653644000613,52.03288718561685,43.76940489560785,72.0878316105642,61.49894759078498,34.77193874962534,67.73474656426679
2022-02-08,70.19436602230932,48.082108536727645,74.16304438438101,52.1610464943211,82.64350485247492,40.56951841172184,52.64537498847146,44.40167396296422,72.59160622990265,61.99075181779814,34.993955020932304,68.57789545308627
2022-02-09,71.34361434814714,47.81380374097861,75.34452365514139,53.53572938410035,83.22230904939744,41.676573055490906,52.61294101337847,44.756057983392886,72.57667665705482,62.175948599226984,35.3110581236883,69.1901320715628
2022-02-10,72.8772757899822,48.174570009776915,76.29278884041295,54.057632484503785,83.37173870751154,42.380279015513686,53.0283600282795,45.20213925217668,72.33171586909874,62.124444805292946,35.21541830953023,69.71719962175465
2022-02-11,73.1044223298034,48.46674320848171,76.94490656115066,54.67119394825454,84.29781448168471,41.97760515706535,53.41199233915527,45.24818479679121,72.19921890941546,62.71142958553829,35.63045387127438,70.09868230616645
2022-02-14,73.83424017650898,48.6903227646781,76.72610736309177,54.87378633586977,84.66407032540594,42.733623123067915,54.043240899585484,45.42957480039248,71.95284523012481,62.86018360370376,36.45725563630267,70.40748485364962
2022-02-15,73.25449697758309,48.54625968746303,76.57039804549521,54.693472931378984,85.3529488809243,42.47179469483625,54.29121597736384,44.832323536809994,71.87545065370581,63.552346624402325,36.62063836767207,70.60079603528823
2022-02-16,72.46796719177414,48.53650718318538,76.4555291519317,54.45126431526891,85.57064854860727,42.15865938294443,55.441261740983485,44.95932692745136,72.65703984965755,63.08343133408165,37.17740696139564,70.7895646504013
2022-02-17,73.624877287079,48.51816679521654,77.68319684118306,54.78359102623445,87.02704769463155,42.70237479069314,55.99834454135323,45.928511416149384,73.19644555070504,63.67300698539922,38.04599843967277,71.5241514189483
2022-02-18,73.22787585681586,48.33477652767162,76.688751396577,55.08207461566948,86.93822291838784,42.43528029227499,55.97516427397484,45.7556041864195,72.74382823751553,63.05543757259551,37.75549553011579,71.18345008083752
2022-02-21,74.82044155520212,49.20387474582649,79.17377360243842,56.34036670519201,88.07226182525599,43.93846225753843,56.79126144034381,46.681183174916924,73.63755506528231,64.0994178000446,38.475402299480635,72.45698515703407
2022-02-22,74.44443743423427,48.945587882418536,79.37609725992783,56.23705584003128,87.5811950601696,45.605640508295735,56.42672733641927,46.76693192387351,73.34396803144979,63.90096834846353,38.483704493567075,72.40814923543228
2022-02-23,75.16159650656762,49.06741638771007,78.99423598947625,56.91858254274257,87.98318072061612,46.41954916965965,56.998346223930206,47.789761749924494,74.26462070136994,63.45389480204325,39.220014728709806,73.15602001869031
2022-02-24,75.52404760030494,48.874765612710846,80.0183012829328,56.647953131471354,88.12683840751194,47.30713605957176,57.07571847320205,47.52300859811557,74.60096623307702,63.803328186791674,38.96089532231815,73.11851144341705
2022-02-25,76.22628661486294,48.7577273074011,79.95441250919426,56.50353388166349,87.7866686001779,47.03036163328653,57.22879120933505,46.89532140292401,74.34547963423378,63.66973722981518,39.09832116111725,72.96574244052717
2022-02-28,77.92659007142247,49.61363009225412,81.55850037659911,57.84918209766866,90.07867328254686,48.408642828513656,57.44274160979457,47.58610328207381,75.17235880194667,64.83778961162476,39.66090612238452,74.48925942692327
2022-03-01,76.77539673116772,49.438520895765066,81.39789336555913,57.95994700372766,89.91428757241586,47.8835143298223,57.71385470203605,47.206104320333466,75.08900808087098,64.5948375994912,39.74650423227132,74.2865684186621
2022-03-02,76.33639529620311,48.90672920097992,79.09417177057244,57.534626863723005,88.84008634772364,46.86619895670452,57.502137208641315,46.59149808878932,74.09934890334644,63.36418801054349,39.19984457111484,73.35974619543126
2022-03-03,76.04284848149754,48.19915458230869,78.62138379881117,56.37843298174572,88.8895844584722,47.33623366929683,57.597726396406955,46.528273782909146,73.29224035509037,62.96666726315602,38.34389370450629,72.86086718419553
2022-03-04,76.14211085252572,47.242463550073296,76.8802664710048,56.30213941260458,88.49058136304346,47.45448654881834,57.76395002300961,46.13057615456416,73.1136037049837,63.168575968730764,38.08805581078506,72.65681800596879
2022-03-07,78.15983983531243,48.283361053562224,78.24593775060018,58.32673506138515,89.94436295866687,48.987372062454554,59.15898901163672,46.90460125174002,73.5930983737074,65.16453441932265,39.11073684411986,74.26392269863726
2022-03-08,79.62585182719863,48.78147054514272,79.32760083186079,58.048679545013684,90.04713866412072,48.56955913249079,59.56393134788114,47.343491307870764,73.67781343609056,65.36739995004838,39.14266706876554,74.44815138877483
2022-03-09,80.55080033344016,48.73241892463954,81.0358583000952,58.600502566907885,90.29501164207764,50.27106924565729,60.72668196150202,48.23208729185357,74.45744683478853,65.58085515186698,39.60965548984149,75.1790722412743
2022-03-10,79.92360072839875,48.10124607842414,79.94262379204278,58.02825674770888,90.35758151285775,49.54152347710742,59.74224004588219,47.440217786352115,73.95517713643713,65.61730463214349,39.93152238188314,74.44995904044363
2022-03-11,79.24424018918646,48.323520321589235,79.72646795104711,58.78198262877711,90.63135305072099,49.30964094786286,60.28913374436241,47.91398930814045,74.37921630995208,65.6798469510795,39.64961158528861,74.74409466562403
2022-03-14,79.56346008870942,48.87388390839186,80.99378428106785,59.53837098093155,91.55040460244469,49.700040569395455,60.99118420631825,48.22531976822687,75.47487146152713,65.90701279053862,39.6909942046956,75.27961300791763
2022-03-15,80.86677252467508,49.811459917644285,82.71720808748827,60.71679199534286,92.49815651737416,51.249755100857165,62.217587005890316,49.03301384921907,76.04170212259245,66.89363257770175,40.19292654495211,76.67646524251937
2022-03-16,80.21840424900844,49.89482737666569,82.25239585014602,60.491337885022176,91.43495440985848,51.3528824148878,62.50325459795726,48.62748002764968,76.4351405107652,66.80206019522899,39.89939316476352,76.16879641706329
2022-03-17,80.99398426028405,50.12300137677202,83.29700002663961,61.423722618514596,91.24710744276373,52.77612522742942,62.70957962831661,48.66169749937029,76.31642993949697,66.46608677890639,39.99449024690002,76.66232660687267
2022-03-18,80.87829108852806,50.367939000676856,82.9504027080116,61.8557020622579,91.21315611053573,52.19801119216253,62.59453485902169,48.226740545687555,75.9205523935066,66.67372278278572,40.048902553957824,76.92654979580115
2022-03-21,80.91204980934992,50.04173765441542,82.5496442330791,62.028716680016046,90.541712620361,51.245743682847014,61.92900612112315,47.18983067798501,75.5899352182838,66.03658723121936,39.33874564701875,76.16489303159604
2022-03-22,80.31726399169938,49.88646201261858,81.2236756576853,62.24886289651271,90.57875277303185,52.343783180978946,61.73091586002799,46.9315185571442,75.52245733673422,65.76882929762962,39.081158304650984,76.18018122782208
2022-03-23,79.84203405076717,50.13091347933843,81.97211810716023,61.599598122641694,90.68002942420887,53.82757118438744,62.13191435236103,46.91613754839084,74.74475301012204,66.49054575412829,39.595342069725966,76.00810908511419
2022-03-24,77.84272162889148,49.31176751755307,78.81457650165734,59.60911924219212,88.7540498934538,51.84969944517217,59.939231908616705,45.861736577915735,74.39140183945192,64.29420217315348,39.453124543086794,74.25683246062218
2022-03-25,77.72803640330653,49.849376315010225,79.03304775322896,59.99644323863075,89.22769550690053,52.160112849330254,59.8993838200659,46.47642432703137,75.04560000172728,64.58291994936485,39.64901037039771,74.734366491824
2022-03-28,78.54248485396566,49.9464462972834,79.17289523974293,60.312643472243074,89.0187991777824,51.38984897876784,60.43288517872581,46.497251780249485,74.83684588037245,64.96206393989866,39.90580394167908,75.17096221321115
2022-03-29,78.5079256870047,50.062863592254104,79.2837883816177,60.32413319256102,88.47901208694458,50.53569791311149,60.480423940757134,46.27709185242742,74.57906527962929,64.80330674150619,39.16408039596089,74.86823209907851
2022-03-30,77.15110725304201,49.149226507113816,78.57902554796725,59.58472473631019,88.8697713781717,49.10385249965679,59.18765524009927,45.107747596286266,74.00477715983419,64.8130688056683,38.47822156163309,73.88786173325508
2022-03-31,79.5157195914279,49.87825441962841,80.20831526947619,61.414685990248365,90.32483789022903,49.91686375593707,60.69930798157011,45.53179900632314,74.06210764869427,64.51247380814524,39.32213883903308,75.01927866867439
2022-04-01,79.82664745035112,49.173235919858385,80.85835288554743,62.0168683316477,90.34040778253745,49.25923891643077,60.20074351476662,46.03053839007617,74.33588609311019,64.45955429381502,39.570236373485024,75.25017647117485
2022-04-04,80.94371664856035,49.28143896401532,82.16995445410974,63.48095892165596,91.78151814900973,50.50340064660607,61.325471076709725,46.518214205508535,74.15102576810708,64.54166458465578,39.92705724373914,76.0511552447389
2022-04-05,81.74907188252067,50.08716830371694,83.52757570483385,64.1890979005241,93.30955371051799,51.3293006634293,61.996616000028304,47.915578427777575,73.95608798458052,64.56057157346741,41.132061968608774,77.16237920836248
2022-04-06,80.32770458930273,49.71026973301038,81.82945180566315,63.63152373397918,93.43334003958363,50.83078245010376,61.50947409477994,47.898548750643094,74.41598721853713,63.934893679695406,41.924905755081966,76.78787765895969
2022-04-07,80.75331084343136,50.09533508629396,81.17559468743248,64.59760224756553,94.64560950510702,51.98265797510393,62.81586846121214,48.17641172803531,74.47806869198351,64.56612897335188,42.22155340641731,77.44691527529092
2022-04-08,80.36858530352265,49.47624503653215,79.5385016647734,64.50012605778035,94.40230019386038,51.64403562133375,62.67903184701188,47.81234506093735,74.04603234939894,64.25980916385632,41.751167986040066,77.28940929971823
2022-04-11,80.07746003267997,49.9081109514295,79.50924466490926,64.79782288418124,94.32856528886157,50.72388647396876,62.43606204012203,47.05409592479409,73.93353850581471,65.20704417904412,41.940189630629604,77.27135405688463
2022-04-12,80.44566245523525,50.04080182749342,79.34592695920686,64.89478393513546,93.89136305134369,50.69550279011854,62.52587261003202,47.48598391058313,73.58641093255902,64.33323873512322,42.210840500920035,77.23533796315294
2022-04-13,79.1342822424633,50.017884783732214,79.31546545942373,64.62769908306191,94.19086307767277,52.22153956715317,63.32309375204378,47.85333042199282,74.57425235140889,64.48400899357569,41.9100433507411,77.26496017190301
2022-04-14,79.55446683679037,50.609129266774225,80.53748018019128,66.33382834295884,94.30741955562583,53.002472165620695,64.18670085091858,49.74719687422029,75.26224399975044,65.23520376520764,42.38676753938674,78.16312584056007
2022-04-15,78.68198009774821,50.75061008168367,80.56198635701148,67.04194746665023,94.16895329741729,53.470852954395745,64.01785071651025,50.60364051818509,75.71844575939043,65.34750839526271,42.83250443569276,78.29169555312987
2022-04-18,79.29424201142582,51.112154473724324,79.84228608175384,66.17439059292555,94.31605938343299,53.23128365890744,64.04693999869009,50.66022426845025,76.08605381930643,65.57952587128918,42.909556842003134,78.20145223415076
2022-04-19,78.75008269190346,51.04386921085442,78.69845298504107,65.693386266501,93.92962485734465,52.8971196403503,63.40459256208849,50.12581752202922,76.98460040823657,65.27514407217119,42.48011721995438,78.01451886421587
2022-04-20,78.80105100500215,50.715123841512636,77.8892804640413,66.00442677975605,94.328159644627,53.49005922408928,63.42311920907662,49.668514404884846,76.08540903922871,65.71672354656391,42.9550777348898,78.31385656817758
2022-04-21,77.40228933104555,50.23167042709555,77.88312697081622,65.69921671841335,94.66702070189537,50.96031304839844,62.6196088902436,49.04920001123505,76.089368560838,65.06879710796942,42.25596853147277,77.63858775166076
2022-04-22,77.45429440654262,50.39834671401464,78.04159414545005,65.320656398803,93.90980035887014,49.78183314316038,62.57730480028925,48.781316885901965,75.9769438494173,64.52083802226399,42.5795830143208,77.27605472551647
2022-04-25,77.20650031491245,50.53805736735196,77.21647908178801,64.64794056256072,94.56614284220852,49.34589287715122,62.400075453846604,48.2314077489787,76.0096705093392,64.00173613302972,42.55952181269069,77.26600008064327
2022-04-26,76.83921836262188,50.14731453524474,76.59742572022505,64.66987487369423,93.91448309734098,48.8296804297255,62.24850356674856,48.196578808644674,76.33636009621813,63.46308501518321,41.63912802224663,76.85599658808628
2022-04-27,75.66988473919135,50.27045770488168,76.81205985573794,64.51933734425204,93.4236754389701,49.74596821011307,62.668444523642165,48.50055062177502,76.59725475658462,63.75728610126992,41.290102498983046,76.79471914967189
2022-04-28,75.7686968711721,50.02889597862682,77.28754936090152,64.68935314842852,93.18008198414296,51.07100581377906,62.91738086883978,47.83087918401417,75.5390209936046,63.1642413524419,41.30257916456074,76.35244094967794
2022-04-29,77.75610300809477,51.06121026457573,78.76935166355662,66.38006229500424,94.91042185380029,52.75939077526023,63.696544895714716,48.818288580789954,76.51094384051225,64.60893005105886,42.81101915744652,77.9249058258666
2022-05-02,79.27214459283348,51.1284671960299,80.14582735011031,67.94667217027539,95.41993113365939,53.90341024265835,64.66441875928521,49.03775424018675,77.01330558640825,65.24060983176008,43.5497486570871,78.99968497480009
2022-05-03,80.38639353165235,51.02777686960869,81.35063736609676,68.77270309322975,95.3754015475313,54.71078682737814,64.5695392105574,49.671123969121425,77.75171944444018,65.48550065882796,43.657098243621135,79.3893048579557
2022-05-04,80.25018471161354,51.19901828604878,80.24096501538187,69.23225378104621,95.15527324907663,55.82068669921776,64.84277715801798,49.32411869611036,76.74645375711282,66.13422102421791,44.47878401528546,79.37790467535817
2022-05-05,82.21643307175472,52.07477056017385,81.8691402064824,70.7675842002105,96.2002188361527,56.54640726397201,66.57106938688901,50.11723439833846,77.9979967327311,66.75192864991742,45.02590580286083,81.16213364534077
2022-05-06,82.95569074781348,52.31654623059312,82.20596451680447,71.62756152671861,96.52002108628066,56.38848080652844,66.85754906834889,49.57156270989722,78.22506220745008,66.89054951448358,45.57589368799114,81.45852840339714
2022-05-09,83.1400624314759,52.89382826626521,81.71137858258862,71.7112629615047,96.14349961265931,56.45610947053083,66.62223217448265,49.15721843462181,78.52227521866108,67.32481732831232,44.955230132192064,81.41955090108229
2022-05-10,83.31340260614141,52.914239486799595,83.41644816979988,71.33278447593108,96.235956408562,56.90136669524981,66.49331304752086,48.69647294678644,78.86182995089787,67.80800888840947,44.44681692753749,81.70061543253503
2022-05-11,83.65686926059385,53.11629115848543,84.33986538568725,71.41854071400971,96.62541489980285,55.62414023054559,66.06265001338376,49.264801115964005,77.99667067565672,68.19653282094141,44.193020404667365,81.98496977341512
2022-05-12,84.75443188808484,53.56031664088058,85.9060639674641,72.44960299542932,97.33986325680821,56.90909256506585,67.5485360968789,50.28466480008629,78.95736785178603,69.78985333274241,45.161056840075595,83.18289248389486
2022-05-13,85.17925320273972,53.32985471535297,85.29344662132782,72.73695295432006,97.91896906698506,55.65156236049471,67.50180686600501,49.82361963640723,78.94939275601854,69.53656432494397,45.253448566688945,83.20000147995503
2022-05-16,87.82704798324781,54.248950297762214,88.00957782256089,74.93031061261743,98.95702085122589,57.65913818076823,69.13858703860467,50.663434705202306,79.5010239688162,70.86427089600258,46.19011771365339,84.9934632703811
2022-05-17,86.95638502102938,53.33781654383171,87.60814024173786,73.58153089085513,98.02590143748931,57.724100442967085,68.65514562983226,50.15351257456455,79.5927896379347,71.34301312396155,45.92815484301972,84.27160415799896
2022-05-18,89.40485263816853,53.21627368917875,88.61062089716401,75.12470528766991,99.88051220391331,56.819543059081504,70.02470818572256,50.92149550531047,80.15391061709124,71.4746541155452,46.28247063576335,85.3929178494541
2022-05-19,86.63907188630995,52.84048172076822,86.54548259064032,73.59401519509142,99.50486788682515,56.00232779916093,69.53368171119915,49.52866119626603,80.20330155023848,70.72115950975676,46.009475338240556,83.9018592242002
2022-05-20,89.83895466256864,54.2863537751628,88.91580348937103,75.87190080862013,101.71903066029371,58.39633684004058,72.05485642971423,51.85960276487756,82.22238161406615,73.0775030350939,47.66316097742519,86.7277297867082
2022-05-23,90.34401131377625,54.3841532434628,88.33913675589937,75.90370541540051,101.79535388711133,57.50496828749251,71.9563155966786,51.798696083224606,81.4194404557117,72.93386591084024,47.59944227579426,86.26955327010018
2022-05-24,90.02807283959956,54.37517503670678,88.92597188780121,75.45285071465796,101.94739305392136,58.21551696721154,71.21325612300345,52.55998529213299,81.79802076957621,73.15938250711837,47.048190648941066,86.24010074078214
2022-05-25,90.82202604656551,55.19894234207894,91.43400166618918,76.30535506310976,102.8437063876913,61.02592616356345,72.43018356921343,52.46152096693505,82.58353248298697,73.75438298131849,47.870234905812595,87.74775570519256
2022-05-26,94.13904425591751,56.49429586704985,94.34049952446715,78.81821177333083,104.76420110795021,63.14134853085896,74.00263287997632,53.182081615305876,83.63670713901635,75.31659039336496,48.55031882991516,89.80886680679761
2022-05-27,92.37248937621503,55.77430051073736,92.86191589680388,77.60634461747577,103.59991780100056,60.688566447065526,72.15103975828637,52.324651838672764,82.66482818906155,74.0010558075623,47.821427083763,88.06139178362193
2022-05-30,90.99909630252037,55.06226999576758,91.85357142988775,76.73941455477683,103.89436302987625,59.050140676202055,72.2579612370034,52.083978740378036,82.93230659153399,73.87453178725602,46.87627827654314,87.57125680727673
2022-05-31,88.89912799819662,54.286238376312525,88.93222778866652,75.1977723964737,101.26863555278993,56.329887402331536,70.37600376788392,50.5555468502883,81.39947877670234,72.42831330400787,45.94113270074719,85.41763235449328
2022-06-01,88.5799369620247,54.075740775595015,90.1223170185378,76.06016182254501,101.89145822864658,55.73217589446671,70.67617796100292,50.284837309142404,81.76228378900267,73.69957573429421,46.48512095617993,85.69142287823256
2022-06-02,87.6254902397817,54.057865123596194,90.34335885292364,75.68053258473523,101.90259127738221,56.49991017227368,70.64659024943059,50.40661618860667,80.9345690891414,74.2252943075838,46.63736622178103,85.59503333595651
2022-06-03,86.951739518566,54.616447488130525,89.20975587720751,76.34964892473671,101.17777436692059,56.32123473696472,70.13391830209092,49.89106289751102,80.84735282000301,75.13761762386693,46.8447141433998,85.11431637921409
2022-06-06,85.47604949059733,54.06595945249468,88.37816474398123,75.30527874615662,100.1894485090328,55.48658388565594,69.15695169584869,49.75413322577968,79.6952489586804,75.00610497688061,46.858954589874486,84.11818833050879
2022-06-07,84.19162792138242,54.29803693517093,88.33449656817618,74.90571541735666,99.5756049136396,55.714896622702646,68.42059088875537,49.81922218880143,78.79277882237992,74.87669158331224,46.4211977421472,83.58934206838192
2022-06-08,82.72140594738971,53.555988894465344,87.54044535974059,72.46877333396716,98.08168964454487,54.84915915170233,67.24712754038605,49.45523747457109,78.21480488595849,74.51956258241451,45.59482242719966,82.51713836056906
2022-06-09,83.11093349131642,54.19437032300686,88.66832958420542,73.69236324504602,98.45541427954329,55.53205657503496,67.85072688601002,49.31873730550944,78.11431377705397,75.9756264597817,45.89591847958213,83.36796162745893
2022-06-10,85.8281799287014,55.47749030534174,91.20000116947838,75.7561979528923,100.64951834672749,56.74437016820969,69.90111691476876,50.96267691105979,79.85855126834242,77.32626228281266,47.23910421972923,85.72036358975969
2022-06-13,82.41288260510645,53.967462299982394,87.9043932008894,73.03628198806432,97.63505840266973,53.8965407383331,66.4636048175514,49.710823556452695,77.80920759872325,74.1657957115102,45.43981285500243,82.77899960329972
2022-06-14,82.6935517096099,53.58614292341078,88.9545972692956,71.99399483197027,97.36189207695745,53.807504653651094,66.41132933855182,50.32153538213976,78.51958344317838,73.24673986969891,45.27253115276421,82.66396732784334
2022-06-15,81.76469489245886,52.936986717658975,88.36998176936008,72.07028421629738,95.76658220060354,52.47274918138738,65.91506032185248,50.410233568465316,78.62096970671027,73.27967047030015,45.5840640006009,82.09587493106761
2022-06-16,81.90152211035442,53.44743747603869,88.89959839129746,73.67917417226609,96.08936515774376,54.26272935541541,66.80754758799611,51.37503932587689,79.08529907459541,73.69628331946436,46.05924374004043,82.88785233828503
2022-06-17,79.57789992132012,52.14818226881882,87.4602070337259,73.34478066392438,95.24502870319807,53.255407834856804,65.14479518853533,50.13550980648387,78.67466584068833,72.50444528711718,45.07717169162117,81.51581369678719
2022-06-20,79.25069945930788,51.75882394221689,86.4290395853108,71.5642713611432,95.10075615211953,52.705892175042024,64.64475107618797,50.58087123325318,78.69200512476158,72.46620247660634,45.53216928477449,81.3574776833846
2022-06-21,78.42904107178099,51.132705052675234,84.7959239642864,70.40583553644258,94.00018485945311,52.246959728576655,63.69880758700733,50.28730028038812,79.05709479692075,71.82341260399696,44.221441773786665,79.88114032072535
2022-06-22,80.08248676358401,51.487770068122195,85.91182411188659,71.68795010985107,94.28640657455168,52.29875834294596,64.36680094724406,51.18365151082419,79.88389920262287,72.42920787743653,44.80116236278363,80.94787173539353
2022-06-23,79.94385808233102,51.284408586391606,86.82304630177083,70.2792443984958,94.71140097641208,53.19968707687311,64.75784485352405,51.520430468764566,79.70450261980517,72.13098742911667,45.1117403042165,81.15148439420723
2022-06-24,80.24984577623412,50.80643547926329,86.68635276959284,69.73031057432705,94.14393220149016,53.09880060992921,64.34635357432116,51.33352401502174,79.79813634681834,71.72518574626852,45.23929108434212,80.9717149121547
2022-06-27,80.2754282836423,51.14178958070157,88.15827837309139,70.30014643197559,95.02975129173284,54.931000191131794,64.40847752694026,51.82238989890659,79.95759845188518,72.6267855601804,45.10016528610718,81.57336262590769
2022-06-28,80.48010703288566,50.83223078709395,89.38970693238446,70.76998188857687,94.89915708401485,54.243617152231835,63.57411248862235,51.48332167227747,79.75935757008787,72.30065313198449,44.39079646802368,81.26685177319038
2022-06-29,77.7095335656957,49.660424464348246,86.4257724156802,68.1085035263479,93.02085234785832,52.13527879380479,61.42920704620094,50.109351878264896,78.26465793555963,70.97080596419096,42.64375628254508,79.0339968719955
2022-06-30,79.14113577875106,50.05856573020346,87.01571526811259,69.13604066074083,94.41413149572307,52.22663029211326,62.044937544373916,50.674435325445366,78.50326930078523,72.2526330024391,42.84804901642461,79.94464257851456
2022-07-01,80.01114327318844,50.85039378642313,87.93902983588714,69.59866051670849,94.59104174174172,51.67740927280269,61.99354917658596,50.41652773051513,79.17101373276628,72.47715800256961,43.51928873320446,80.41984697279361
2022-07-04,79.65212863074174,50.59244757567338,87.68102975784461,69.64445862989696,94.95142609637412,51.705860975749175,62.420751482024215,50.05979203144906,79.06101160650347,71.88764418379736,43.37506249796386,80.252487495097
2022-07-05,81.52236573522866,50.75110248189667,89.66601973502033,70.94426187515387,96.14862270923766,52.081084276473256,63.72374522909876,51.234227932145245,80.24615944826134,72.33032833234884,44.32801296025371,81.74382621685183
2022-07-06,83.04382498051473,51.74044885149433,91.60702751414338,73.3053642203614,97.57517668701571,53.714915324431324,64.98877679186657,52.59710864253678,81.10270180609741,73.43706519030397,45.05919771063196,83.60926864782486
2022-07-07,81.16311611505775,50.86908114965393,90.00921287192996,72.25510882646262,96.85599280572477,51.98641382888982,64.24964213451695,52.06912901023074,80.20783822239362,71.64525838226325,43.93850157303975,82.01214535739977
2022-07-08,80.50446743457135,50.304683237482415,88.67868408552823,70.41726668601387,96.22280030908527,51.88195104905974,63.64945034178488,51.67457213082397,79.38157150915586,70.94372921297676,43.535434288838815,80.90857134795763
2022-07-11,85.44796038939157,51.00795892832552,90.1183836054928,73.36599893650921,98.0197398828441,51.823053017795516,65.3824941590074,53.81476506043035,81.2725588466269,71.94601504118867,44.96076692299371,83.23757214144982
2022-07-12,88.45088481176991,52.47841303422699,92.70523328088711,75.20760608138846,99.64697879544974,53.74418903694269,66.88588978915882,55.35627837412409,83.28250269074341,73.66305530332981,46.08354634928517,85.43966493151825
2022-07-13,87.77369584367275,52.12160455719843,92.21075475044383,74.46672573687535,99.29732288598336,53.301659990471904,66.31025223562706,55.37297356313784,82.91701921831289,72.97850404795486,46.09663415982171,84.83770166937124
2022-07-14,85.98048612933428,51.566031314543395,91.85911153730879,74.13784586634394,98.59796538571312,52.543411772955096,65.79276641848033,54.37007740222036,82.85510219734611,72.72057826355474,45.29475172568736,83.86176155262346
2022-07-15,86.00301013082013,50.768415899080374,90.8175075325761,73.70344202235185,98.04963828946661,51.68073103865887,64.80005522014571,53.72719124714024,81.84556982628476,71.71140918798822,44.780233261417344,83.3561378991455
2022-07-18,84.5417285337025,50.6851706182345,89.77374828634225,73.65625697079642,97.2430927401941,52.61882098653856,64.9563325429339,53.8141312828529,80.997869547367,71.4805029947857,44.38134924265369,82.97072278437658
2022-07-19,82.54267994169695,49.96275180859817,88.99056873687978,72.80112735941992,94.98968387071199,51.31427038782624,63.70813622063481,52.986666702767934,80.6771642069169,70.93519672166246,43.41568813624354,81.67894683333992
2022-07-20,82.80212052744663,50.37670945392687,88.64850600106067,73.21490068692857,94.98040392536772,51.63708098897233,64.11012721899772,52.70495426323887,79.84301199393087,70.07111590064544,43.72179834529405,81.7370174425327
2022-07-21,80.90417417316227,49.68152022929179,87.45868870427158,71.89049928533045,94.09237992800735,50.65161150326794,63.192479957769656,52.357301330484965,80.67670132490483,69.51275478322037,42.59224665952555,80.71480080031944
2022-07-22,80.65886483979543,48.775524005293974,86.6084420912909,70.42421414523533,93.94632422349491,49.65960493207769,62.584258668059725,52.252729496156356,80.66259966556291,68.50096663174776,42.198054507401935,79.76214373568283
2022-07-25,82.15170471718105,49.18317460555176,88.08160884490799,71.59178688142217,94.7473648944879,50.2715729957901,63.518006743720356,53.10705976505516,81.96157873135343,68.5484787488632,41.95416437935623,80.5302779241868
2022-07-26,81.20090913453207,48.60577842003116,87.44160527893308,71.49333995144418,94.89289732350477,50.32644670921358,63.59739044851893,53.25371040731509,81.63032709747937,67.33494054684157,41.04280218574423,80.00771089036802
2022-07-27,80.844174445319,48.686347105850544,86.65578063532541,71.68609983725507,95.70368149017406,49.508199945668416,63.31321879832438,53.60604472994408,80.93742884844917,67.33515187050332,41.0083807783746,79.98182548296937
2022-07-28,80.7164974933153,48.61160324805945,88.0272292534466,72.16637353834318,96.07139569178096,49.56429314859192,64.55166762016931,54.37531720251714,80.79894358608914,67.38411440180512,41.377986327438194,80.52070468496065
2022-07-29,80.7154071191812,48.89819839459992,88.60804319086427,73.37353841099547,96.20115107029117,49.08830768301376,64.67067015299294,54.55264740201506,80.74996118141131,67.65896295046558,41.68214333445749,81.21264757292782
2022-08-01,80.67220137891596,48.67533979870401,87.95079446455358,73.1339651362504,96.41019017470305,49.15919472344475,64.6055354503445,53.59427841371384,81.04776999630285,67.86636170784924,40.823287973587604,80.96900815107398
2022-08-02,81.08689907176412,48.66992740869508,89.43425552398402,72.47800386174227,96.17386088077427,48.606680372204394,64.96060303848377,53.49995380183105,80.57137916321439,66.25711495078936,41.23865380339034,81.03714258242611
2022-08-03,80.53309395546965,48.15864801049716,89.2484267780515,71.99987495085661,95.55577878613161,47.62172302360567,64.42756689635887,51.71068617716183,79.82140442104041,66.26121461725634,41.250293988821554,80.3951270360484
2022-08-04,82.33673104086408,48.62665404784705,90.36445550396199,73.79339274422718,97.36787475273952,49.05684576792705,66.08283564005487,52.51129333740423,81.39606446891719,68.4553955948586,41.720706142062696,81.84294336640751
2022-08-05,82.66066739895639,48.86610605510507,90.75570433005812,74.84348465410577,98.0793067673229,49.4347290913449,65.94548824373608,52.461194802779666,81.09982289036158,68.79934086131854,42.45929993249995,82.41156389554871
2022-08-08,81.83507035352514,48.21694354924758,89.47254991659955,73.4473428766644,97.93863845430066,49.051718665512986,65.17292840814363,51.882227476373,80.30956710974225,67.93154642533466,41.74835929180203,81.52788229979441
2022-08-09,81.02573883766078,48.250258412317905,89.00176833541106,73.09865493270317,97.30142033710393,48.959091846200295,65.63323246590697,51.61968457681457,81.01854185769012,67.87452424376224,41.76267361175092,81.56356916369086
2022-08-10,81.72445067993537,48.451307669552975,88.44865437880792,73.95003364901429,97.79949307086008,49.65845158579351,66.21004369918582,52.04413365236815,82.62517470251096,68.77309173495962,41.80576848937519,82.18253473149973
2022-08-11,83.04012413776599,47.97005266649202,89.5485163155584,74.17678138262909,98.68429109826704,50.005996576246645,66.15960627978909,51.982656558122486,82.025583251511,70.40057707131392,41.662320436025155,82.61225354296147
2022-08-12,85.58900511237422,48.69018858417612,92.04450560831302,75.77768674092859,99.25597454339405,50.34181209749228,67.62022401438263,52.9516435492781,81.64836743213345,71.0420835134219,41.938798947018306,84.16810062681967
2022-08-15,86.70002039184583,49.663138931513295,93.7378191909081,77.58668352570818,100.27405149193855,51.32478518331646,68.783745281934,54.374605396096776,81.94084927665956,70.14973582239354,42.4453797723169,85.3656866099773
2022-08-16,85.9822753310385,49.5119869191885,92.91002441990305,77.40167722281484,100.15083794467891,50.74587330064113,68.00466881157493,53.639477494656504,81.82993902606587,69.991296552941,42.434791982506255,84.93553977652888
2022-08-17,86.74256872977357,49.641782585146444,93.02189925843824,78.45653966980937,98.95553939581114,50.5228477984735,68.55354552677014,52.89129499930433,81.79408905071628,69.89061555661011,42.262857571888986,84.89289962491414
2022-08-18,86.55791018311298,49.221258163097126,92.15953498339533,77.53484383230045,98.94753845231858,49.93473107723222,67.40664268042721,52.72317703654005,80.95512365908951,69.02926540954431,41.904389383207516,83.83004920365279
2022-08-19,85.93317108247494,49.17143467881498,91.72446888000603,78.83002304175987,98.78024049491404,49.705447683311085,67.21719726683145,53.19409548153824,80.44371533872975,69.05052320200788,42.31071952869795,84.07408477553773
2022-08-22,85.85422481348901,48.82030387742529,91.69812333706038,79.6740301028008,98.83580940026732,49.0682182146327,67.43005985132359,53.284217228754606,80.96251242585834,67.93255393951088,42.90452573111377,84.23542080888747
2022-08-23,88.70983342098411,50.179017428449235,94.22129935287566,83.77464462089826,101.44930800192837,51.47436357274566,69.23306665086987,54.73264276222817,81.9426695024001,69.66958264148504,44.49623685771338,86.56414030294872
2022-08-24,89.5882155260481,50.53035011424388,94.89634559522457,83.96043500783806,100.62661129234772,52.8433762420921,69.28268120407016,54.935254491009545,81.6793734724573,69.3206207304485,44.55864669814239,86.68362392068077
2022-08-25,86.91910219410647,49.784982280705684,92.84246598778356,81.95114507169906,99.50935508167979,51.25365249724905,67.83346310127133,53.52274227857535,80.78010174483329,68.23248226215817,43.66971063230394,84.88917101054744
2022-08-26,86.65614470476267,49.61348689400851,91.22575922706267,82.19983747525063,98.87398761561698,51.64944026466234,67.20885493101088,53.532737433343534,81.2401409679835,67.57014072046236,43.31320877168428,84.34781836441545
2022-08-29,86.61378782606346,49.767026095004304,90.95459432813512,82.07012638628952,98.99532455193419,51.99437552326355,67.59576149205378,53.492148689188724,81.40949821315647,67.1417306976589,43.06468502996867,84.47680296482827
2022-08-30,86.80977424328165,49.209174487006145,90.94213952718603,80.6717216361388,97.79887314642765,50.74276312798226,66.83480772856186,52.50662632086007,82.18896526487123,65.43451331887229,42.06567117267512,83.44089613088107
2022-08-31,86.22276833931421,48.912186050843914,89.38676615953997,80.09337611357378,97.94221287204967,49.624285408278375,66.75291900607691,52.23716303158514,81.65846682083846,65.66850994035069,42.27475350860702,82.74468144124492
2022-09-01,85.80236884377473,48.74894458308008,89.16374221396592,80.06380146603533,97.1812293922737,49.21211414151968,66.12399259378275,51.72088986998627,81.83530381221559,65.41457201741287,41.80268255560662,82.47258075668677
2022-09-02,85.96806187890517,48.97513054846818,89.12657538570447,79.61923444854155,97.6025786776813,49.12318421035701,66.45730517463791,52.14921620691513,80.92273638458991,65.78409470111168,42.15084249256197,82.7894373476471
2022-09-05,86.46041687612725,48.60994242040672,89.87698877684083,79.70331280979359,97.78987251377876,48.79885682866069,66.49771810769698,51.59997554767762,80.54856109434229,66.49696919170431,42.59446359576302,82.68432246079465
2022-09-06,86.00372585788287,48.039606970222685,88.95534814259328,78.78074167853661,97.2015054484061,48.190044065332515,66.01663612451033,50.89277418936694,80.16856573063518,66.25240224529068,42.272794825910445,81.97606545280235
2022-09-07,86.16696075893952,48.516932648846094,89.5121011324905,79.56880710049037,97.59566024825641,47.89575091681624,65.78675702834563,51.421717470979544,80.19653446949285,66.82252900536679,42.43583879174703,82.65941022883322
2022-09-08,85.78405090000994,48.179094787454595,88.17688913738728,79.26277290349132,97.14685457600976,48.15493200351756,65.013349828024,50.854125534541915,79.59346156101692,65.27441705114498,42.334841260985876,82.24262421910856
2022-09-09,84.51443151483029,47.250078748673054,87.54564060379255,78.77686008214478,97.35654659927319,47.111881889381316,64.84059172216962,50.96727442801661,79.12502228676946,65.58636823287442,42.661138544935305,81.86136923167496
2022-09-12,82.74397604228551,46.71449736310838,86.76216251561401,78.23971597699617,96.7251003062441,45.62941752074626,64.1348362129035,50.166893359487105,78.06739073940408,65.26801688603851,41.710466348126474,80.75552400271854
2022-09-13,81.26986270721761,45.73723096975298,86.47653640438958,77.90067987821958,96.21358891100932,45.77790465032909,63.64356878439664,49.82366575662764,77.49312626134005,64.23786756116098,41.06156363615139,80.14780084114807
2022-09-14,81.15875902347143,46.511955386250555,86.28026584237575,78.46707735376557,96.1217084362578,46.61954849291001,64.23042714951231,49.45271459862158,77.83986119326168,63.80559170580567,41.179261105109525,80.70611567980689
2022-09-15,79.2737829084814,46.058214528073705,85.76393420127712,77.12977372195911,95.20644889230903,46.64452378572532,63.62213834664692,48.7906362941962,77.3539174497549,63.10999172423486,40.7431783563848,79.42227458520892
2022-09-16,78.69183214573181,46.20587635019097,85.5740389150296,77.75728523229404,95.44405862900001,46.69182675382114,63.48737169786279,48.7972654370188,76.83079986788273,62.977753898078056,40.9896357620872,79.39681672687998
2022-09-19,79.65932432907287,46.29113217607801,85.62578162979273,78.9531896758784,95.90361254176496,46.68137847910137,63.74617999419011,48.46326644165795,77.06669423840333,64.08501719344748,41.11528097687312,80.0026790411945
2022-09-20,79.77687386824188,45.81210269733106,85.38313979555573,79.4518706659674,96.3877210807048,47.20722682016735,64.12704256841549,48.3657015906997,76.54663280194904,63.192661300509414,40.9837508767518,79.7303441539088
2022-09-21,79.89019056921826,45.835041114987554,85.25022270370751,79.6837172346013,95.63773239493568,47.281662267473166,64.59699924121333,48.62963086327897,77.11621423313936,63.2793777774327,41.39763210579205,79.95468035870041
2022-09-22,78.25819836705521,45.38996266013815,83.80570869552521,78.82902318541609,96.16631907321644,46.56154818488043,63.787225648034095,47.777172213084214,77.51091210252635,62.990352337698184,40.50996821968321,79.08642048662765
2022-09-23,79.90840038263748,45.675365741626536,84.70813860822798,81.31239968933582,96.92942083667113,46.75362620925888,64.48631134249126,48.087050260680506,78.20083736389441,63.91608498199549,41.03359114815302,80.16224772011904
2022-09-26,79.82711822458228,46.13821786638691,85.77397566539877,82.42469312310303,97.09842986813476,47.6364507401719,65.97291464420924,48.17125893633615,78.91498651627764,63.87642847704554,41.66323796837331,81.08366222855967
2022-09-27,78.99656465548817,46.41167051868516,85.71718691831272,83.79027049853462,96.42120641409285,46.21380898314839,66.08993918617908,48.31872876791144,78.91787411382492,63.26525415577133,42.01160277445922,81.30829908594349
2022-09-28,77.81339073933665,45.870688793842604,82.87062540495536,82.71904771565573,95.76082453267041,45.56868403374487,64.52852286643706,47.40257938925424,78.42688416146537,62.06945484075542,41.47500069238747,79.90225851161871
2022-09-29,77.24892480806214,45.159070616201404,82.24787569772755,81.55074092308374,95.4075380200788,43.73093583518918,64.34547162674923,46.78814829280446,77.9032525750883,62.5636159143324,40.53910254400599,79.09161142339714
2022-09-30,78.6707543037426,44.93343702875722,82.88590029434827,81.71737585349925,95.94009674735412,44.77501524816244,64.51071530041716,48.02487649544956,77.73815756525936,62.673900031507436,40.94082233039781,79.90159391084133
2022-10-03,80.13873000535112,45.58256242863796,85.35040666477587,83.83074663646495,97.01977933165452,44.738648649921466,65.73241410871744,48.940584709706265,79.11779767055764,63.354650410944345,41.494857738998384,81.31293275846075
2022-10-04,79.73528830841494,45.50513364399549,86.04540227928604,83.77896351828608,97.31799711882616,45.3198415870202,66.26230935935646,49.172372656576826,80.40027910230879,63.94571785927005,41.71142388499415,81.5882931525403
2022-10-05,80.62975795863852,46.103259504127784,87.74872792023459,84.64843778631153,97.93251674024812,47.55290647019888,67.1198264446047,49.27160498243354,81.30930298475022,64.85280463355528,42.41798777509583,82.64638060530608
2022-10-06,80.4044048605214,46.31003660222979,87.3002988696516,83.05746650274854,98.13928623244244,47.02017948190381,66.51133786816435,49.06607177466727,81.0704214928193,65.21784511414177,42.116458745816665,82.17291297965977
2022-10-07,79.82352610264434,46.68347223029466,88.03823994404341,83.71919765819835,98.3544895695186,46.15358949303578,66.61047181264982,49.321239879983786,81.26511785244239,64.74597741135891,42.121387530086594,82.04866607921333
2022-10-10,79.4588890874121,46.753721397729706,87.85867964890508,83.88979901934344,98.32312562289306,47.394780540118184,66.16752380333666,48.999803914135306,82.16199579566982,64.39206152434964,42.886721926919975,82.08217435873867
2022-10-11,79.10164407638226,47.22568590989546,87.65159455258637,84.42279928696907,97.81079954730394,47.34775060529586,66.44775790509341,50.02112560157501,82.15265833057018,65.03952983382439,43.73914441502597,82.46477905987844
2022-10-12,77.083466567079,47.06552706602838,86.3792706665002,83.2835159587394,97.53429353716527,45.74248579892047,65.6768901283276,48.97112656527067,81.87688658931138,64.05837254312051,43.382837128716325,81.22680733173449
2022-10-13,78.39967263315837,47.44712723132704,85.52703481086499,84.44907634181001,97.92797155629334,47.05702362975284,65.97300598173845,49.54720047190882,82.43413608025976,64.55833614119655,43.84347682716957,82.02915403745999
2022-10-14,79.87334280236806,48.0520080404614,86.6345086392634,85.9111231304316,98.2930706612574,45.95738265699843,67.56586147471442,50.14545042762526,81.95111790732619,64.75250153637249,45.205071762926686,83.15515532430715
2022-10-17,78.18860660647856,47.81578436284883,85.66992538372253,85.20971591323446,98.21998215740464,44.375208998487324,66.6767846450525,49.37002451473327,81.2853229223104,63.70458475858497,44.427342572251014,82.22536954198539
2022-10-18,76.3963840515609,47.23969750577832,84.08822941800311,83.80335216018524,97.62249666171125,42.839516653981825,65.7021624345149,47.56177971243963,81.00558404032986,62.555204413513245,43.1498470297158,81.13475571908866
2022-10-19,76.43124932724896,47.228894556125155,85.29829445839508,82.62653573778535,96.88294788234494,42.60893008586677,65.82143526821034,48.0678827756366,81.38468262927542,62.41900194907052,43.24928777974587,81.45362660596614
2022-10-20,76.16639898171466,46.74015294698648,85.16138512496548,82.56345923686446,95.68311178919599,41.077225068273954,65.63741674579376,46.92961817313082,81.07052088582341,61.70511282884779,42.62387584869692,80.94877550258921
2022-10-21,73.47724566547242,45.7828011237673,82.93884158004083,80.66382149330414,94.03238856158708,40.36712437318556,63.77641907234154,46.14989064007035,79.40840635509151,60.28379745147083,40.744954212138744,79.0465689928418
2022-10-24,74.10208823080228,45.918830199087154,83.49776397078053,81.53729567145317,93.96134114932687,41.333408303787664,64.49398701896368,46.18498404922477,79.93187067217318,60.523936623278,40.73428117385736,79.72214691310853
2022-10-25,73.15226932769143,46.19169542901113,84.40429592454048,82.76137683375117,94.01080756243222,41.37882338449251,65.16529691015899,46.08969910867981,80.13163303042161,61.11405503980606,40.6696967438154,79.87880648931535
2022-10-26,72.13046329443286,45.900974988475895,83.53184627129475,81.54319493163956,94.98375469198457,40.902714386308844,65.38431399148517,46.734929962717594,80.23619868370268,61.71778006521009,40.31722075808236,79.52675464670244
2022-10-27,74.1306370223539,47.12821449846466,85.34772784743184,81.8736622286562,97.75335066767256,41.06212085703616,66.35779686779796,47.49585182700336,82.12438607203853,62.66097602200531,41.34533298038178,81.25235333687111
2022-10-28,74.73582413039604,47.51929006729199,86.02506802982577,83.02528901659313,97.84999761490867,41.396851526745046,67.07295536051781,47.49932721005677,82.25431070956112,63.50709110794642,41.62000989727967,81.39835151890387
2022-10-31,73.50459393724714,46.848606719682714,85.71618137375314,82.6652270064637,97.79050862865216,40.61742618890488,66.36690035636701,46.66138561666322,82.5244655610679,63.33495371153807,41.50096210190923,80.81252466719963
2022-11-01,73.21757444156977,47.18561489865435,87.22119867990573,81.84888464646023,98.32292427608765,41.012951276911416,66.62407772552798,46.657077949705034,82.86979785830681,62.24670393400186,41.1555436137305,80.92698266488652
2022-11-02,72.76383992203932,46.64209112859209,86.06455898096831,80.71697573063608,97.62260887350529,41.07601068615372,65.9569996063444,46.274176876070136,83.88099369320294,61.81731849348243,40.953994699549945,80.11074603893384
2022-11-03,71.94610966023656,46.714536381253495,84.08195436533568,80.48341659273727,96.43730789631526,40.72351988657243,65.57222357366278,46.4440501558536,83.8418508164122,60.69367267695595,41.169849413390274,79.52750317674315
2022-11-04,72.019289097582,47.005451497782104,84.932294290793,80.21428885286225,97.23242034374304,39.72114432439892,65.66606422950703,45.72925747188775,85.46816246644877,61.41515462930768,41.258702535322215,79.86875540716207
2022-11-07,71.83883998199606,46.76143480619806,85.26174501806916,80.13635380804033,96.82125572925861,38.93920780733493,65.55814109306128,45.43235855820147,84.71778093437997,60.857514369574325,40.94275705527727,79.45431903253134
2022-11-08,71.58336332420436,46.76232159144748,84.74717260050578,81.09459359540712,96.78558113735015,39.46289272878025,65.6995533206618,45.4206452335171,83.90793628361646,61.37776914561909,40.909821890887095,79.12469754428543
2022-11-09,73.54399139121843,47.266632907047196,87.45879745388481,83.61373238786324,98.2181442926304,40.409836823652356,66.73727790797139,46.57962102237074,84.99046554175459,62.94160116419674,41.840517152572566,80.48708308081099
2022-11-10,74.7058771894263,47.700940659728005,89.58814736952802,84.53505080341708,98.40026997622078,41.62543942283656,67.42470739068622,46.75998346784458,85.37391305948843,63.14900610599869,42.23288075122703,81.21639832940618
2022-11-11,75.12476678789297,48.13226361394846,89.99859727631244,85.63542183125814,99.78438476629047,40.74068450172405,68.42354705243018,47.21593043408119,86.51198884756113,63.08262846126726,42.73760985097469,81.90580771250055
2022-11-14,75.54635478844835,48.300626262413466,90.25501906805758,85.66098234233553,100.19794746287356,40.93789175127031,69.34033799820754,48.17330186307021,87.26346740823058,63.89992836501127,42.64627123734267,82.37486562683365
2022-11-15,75.96225700111577,48.60646666255932,89.92168203964002,86.33694135344612,100.6595385391241,41.07805913752459,69.91643188844961,48.57831214689984,88.01001574182726,63.70984172251119,42.24081233357404,82.80956754700316
2022-11-16,76.55157391522742,48.91421651198616,91.86340242806688,87.69038948215808,101.43066103364633,40.87711641861797,71.22303151722369,50.15458917758616,88.34614216989968,64.45398768498151,42.685039872330584,84.05815540253228
2022-11-17,76.03957771272145,49.063334643910906,92.4012579433216,87.12905170457087,101.81161287778144,40.50275064900414,71.48304889640993,49.69529227980003,88.38223639566093,64.9434309765375,42.533941915731724,84.07495193473365
2022-11-18,78.21289334835608,49.47972833361055,94.86834407919736,88.23678255159926,103.59985953221123,41.96102022046796,72.86610163580094,50.460383173242164,89.82742651773876,65.9035427453968,43.340947250014864,85.68067000599558
2022-11-21,76.51116212720078,49.255313877322116,92.95289363630445,88.65570977811713,102.69418076545227,41.79353929598577,72.31199538927251,49.95266035230461,89.09810483684308,65.73627403861886,42.70988330220952,84.89305883756948
2022-11-22,76.83852280812347,49.28131447486342,92.16752697331147,88.56500919108218,102.85663594118282,41.35511696828879,72.0461067310127,49.434012801253175,89.04620294926538,66.60117508826148,42.26184453499693,84.70852570247742
2022-11-23,75.78746257894018,48.90323478627393,89.70778482499871,86.58417102668123,101.73333587297147,40.85325079795271,70.85361812269575,48.93332300987604,89.11551939203208,65.99296494548564,41.713562259873164,83.56511986918062
2022-11-24,75.4361535659944,48.589997769279634,88.26307365829405,86.07664103024567,100.9033297413294,41.35896830771233,69.61204629424512,48.34190011273072,88.99127784993557,66.16356132383144,41.72782800294615,83.30873531634178
2022-11-25,76.1958028934716,49.686039336983995,87.90647458079648,87.6652779881722,101.10894715221836,41.000351068743804,69.29686092284936,48.75566510815032,89.44992430887667,66.14711758910555,41.8619650169153,83.77711651684248
2022-11-28,77.75414326997787,50.23122531162038,88.3406073044564,90.3187685019324,102.4119609629532,41.88722343410482,70.62984703365719,48.994551032142425,90.92758190878621,65.5493960769103,42.36823430029054,85.03578551960766
2022-11-29,77.83493382161444,49.98680515487069,87.5759307225884,89.32358755915944,102.28376146236002,42.15803922085972,70.49554668995404,48.328677821630286,90.92362314504263,65.25704873040121,42.090944139885536,84.50100500883212
2022-11-30,77.64775260495304,49.75843490754256,87.91031471534417,89.57478171010493,102.87594831121805,41.759262733507605,70.75452150692414,48.43617568067489,90.15948603031416,65.26771035708249,41.89914292041201,84.53905492119638
2022-12-01,77.22587396077401,50.02822540892886,88.01265238171803,89.91572918688253,102.31543168869976,42.33256015213061,70.57740331888944,48.47458994158189,90.12131477866603,65.34682071658628,41.90351792335655,84.26652847297099
2022-12-02,76.457360590169,49.56662707636488,87.28473312108615,89.02743837402463,101.69539833238616,41.902803376463524,69.92626249117123,47.73468114338533,89.84044284070424,64.95291849241252,41.38745776394997,83.67265486655636
2022-12-05,76.42882809681724,49.35338386131407,85.66319857462791,87.12882606498208,100.97165616637254,41.9457998474617,69.30689284873057,46.569131140574456,89.51424290629137,63.97362175303806,40.20081303064092,82.70280573539516
2022-12-06,77.00980024364361,49.09633578714891,85.75467816289945,86.66406627044914,101.35927343775575,42.51498745700811,69.23877396699527,46.80853657812328,90.911617589803,63.699201285028536,40.82528004104467,82.78618938978741
2022-12-07,74.99363693538005,48.45623940366856,84.45217358977813,85.04209628377903,100.18073002398151,41.7817448964942,67.96406173540606,45.564109091712545,90.76965214212845,62.79097295229173,40.20715519140816,81.37379500248046
2022-12-08,74.9401068749738,48.39184672437462,84.40268847539498,84.76702741991764,99.80387741175716,41.67041765448994,68.73432895928072,45.768850759747174,90.98468091027047,62.401061593543005,40.550936368525974,81.49675045113031
2022-12-09,74.614895987367,48.668169497525554,84.49517030773333,84.07172086545789,99.06784580843365,41.30409784151674,68.21546061047977,46.242591805704016,90.69024623788448,61.72667735540518,40.496874321689496,81.54630056154362
2022-12-12,74.07746063098526,48.30704401369704,83.68639070027453,83.38929295867308,99.26148885501014,41.074687748104374,67.52035050153704,46.144172361501845,90.92095812426635,61.50330794179041,40.16670100915525,81.0380490156966
2022-12-13,73.34397948457817,47.637165269059864,82.40038236515257,83.10177804449597,99.1708930424778,40.69450546220406,66.71597279837044,45.1054297679813,90.59613069724675,60.95492738454901,39.76311944969291,80.24451432038792
2022-12-14,73.36076250997918,47.19957520879242,81.13595290973092,82.30014305046522,97.9696463794843,40.807252220206955,64.95291769544686,44.84945261154646,90.72635353574303,60.505959538167595,39.22566299943827,79.15674532014638
2022-12-15,74.04510317015664,47.6178895955029,82.22512318137971,84.04890994282185,99.93368882634287,41.68438859171379,65.87409573507318,46.17255627479575,91.92694214956896,61.213160732080894,39.96136994114208,80.68114931800757
2022-12-16,73.44740713689174,46.79658374758539,81.65555844024493,84.0519462645544,99.05469955052517,41.21414126119623,65.37945698254897,45.289391534241105,91.90141329979427,60.43934389038221,39.11689741201206,79.62188798958756
2022-12-19,75.02091097267663,47.635282334721154,82.17079554278828,85.18083130783411,100.3244860302531,42.95587978935991,66.76871167362593,45.93714500568357,92.30602816015924,60.798980211501274,39.95898602070813,80.90356067935292
2022-12-20,75.20167250703769,47.34626780097439,83.07292891776284,85.83347934606145,101.39062972477785,43.4630968703599,67.20823616118233,46.7534594941008,92.58720120872252,60.91807308561636,40.23534048940983,81.42505836409583
2022-12-21,74.8314108850559,47.41328566625794,81.87635932633549,84.7008072124383,100.93546314310915,43.54995069046076,67.53394979597135,46.69102024015217,92.50820212530064,61.13385963442567,40.728110496478386,81.15862245596166
2022-12-22,73.59518301147106,46.82950707186136,81.77667800798419,84.16669548574092,99.80745498302277,43.91459618421033,66.30761007470596,46.257334163276546,91.51082341832476,61.361463706862295,39.965587878519266,80.24433705637695
2022-12-23,74.53508732507431,46.99154111928803,83.35329839610999,85.21136148319151,99.64562916042942,44.5269700842238,67.91191328697637,47.18977636056378,92.3410959358688,61.76949531338143,40.28870122662571,81.11933512579408
2022-12-26,76.57648947832222,47.75677757737886,84.53284256072654,85.95196150347735,100.96067425804117,45.70815821243164,69.23920683811534,48.30264474087404,93.08244329308604,62.90342658786437,41.0130015342599,82.56569861530362
2022-12-27,74.96543856625104,47.55553446237105,83.357480986074,84.59598193749902,100.60553356025648,45.67374632113984,68.31690977953087,48.85277831344387,92.46213380090637,62.030019807880436,39.964928866677916,81.82118259372649
2022-12-28,75.41599808625502,47.268580938292374,82.37173464516438,85.5500478662317,100.8803324426044,45.43787721750665,68.60333103438961,49.22293881095415,91.97674488209235,61.14802413187278,39.560492527975285,81.60728211931762
2022-12-29,76.16548765445506,47.645758344762925,83.37315946379069,87.16418700425208,101.91653793040099,45.31797853192401,69.67821351065243,49.87217159593752,92.53465516438094,61.42192011241727,39.36021026306016,82.5046518417264
2022-12-30,77.28390320112642,48.01187011643543,83.99976261500683,87.6854800567719,102.22839722305746,44.58654454637795,70.07748463247482,50.12231647472702,91.82492454409218,61.48071517533783,39.29347093344606,82.81661872410413
2023-01-02,79.32378582888137,49.051960671489816,87.6536669655956,90.39687540109003,104.19510344153878,45.543123200657625,71.63285007747035,51.13980171265117,93.43648047928995,62.381744563613225,40.17534644758709,84.51887598608478
2023-01-03,79.5074438121807,48.79926791004301,86.17887139681638,88.8290145636119,103.30013415156596,45.94230645947037,70.42975030352355,51.309138474747286,93.45678875214625,61.67772996462466,39.97878611218164,84.06672615758197
2023-01-04,80.34807228133494,48.80380835534277,87.58915323580442,88.94704132612127,103.90500130258256,46.88105130553653,69.9978209723019,51.173046310763446,94.14850062551115,62.05010896663258,40.555858471629776,84.55957633632221
2023-01-05,79.81778593700137,48.00764181822942,85.95882982489896,86.88332954039299,103.35775721262941,47.233966875856005,69.07842678164099,50.82969455468571,94.31464082857373,61.94347453751015,40.099074427933616,83.52699030955193
2023-01-06,81.81667537766636,48.701552911652485,88.26743085384963,88.56272824217102,104.74827736689663,49.027956067681814,71.1461023554519,51.80331215020952,95.6489764154624,62.789174458435205,41.32586616619975,85.32461045271145
2023-01-09,80.68075650513727,48.597007410956856,88.16093059139861,87.66886893562642,105.19656261865357,48.15777164160579,70.27176633200266,50.678238887681694,95.15560467428016,62.597445255021576,41.19280774771493,84.73038272580182
2023-01-10,79.0221123248221,47.84815510954503,86.3143412183713,85.88219353731549,103.94339673124666,45.90407896791536,68.6417219766436,49.83775648232734,94.86423241817239,61.69895991659304,39.48765422966113,82.87839766669724
2023-01-11,79.32605329582908,47.88663128099566,86.50851909449558,86.5122412724321,104.60093040497449,45.509058434910884,67.929344971068,49.952851501385105,94.64173701219659,62.12192336819621,39.48960475866416,82.80623073915599
2023-01-12,80.38380812992175,48.23026105548464,86.27222692144464,87.11481023000663,105.01501466246299,45.26833511914215,67.24288680965577,50.00570872083707,94.73557553788349,62.372027066497026,38.93977466633239,82.72272039301613
2023-01-13,81.07890659149976,48.939428656955805,88.21812624604635,90.91148147602667,106.27310685491373,45.85434449088502,68.6945890065132,50.971068926212816,94.52073721890606,63.888477010735414,39.94270048385219,84.35268651448631
2023-01-16,80.67925193070266,48.69078682429063,88.01332227562973,90.32980755281437,107.11250914423118,46.255571082155576,68.78176956504876,50.79346308632714,94.08904300035424,63.74218249247606,40.22317466398431,84.09809697831207
2023-01-17,81.29250423703044,48.57819538937297,88.8579687259581,90.41470897028964,107.74106448031321,45.74383067233614,69.13637241921037,50.563812742009084,94.13633670656118,63.09128376181017,40.6746755268843,84.12075203299176
2023-01-18,81.17416771518924,49.38275386972787,88.49148776888195,91.49255916722879,108.20649219363871,46.44308610900795,70.1545170824207,51.4347109632874,94.90038203601064,62.8718490128704,41.050710527022964,84.65728487361619
2023-01-19,82.56874593044193,49.45383265270185,89.81694021142921,92.71832903311721,109.30248001444116,47.84043599761981,71.09056986725997,52.898966340286044,96.11483434340842,63.50557127567937,41.753918540716015,86.0443886509508
2023-01-20,83.75395904782911,49.5178358422826,88.91759385122506,92.56385861801643,108.72171253171743,46.65341172188825,71.01612919651795,52.86832174680871,96.73192136761887,62.98390277060941,41.26395690491466,86.02369762447914
2023-01-23,85.61900568835507,50.095821416738296,89.35934993102852,94.07591546275272,109.41595816576488,46.969569906334165,72.22841930206482,53.507837341453104,97.01283299741682,63.166391063196144,41.977624509365,86.95910019599928
2023-01-24,85.64260324209809,50.34248154795118,89.3785667629311,94.1322462033081,109.69353509374682,48.084473393407634,72.23406892043866,53.95858636395698,97.01211507975475,63.35029618843912,42.294246470979225,87.44769096322868
2023-01-25,86.22982238820008,50.92041381858255,89.87211956704107,94.25575307709774,109.63413362031436,48.47742080842725,71.90825076810373,54.18011956214306,97.04448435177682,63.17701223548675,42.074559255748866,87.22129360228575
2023-01-26,87.04976109818564,51.315590903090715,91.4890255151624,95.32127528476903,109.49256479172098,48.60782844517829,72.01726178401397,54.348076957657184,96.66063723137395,63.01454458010387,41.663150100412,87.32408395768265
2023-01-27,87.58237716522878,51.570395503663406,92.5215848782786,94.670582588697,109.86673694736113,47.881732685975145,72.07963149997192,54.204736611203785,96.49270426899795,63.20645012444264,41.21548167945137,87.38397351543472
2023-01-30,86.91838458524165,50.8972833755453,90.72533336597157,92.15712826766047,109.19897426394225,46.88818909826089,71.78789108924563,53.58627024047923,96.09609874237493,63.68082343827167,40.657425873150764,86.61186313490296
2023-01-31,88.3189887365277,51.584530821129924,92.09234415885891,93.62211300245335,109.23118559927146,47.63602426840107,72.99037705924566,54.45023014068454,95.59066709033615,63.84980193574802,41.460328808334424,87.7057343794517
2023-02-01,86.40183655814924,50.86577416432667,89.83869909386726,91.49970215508189,107.99691969069292,47.672995557639666,71.7174059783477,53.58309616547612,93.95474373137108,62.817775550296794,40.849864523834775,86.51566280952085
2023-02-02,87.29901253259007,51.39734867385168,91.40669142744078,92.97022060875105,108.37127331584766,48.67658549214375,71.66206979601127,54.14949873421465,94.85875853573789,62.873440349583944,41.06815236875788,87.5712489407452
2023-02-03,88.74371498730687,51.887095584360154,93.35923163322595,93.7963051961916,108.38716629894671,49.18273859962055,72.81908494746605,55.25960434611527,94.98100749290165,63.95258799624302,41.753885707005736,88.4484035561502
2023-02-06,88.77022858368404,51.7056515299589,93.72382419533409,94.02081902263396,108.21919191321709,49.28936271931551,73.24085263292831,55.409869727521034,95.43062452808113,64.34903859401253,42.087065765260576,88.40055093807662
2023-02-07,89.15817434234168,51.56964004027029,93.56565527523175,94.09675623677158,108.2140265722765,49.367214350589514,72.89838874196118,55.35650090236479,94.78080366060695,63.25572046098381,41.83598232533125,87.75362435089596
2023-02-08,88.75356704185944,51.977959199157674,93.25183788313126,94.53839028968666,107.47834494801738,48.03589320552719,72.92335511212902,54.876472674278354,94.08889403526317,63.37631486224233,41.660488702729104,87.58818025305105
2023-02-09,87.7967297553281,52.517654677634255,92.37424507548414,94.91420395674608,106.75849415849963,47.65438620682338,73.55331492442394,55.54450579251301,94.74589682611709,62.93896728790769,41.96749675960083,88.04030571405842
2023-02-10,88.38490461492026,52.92916387009592,91.78517577602267,95.01045758998184,107.22760233768471,48.10555487342626,74.75878962608505,56.04567738078463,95.02525158313219,63.53768241148175,42.25713869567383,88.73460481517378
2023-02-13,88.8851865344605,52.4620904344448,92.0582019298766,93.66663617461673,109.08752256677943,49.080814723112454,74.80740659809265,56.14883784952271,95.43940593771858,63.70931670966108,42.58535149809593,89.02642601952805
2023-02-14,90.17979183523114,53.25669539014747,93.56614648189462,93.32475827773335,109.50848481540282,50.406162058372004,75.64674266282464,56.50883261643772,95.60114796642567,64.28818827072928,42.65731799248418,89.95199991665234
2023-02-15,89.67664025577785,53.35367278445504,93.92421025577909,92.27210215178012,109.29720436018032,49.52435658680621,74.75970684514381,55.91934916782382,94.86301032560526,63.088926649187925,42.8431972371682,89.48230772476866
2023-02-16,89.44555119788768,53.410672359706346,93.96437392730115,92.69495456897357,109.27554062650123,49.68382472392925,74.89941973568708,55.898373513408174,94.82945415722604,63.31815137489922,42.97335290064153,89.72938030073847
2023-02-17,88.78467209510633,52.55293062167531,92.34968017019615,90.64346529054104,108.6658446352809,48.23374397126188,73.26188698218343,55.00997376618309,93.57319528312783,62.57000790985664,43.08279977301493,88.34659540736337
2023-02-20,89.1982712098743,53.11333938791996,93.38886037027527,91.14002087214809,110.04011419170637,48.42035735727635,73.55484820045123,55.474424419883746,93.89676430392613,63.640466673066285,42.696420015809394,89.06162492578488
2023-02-21,89.83409865707627,52.939697323307946,94.36474475507435,90.30769262692066,110.10075272336483,48.60869330021658,72.81911740144619,56.449222252589735,93.41507991359099,63.79732369035693,42.46829393177057,89.23446654513356
2023-02-22,89.26006823982942,53.01314022118429,93.8980619930311,88.85054361340153,110.49888771113316,48.12252597103044,72.4841987410624,56.430278285610754,93.43771317084166,63.55676246889349,41.76315131111241,88.89611009687106
2023-02-23,89.75780517657616,53.21332132790677,94.40254658812884,88.98961283997734,110.77274388177945,48.428212001646976,73.91607219571603,57.296847675822505,94.53108240724777,63.846964887252376,42.29478125225421,89.97211506271869
2023-02-24,91.39572919007237,53.25044569916463,95.99205531837704,90.20845876407175,111.43082268781153,48.053634865036656,73.14878048052353,57.73264448965507,95.20502234772054,64.50837324960894,42.74856198760351,90.63491748632906
2023-02-27,86.8596858751657,51.98329117047014,93.20482460839152,86.01299551476454,108.69849213038599,45.3635194702265,71.4850125315224,55.61674213076475,92.99238757624585,63.3810740749431,41.2737183006129,88.09806786688048
2023-02-28,86.42388542287098,51.56476029609589,93.56336624596722,86.57309651132951,108.868669984617,45.26577433680043,71.54139362738944,55.33404324655119,93.76527449550002,63.792036751875536,41.35815835654233,88.16844155094432
2023-03-01,85.26298111689906,50.935160192316445,91.09991101251002,84.60811423741825,107.53202839929736,44.590493779185906,70.12594205624674,54.626307138512644,92.0116394731112,63.46614222487891,40.79509558699262,86.91041560733576
2023-03-02,86.14314593686991,51.57382633898591,92.2586953239437,86.07236541173882,108.45226716423309,45.547915804325626,71.12752514826848,54.6753092936501,92.70836793686725,63.97824821676679,40.996301572432934,87.87927087938321
2023-03-03,89.1144492966921,52.28451128694205,93.726819150171,88.78692332436306,109.6447527993255,46.40438327131934,73.01981170310927,56.8931343644694,94.0777749039565,64.64475555122404,42.068379465257884,90.11881622889456
2023-03-06,88.556235952961,52.35236024903679,91.74145235431392,88.83283910636423,109.4398176731325,45.64964303956335,72.60500583773431,57.28041983561558,94.28968980635484,64.41229605233619,41.44128385332514,89.68358730321964
2023-03-07,88.39359984757039,52.22516141986275,91.68974692427832,89.77668846493106,109.59546485533924,46.489437285352956,73.34423191398338,56.719898882803435,93.96051060101284,65.21033651212109,41.32592914979096,89.78659003314013
2023-03-08,89.5005734896492,52.296121544214145,91.15096275642235,89.06082300853278,109.13856169323549,46.61660080451226,73.25668885046731,57.120967647900756,93.56339327640708,65.72821579106042,41.02204041167325,89.59504334418949
2023-03-09,89.76795345950342,52.533190897732574,91.96118782416991,88.84436754284374,108.98559913555901,47.38594759272596,73.74671059457364,57.85966149916243,94.45679296558025,65.5888286926396,40.93964826855506,89.94739280463607
2023-03-10,90.38056324436099,52.695321205712986,93.71577607175416,89.28369675003347,108.83163495791501,47.38313309298163,74.19102893747944,58.80821142743663,95.49913333802841,67.03916951982261,40.85748523912851,90.56742436444164
2023-03-13,91.09109865717929,53.12729972501501,95.12771281962175,90.16400919801558,109.57091744525394,47.652511708414416,75.20862381938689,59.98917406873222,95.60084056762376,68.52962557526573,41.52718810694394,91.77835799635145
2023-03-14,89.61748794935025,52.15556675285209,95.39910569300103,89.64396810937376,109.12477150978017,46.32458936209684,74.00027292783797,60.12158357599683,94.93969328829456,68.42569860692693,41.08249362276102,90.90137483553765
2023-03-15,91.6944308172459,52.65710035231484,96.74085129929793,91.26283638775689,110.21483339982305,47.84083576120347,75.2722815131663,60.84087794232682,95.32855757764625,68.83482427508125,42.37204373311913,92.37737821503995
2023-03-16,91.10491484704323,52.011140448012746,96.30935395208283,90.34257476938366,109.66999533027406,46.55027874750076,74.17028481062083,60.041547626936556,93.31030777612554,68.67941349811943,41.21953094712668,91.54672528562831
2023-03-17,91.44067883139346,52.654599896684495,95.71070468205012,90.97460582971902,110.61324341383327,45.591797922155465,74.96186970757596,60.54388817920597,94.1480243971065,69.37957134050903,41.30387302443002,91.83872427473354
2023-03-20,92.26705955835325,53.509053521768166,97.1295673145952,91.93190420063807,111.3133206538986,45.758691386164806,75.855701340615,61.38649241250592,94.39344393617105,71.30258960420774,41.838018328479784,92.94760159051442
2023-03-21,93.51185902316004,53.417414443055655,97.73417426612914,93.5079337443801,112.04034528915456,46.95501894452006,76.84059184062954,61.24603046241271,94.83199714732851,71.51911525373438,42.34225106592374,93.6526270879375
2023-03-22,91.43398067640459,53.256074500192426,96.55278154150774,91.25690311018893,111.86295636257529,46.44015800385562,76.6956396435381,61.031689133388525,94.51774753965054,70.81501976752814,42.009036371156924,92.80384201398022
2023-03-23,90.51671230396106,53.02098872565277,96.2485402539115,90.72977822004388,111.68182774948676,46.196485614760476,76.62229801434712,61.074260837208726,93.4137736686146,71.08525008547126,42.49972983140426,92.18410726821865
2023-03-24,89.91630015763705,52.70697973623436,94.36378464476277,90.63800501325503,111.60381275647362,46.012924533194955,75.94379963813226,60.70373910897068,93.73456226154505,71.47892565671754,42.03007663035757,91.79112346012988
2023-03-27,89.37861448217699,52.84308793045358,94.43164038522116,90.11467203629,111.65334455725807,45.95561391165698,76.7260402294828,60.8864745935361,93.34415845958299,71.97953481697016,41.44391744540586,91.78020835001179
2023-03-28,90.70461339289733,53.624839341719586,95.13068095111619,90.89554772854378,113.62371944712216,46.486794672971115,76.83790003717513,62.144983714660626,93.11193832180848,72.42783619947446,42.139066808565545,92.87762682814062
2023-03-29,88.97065206912477,52.866570552737215,93.83208349414693,90.20343481192499,112.66161428798726,44.8584418171791,76.45496260202968,60.30230519049597,92.6696183389951,71.2902455641009,41.27265944339585,91.70519446035011
2023-03-30,89.00000901856102,53.00767797957076,94.66467850749419,90.52580248585745,112.82825412484591,46.14395978628885,75.69159167259016,60.40046591070622,93.03450327297973,71.75195023910544,41.52812041621333,92.17295830191995
2023-03-31,90.7850991535241,53.352281786118006,95.10043814467886,89.90885731022942,113.6595022976793,46.38717302319148,75.81578620281464,60.4503653119709,93.06060709429492,72.42633590838962,41.694959473847135,92.77620908044688
2023-04-03,91.8842640601592,53.312954438590275,95.48028983033015,89.6280609060743,115.05900146334265,47.47841483772563,76.28687329888015,60.79877415926752,93.34460934832349,73.32636279439313,42.65144939513564,93.33507875072698
2023-04-04,93.19112085609373,53.60003172752755,95.18164724273427,90.83942800786998,116.27826488053432,46.72022895892483,76.38116088287974,60.582387164188866,94.60620782318523,73.23071870625033,42.51658318279499,93.81078445110045
2023-04-05,94.91163519263951,54.287767692585845,97.30163148684957,91.88524908055805,117.49863313630627,47.92794337735285,76.70304431311992,61.05821932344868,95.84550037521285,73.2985239795109,43.75899583741531,95.28361692144162
2023-04-06,96.13145528519162,54.31308737754571,97.38410321597651,93.35831474169905,118.41418441261919,47.42843355124976,76.44307598207338,61.53121971067262,96.13974668417256,74.2744540342272,44.146344405442335,95.78990369055037
2023-04-07,97.65634556287999,54.4585089662046,98.72723318698988,95.29564244012494,119.42365459678979,47.07248884088392,77.32512455366515,63.011801526299585,96.40734654788447,74.79693545251244,44.61713176494421,96.65528526650805
2023-04-10,99.16630299397504,54.83628043976437,98.32073347408159,95.82366833645254,119.95573926906383,47.56660354980929,77.02351227070545,62.85731673319124,97.85280147886937,75.1075708649355,44.928298846456286,97.24264399634198
2023-04-11,102.90722679271657,55.978981630263355,101.44836862348052,98.25607868297818,121.80708105720662,49.27598362394329,78.89351279017312,64.91734504243198,98.58772575996815,76.86483623800065,45.40432843048353,99.03868684518483
2023-04-12,100.53398355795929,55.1944213142758,98.45240792552087,95.53203489039971,120.719644618959,49.07553590922601,77.83038652045494,64.0678860706657,96.36945817521234,74.77177717396016,44.50848202560991,97.18157216607656
2023-04-13,102.26217458358119,55.53915665711381,100.83989505138771,96.7107131980827,121.86619146963196,50.73963546695531,79.62342177198545,65.51182559708771,97.82460127867833,75.61315131026551,45.16484568755143,98.47595929849724
2023-04-14,101.97125892609105,55.67767006452922,100.22589725239881,95.95880062989754,122.76776683679714,50.38879595559887,79.55356216475191,66.0233792788257,97.40685144800541,75.26671519715671,44.9096173040686,98.25595243345155
2023-04-17,99.21022028284348,55.617046260650426,100.36545434783983,96.1194924218075,122.35535677116745,50.76444275127402,79.31956125348593,65.65281904702228,95.95354814362494,75.3921008670478,44.32016865743448,98.0169414286138
2023-04-18,97.18915456844583,55.36686021276949,99.16736076261581,94.1598766602439,122.48869055420684,49.74940810936083,78.30656659695366,65.55470060731314,94.62162523508376,74.7733030848987,43.67097272660338,97.09807360263912
2023-04-19,95.15005338651275,54.87793686603569,97.58292734929022,92.07364041923599,122.33745398608671,48.25317908509191,78.05556853992036,63.491286032789496,92.860661712406,74.00698448016325,42.72378710822526,95.3077934450537
2023-04-20,95.19921350261696,54.423361110801594,97.19483402976729,91.7454248403455,123.38705940668507,48.19277244619858,78.34432347850091,62.88285232954427,91.40745200681411,73.04178054918599,42.4914450378731,94.97876112365032
2023-04-21,94.11387734804524,54.07520590383438,97.41808538990006,91.41558155360228,123.0499628633934,47.713495322776545,78.09116201604898,62.60627710031302,90.6504855810861,72.39417408281462,41.686720966093716,94.35850801993593
2023-04-24,95.44625652583069,54.13068948121084,98.52400801649972,90.52417603735718,123.38221893163723,48.55860661561125,78.71779768165472,63.36084788918831,90.584418517875,72.23036745360373,41.95781939963217,94.86593325174549
2023-04-25,94.72052816155016,53.18603619006519,97.40419398502192,87.80495576071672,121.24299343395202,46.464064384631065,78.00202472463268,61.70965998665682,90.80305256915383,71.96739124453309,41.698447565503635,93.49586184335065
2023-04-26,96.0748068981004,54.483757819725085,100.32209690547916,88.72218974520598,122.39208559055473,47.998554814340274,78.3495649865038,61.84197982384103,91.50008520603701,73.60729867785267,42.27835661405673,94.88204364136449
2023-04-27,97.38062873448354,54.92963829655412,100.13718465329924,88.89369349860652,124.16886384014457,47.770736877792324,79.03994069320588,62.266027326810004,91.32837645525856,73.86173240662244,42.90227269962338,95.17975132075851
2023-04-28,98.33886910470294,54.258474581977445,100.90164781329021,88.77216402354165,123.03130853214148,48.603181239165146,78.57772283877783,62.27795503563349,91.13195019241972,74.14834598804939,42.89042366837954,94.97970262658959
2023-05-01,97.90349725344105,54.082414493763984,100.16969908561049,88.2108472240782,121.54557520871518,48.955230848378875,76.86849099196431,62.16186261585123,90.91050649685218,73.60604111023167,42.4138117063968,94.3382581675277
2023-05-02,96.40120732741912,53.55782829876857,98.14837771531408,88.78326795913094,121.48077488389004,47.71033385187727,76.75902608665797,61.62840216563441,91.10628527540963,72.77317924369666,41.71131607877814,93.62718581704193
2023-05-03,96.17578086143091,53.418878790392846,97.26734126117435,88.09663005889051,121.00846962708249,47.025870822862196,75.46894393501974,60.288909563675375,91.31276501606658,72.89369509885815,40.79838076426242,92.59790634221966
2023-05-04,95.51635536347794,53.213316552388015,96.5400499263531,87.96868170283125,119.50760210146743,47.157699232857404,75.25278316331865,60.486137906908525,89.93831551945473,72.53285635779095,40.32484930408239,92.12660013045047
2023-05-05,95.32960964167142,53.17860171965414,97.85019052522314,87.69056770883242,119.52395061029581,46.64559974138611,74.94737690539343,60.890599607333094,89.13153601375204,73.35387749856808,40.26732763184119,92.16877641089667
2023-05-08,95.26721701489683,53.15969984922908,97.31669468161937,88.06447777844639,119.63737728063681,46.06863878775033,74.64821394244112,60.89384369271642,89.05825143952812,74.67469279787001,39.8391947637613,92.04058529852765
2023-05-09,93.40727980137436,52.65295563889638,95.79871351343414,87.1158578555243,117.65838621297814,45.087548907650195,74.25782785511969,60.99002707696608,89.46119543644222,73.11523055710552,39.1559056795334,90.76491453945648
2023-05-10,93.86976486550019,52.55949944867616,95.7174161191805,87.32353551807262,118.07080612052152,45.4079049197875,74.22613182271796,60.96514372235945,89.07593293388261,73.32585494142083,39.608735663722925,90.55774621509852
2023-05-11,93.46026161767426,52.1064452014334,93.35196688078682,86.38221106892628,116.63430870153391,45.48817472194891,73.7064125228866,61.106186805233165,89.26910148314956,72.61521657236108,38.60406889270303,89.77844136942849
2023-05-12,94.47969089780695,52.15246076418191,93.93150573953272,86.98322939510129,117.4695659942519,45.31225018658979,73.15296482446243,61.196132199201315,89.05895351952543,72.9844771875011,38.754642963598954,89.95874218793814
2023-05-15,96.95974496250315,53.15965603079989,95.27661007103433,89.89597744206573,119.07071914652887,46.854281259077894,75.10921072291057,61.15487293978122,89.69013559458412,72.85051309450965,39.56886469775232,91.68511789736304
2023-05-16,97.18790535029177,53.10837279715022,97.04626057869399,90.04620843502568,119.18468496682486,48.16375217247632,75.36355424726948,61.08471705761496,89.88019700421081,73.63008043696269,39.95368353487786,92.299083806747
2023-05-17,96.78745065241066,52.98272050371057,97.98778965009744,88.2951394756935,118.01695423405167,48.5953558016231,75.35638344347723,59.64244351066238,90.53592103599124,72.9717989957016,39.930439684992365,92.04441891799323
2023-05-18,95.61119420178863,52.225137542264086,96.17660604026615,87.21209978569397,116.60246014801037,47.150904730331426,73.55770029470605,58.50547031168095,89.47327151232614,72.16765423343155,39.24238958490632,90.57350698419957
2023-05-19,93.83256748817466,51.45989501606284,93.45738131573572,86.29803534692358,115.51078397913497,45.7987576884546,72.60556644912968,58.15347749257068,88.8397530327806,71.58394864823332,38.54637339160537,89.31795390297779
2023-05-22,93.9543557001504,50.95634587914785,91.80067833976273,84.49587617778201,114.20303761741731,45.047196231004264,71.52888085766277,56.354663969494666,88.22101677312358,71.06390672752725,37.79057186233732,87.83494112725573
2023-05-23,94.64498769565124,50.902983716331306,92.73667597157798,84.9592306920853,114.44722381284981,45.95606765090113,71.48897740113489,57.15938061665107,89.11293100769547,71.55538414190895,37.805504938704345,88.51249105636224
2023-05-24,93.4793336544432,50.47664190280858,92.47083055956224,85.99930283382622,113.7956175855948,45.80558101632195,71.0568415099515,56.59605402118011,88.79651308358895,71.30678267183653,37.284096366965926,87.86507982049419
2023-05-25,94.3488616882588,50.26716847500159,92.36395466820429,85.7957593828061,114.38750440517482,45.59976650280261,70.7462176853308,57.06751707204927,89.35459121360412,71.22201905334533,37.339513413858455,87.95538550246734
2023-05-26,94.21551883541281,50.177208475313606,90.88403586626977,84.42561176690408,113.4388514794812,44.67564869861128,70.83935688363026,56.87901061891159,90.02934074188819,70.0272903362722,37.12033637454627,87.43886853234474
2023-05-29,94.3548280948261,50.094809029619036,90.91772810294664,84.2454519960102,113.43003772254067,45.51064312481568,71.10640382509017,56.54808620957578,90.5556403747868,69.78146880182776,37.211891254491064,87.55393809562241
2023-05-30,95.79528203852483,50.72735958783028,91.78006189519769,85.96460762293465,114.77832432370236,46.192023039026886,72.26831049178925,57.71775262608379,91.07651036791094,70.38487960895598,37.547786824102744,88.82560677205961
2023-05-31,95.3767832115825,50.561406503477336,92.35036086180666,84.92094059366508,114.29427240322865,47.0017037631205,73.11990408726476,57.30682325141967,90.68331816549536,69.82720208978384,36.9097925277076,88.24763802909831
2023-06-01,95.61072290921977,49.95522509415073,91.51742029975405,84.37013174231097,114.58222707217185,46.06857047199402,73.25757841568883,57.524608755963214,90.70293973517548,69.74912449880358,37.41939851984975,87.97939332464586
2023-06-02,95.28124170317453,49.75963696500843,90.23741416723166,83.8076673727742,114.92092979925059,45.4131529620791,72.46478838847092,57.90289201620489,90.17790591350025,69.4357047755141,37.258004119421045,87.29928117831949
2023-06-05,96.10655591133941,49.929963448253396,91.15693186974174,84.41935899868832,115.41728235212037,45.496262817940405,73.59604796829392,58.422117872070444,90.01105649644703,70.58281645590793,37.87957023109706,88.10345700246087
2023-06-06,95.31069372556286,49.4330052106919,89.2345865759964,83.52859590205952,114.81120747515673,46.09267232065291,72.92488206320671,58.53021288886852,89.00141080578527,71.11261953006426,37.54939209519396,87.22758246451923
2023-06-07,94.6750484505664,48.936906296412445,87.79155883135618,82.4370401957915,112.29744082943746,46.251893992526185,72.65678167486462,57.79733138675681,88.16173595988779,69.87897946040934,37.33344077450063,86.26611012720697
2023-06-08,93.71234970628926,48.6042819166573,86.32394796103449,80.48456578722043,111.12153890255831,45.165471145365345,71.12329719975008,57.22098309082229,86.4239271159271,69.17321780117352,37.10107961090273,85.0937965956245
2023-06-09,90.235929633362,48.24510331054803,84.62354800317658,79.24427562062414,110.51444405325168,43.201202833489454,70.91486924674012,56.454462513607126,87.36497395574338,68.61933186377978,36.97363697420645,83.91956574575663
2023-06-12,90.22728749581876,48.957084954124255,84.95574890231048,79.01568082395684,110.27065469335304,44.13899732213136,71.09664913725103,56.505728971548606,88.09637660451365,68.80288967063049,37.14901163350141,84.35116358663804
2023-06-13,92.48453379740394,50.10196397565851,88.33832284379372,81.9512045059683,112.90921259619708,45.595677685635124,72.99035245321323,58.21569159590014,89.06921782311954,70.72991838648078,38.33073204326342,86.56885450702
2023-06-14,91.32678993114935,49.55097403747489,87.65278452577614,80.4622195438309,111.13953478508161,44.34403381344302,71.88909252519555,57.4217748237375,88.19178911685152,68.90482563168977,38.20485569739148,85.73470949986331
2023-06-15,92.50356432241995,49.82494501209872,87.74722551102553,81.23539582024449,112.6321906569455,43.942447480322436,72.54921330236087,58.320345738593616,89.37079122691574,69.8735909146554,38.115579886809826,86.59098540946863
2023-06-16,93.42032818845665,50.140434231517695,87.74697562940209,80.3929773374133,112.5648159156604,44.32450935308607,73.65072296204681,58.06086775877869,88.73403049979704,69.94982390806229,38.229715912451596,86.84450186232921
2023-06-19,92.68434332209381,50.15665991431148,87.1701517278384,79.12585962965308,111.21219836397785,43.6145464987796,72.87196060458162,56.972754820431206,87.6511542038898,68.28340479759726,37.9104331961242,85.91435225934548
2023-06-20,92.36256000608012,50.15519133344939,86.48726416203547,78.15871280130492,110.77801343942413,43.561712811844416,72.20047480855206,57.220558937956746,88.12180990550465,68.02054624349404,37.529276319723515,85.70884135486295
2023-06-21,92.1848289590372,49.90185828107604,86.34451870102643,78.85168663085375,110.50007923312779,43.682714534561846,71.98242109684398,57.35247925898671,87.99695934154174,68.96684520541766,37.26352895822064,85.54164448702558
2023-06-22,92.62720284710167,49.70391606206165,85.66985789790624,78.1771159840516,109.47279819678275,43.10167992139098,71.57878313746298,57.20703576531082,88.12338439906581,68.54074128933475,37.34773461351038,84.98008110056034
2023-06-23,94.3636402236787,50.61752884156506,87.97343607248268,80.2607535474545,110.13237582792476,43.9528467400146,73.57372619826667,58.72448143989585,89.15920218968799,70.83788684742728,38.25475376794095,86.6674042610951
2023-06-26,92.53594090582725,49.81768908469948,85.94427261834652,77.46258028831599,108.5050480737138,43.34606035345893,71.90944045495706,57.996918232990645,88.24981424808115,70.97225998759309,37.47680104498161,85.03675149345213
2023-06-27,94.0053679795327,49.77936810322732,86.26555007778741,77.11165796141952,109.33468609027418,43.48709202626445,72.3366127151419,58.49923427407915,88.11066717533075,71.41681420707091,37.47607444021709,85.39707872448173
2023-06-28,94.64975403492201,49.19415643493183,86.05872773311211,77.33671393184682,109.83555179962205,43.5024665678106,73.96212453998744,59.171518648866176,88.57310945190055,71.49396136220503,37.67294153682922,85.71631675195832
2023-06-29,92.73182503026615,48.81110230596496,85.75616681879235,76.05675455494685,110.20324772237196,43.588000860054734,73.4636951446794,58.49168983122747,88.45556626587225,71.58163054991893,38.487713340295656,85.2495779702969
2023-06-30,93.19047274357047,49.192399301269305,85.32375983027194,76.8663050118907,110.01019553265168,42.4870733777203,73.67648615083617,58.86627224610807,88.69139156816472,72.55160095143947,38.60285768820164,85.41186525969131
2023-07-03,93.94561383256662,49.640338133430994,87.37324210160673,77.44216390742302,110.48372431761442,43.67253098229729,73.88401927895575,59.15803358720101,88.9173381556902,74.18747065195804,38.659760081610614,86.20126324650339
2023-07-04,94.09608662034603,49.07706959598105,87.55064461154043,77.69244119605895,110.44649637007602,44.02883220753721,74.48546795480759,58.751584733718346,89.6997586490236,74.54251057713958,38.21388446078234,86.3681705168444
2023-07-05,95.2944096437083,49.270525350252186,87.85872870951941,78.27095251685488,110.86731908529875,43.7954547215441,74.65386939891178,58.97199335196957,89.98110648625176,74.34672156304165,38.731810766585404,86.76572918929368
2023-07-06,96.42842512126542,49.044205922692726,89.13746077850402,78.83770137225875,111.66803301820491,44.064420610584264,76.12379182273841,59.76489050431858,90.70301366445148,75.74742405644376,39.188920823147974,87.40612284865794
2023-07-07,94.04009211564865,48.781007568303856,87.0164184857445,77.46441849734065,111.2124928888871,43.73525313678669,75.0212358511757,58.47815030340767,89.04760545445775,73.38654470545819,38.060246449297594,85.65062560108274
2023-07-10,96.29064764644347,49.469952408538546,88.60332691100561,78.42663707626582,112.72371142938509,44.85913546882648,76.66723589944795,60.278281134580915,88.88239993166015,74.24016736438186,39.104401171909494,86.96086401682814
2023-07-11,99.18311195488373,50.10202305164283,90.94398126632797,80.73830161502666,114.53896045801322,45.00568938132258,78.40407028851585,62.16282748471912,90.45042991679884,75.78540081584967,40.4718564143427,88.99226727676724
2023-07-12,100.44392228161301,50.7750773626808,91.5046917058939,82.40648813258002,116.09967972579167,44.91996721094666,79.1325941092977,63.09337226970819,90.60424707767379,76.78559896646232,40.654923566279926,89.90731338733411
2023-07-13,101.89535348765972,50.9994547620545,91.96443907585191,83.53270389446419,116.45112423322554,45.593184153291766,79.87536997861065,63.91118016169058,90.66722939454816,77.14410212960158,40.86471431696021,90.86155405891566
2023-07-14,100.47351949032273,50.569830280628636,90.00339156882326,82.27404840882716,114.64299570736019,45.94684404430417,78.71287210486659,62.316424385264426,90.2028246563653,76.36647076471705,40.408294504194444,89.60793992518654
2023-07-17,100.16101724336033,50.54201899435099,90.70644542283735,81.98272210122666,114.97989591051692,46.374346103062244,78.47995318521173,62.313400980381786,90.93667200309108,76.90168158222727,40.36350572367056,89.53653849420404
2023-07-18,98.96123729439482,49.85662788406021,89.44950659413865,81.27267764216771,114.50432176541365,45.8033105687306,77.55178895977906,61.81799442315121,90.40375647147113,76.45363178949593,40.19639817898908,88.83924522054579
2023-07-19,98.36581872483762,49.8176750963737,88.59679017061741,81.15566067624339,114.17212120573312,45.85327466559498,77.13583969783227,62.289235975228095,89.97631003332893,75.61771204327327,40.31887069943408,88.34871609008911
2023-07-20,98.87846463819085,49.85469263072037,89.3185021512252,81.94221274834163,115.47211679483875,46.410618485525966,77.99156830927036,62.637787845101776,90.74452663017449,76.77775794398738,40.551356150623555,89.24489377379446
2023-07-21,97.15539823572183,49.92129041901377,89.00610015551379,80.17434226877573,114.70747660029299,45.777417672588186,77.15424637483372,62.07454207444869,90.6896768511367,76.41162575476444,40.31550825030863,88.55719663656296
2023-07-24,97.94445091815187,49.90025654759741,90.27453542349176,80.17678440698724,114.58319146315652,45.9568764681842,77.52138906586484,61.69840500564793,90.69714167447741,75.7893620750333,39.84498067023235,88.47621352642375
2023-07-25,95.67527166112097,48.79912877489678,87.66866731090157,78.33853575486425,113.4086309366062,43.55569092632353,76.42553350027671,60.51677119999197,88.73809883610463,74.17687417257059,39.262386964831464,86.80933404041336
2023-07-26,95.54251155512446,48.22891501678136,87.91657802334625,78.49362130039775,113.70132776241688,44.088908325689296,76.06685070029768,59.668924984994106,89.12456376523578,75.2476201748102,39.55559054973368,86.70516118271709
2023-07-27,95.61155902634373,48.74091103592201,88.12619191134425,78.62329841562172,114.37223808853454,44.47375002973955,77.19812429556869,59.91496483843841,88.76764154204511,75.26122074462587,38.70893226768938,86.81823416860152
2023-07-28,94.9048084646391,48.87918932377936,87.2362270650849,78.92917248138485,113.94999069422988,43.83697378641684,76.81884746754045,59.505301871680736,89.62360074717978,75.19107640518924,38.05131249175043,86.2359623135094
2023-07-31,94.18621848496855,48.232758689512664,86.88591891210858,77.58626890437917,113.603008934439,42.95106306670273,76.83281613505703,59.16441008196445,88.91004993036684,74.49839375990847,37.88057260661889,85.6444740278125
2023-08-01,96.34606966929475,49.49568719191916,87.96697251744872,78.74476710797407,113.65509326517301,43.229633323553564,79.3790285876542,61.635176502855714,89.99830465153119,75.67070758978079,38.14951995685536,87.30684876315779
2023-08-02,94.51696764191333,49.04806741122984,87.33713548457074,78.04811205298736,113.49478389277006,42.77043597267313,77.6559039047755,60.8234724774057,89.39911880979653,74.91941989062714,37.68325451324172,86.2769552690047
2023-08-03,94.03453269618363,48.559295178340875,86.45915332302015,76.52252835031457,111.85046348210126,42.32570734229196,77.03658430587163,60.39188016021271,89.02659680061589,74.00390877769652,37.45590486876955,85.39758611162753
2023-08-04,92.75962618390462,48.214272074149235,85.01687941234427,76.01408391134551,111.26906324731232,42.02577328152853,76.82651659266261,59.89403036412777,90.0691018082075,74.00248228777008,37.18436801620999,84.73513707458693
2023-08-07,94.77081277676993,48.649558261680085,87.28258084508623,77.08398856553816,113.60497956388289,43.63548843165378,78.46390147981313,61.237029509384975,90.55963116683844,75.45175747843504,37.88000722586897,85.79261340111066
2023-08-08,95.87752126361664,49.95142876588143,90.01991165320763,77.85628257812695,115.01811430502364,43.43574212107798,80.72105645217592,63.75940714284698,92.2360655962631,77.36565001717871,38.70682674693633,87.64387920797331
2023-08-09,95.60039905980037,50.154553529604506,91.2139473008083,78.5661864211199,114.38538217010358,43.191619524379284,81.5693610740599,64.8716731136477,92.4477132315131,77.40115578471169,39.19637732594045,87.97209180036816
2023-08-10,95.52157482462016,49.319625617074024,89.46644012568534,78.73820472575082,114.81694510758376,42.36935678136632,80.20049472804838,64.5770254098119,91.91333920117273,76.59598371875653,38.81431842353381,87.37097316365559
2023-08-11,95.00868975931564,49.762832877088044,88.87218574965989,78.49246667728129,114.21016086862255,42.71377873669537,79.3868862157913,63.703267452738565,92.1760460288306,75.14997111268669,38.497321188796086,87.02897595202644
2023-08-14,95.79797305147989,50.49173305859206,89.64656931738442,78.66595907814705,114.94902685471817,43.12806548419499,80.65101159035235,64.72076212501705,92.95563806802724,76.54457313059403,38.64735354556309,87.9975322838567
2023-08-15,95.09430647518528,49.79125334422099,89.17176371853658,78.31964539370462,114.20349401558563,42.105814322786486,78.85648959939331,63.30931908789873,92.4184800242005,75.81767269988978,37.722296956857186,87.22439690424739
2023-08-16,96.065337460113,50.3234388025268,91.64545482705375,79.0545917457571,115.75115227387052,42.97771352490005,79.90038406844657,63.96087172452719,92.63478042671933,76.08478016867933,38.2713289057495,88.53635222001202
2023-08-17,97.75293484432866,50.683378468555105,91.83711743171202,80.30429369485773,117.31675809194822,43.9659783028025,81.10590842172071,64.73330112865533,93.64919503064219,76.36920658426641,38.86379307215259,89.83558701702961
2023-08-18,96.39214426184252,50.74485458128242,91.96451058017297,80.63962094689275,117.33444329859633,44.98973033512957,81.4025934895871,64.29273889272086,95.73836256976078,76.9637948046477,38.83756884924786,89.93480644095625
2023-08-21,96.8711888524855,51.16056413817054,92.60191334811446,80.7990975367041,118.5269186566632,45.511260789236196,82.48755589743696,64.80891547376058,96.04154894745764,77.27526927034752,38.79990943171598,90.55618430714291
2023-08-22,97.33639475106685,51.57811222936674,94.16109182706747,80.50731209573456,118.6059146043792,45.661617350477506,83.34223554137064,65.22371498235398,96.86573041167712,78.30046904307638,38.98131554274632,91.27642783186911
2023-08-23,99.5137104093932,52.10073986246151,95.86699560335985,81.89521309576655,120.25523452395255,46.21736946119128,84.39269581169445,66.03564912415655,97.38651642644577,79.52193830988254,39.94288013059242,92.74249073255598
2023-08-24,98.96601888106585,51.403709526205986,93.79526471924862,80.89367830256423,119.08585231585478,45.12641850246504,82.95076887280479,65.50994106252543,98.99452424784747,79.46725898756664,39.57137141085082,91.79644201103157
2023-08-25,99.79583490417137,52.19736528838425,94.9774489359219,81.51040589866471,120.46491318272274,46.08673014295673,84.29462876631933,66.05739077241074,98.79456698528409,80.49839889646874,40.46859310199848,92.92574471786507
2023-08-28,100.53577632305932,52.016301163293264,93.84273162999183,80.70584110541964,119.79943095180742,46.40835707909494,84.29679958020583,66.48458507319371,98.2683346109708,78.45994961532234,40.46153980878247,92.61118016494929
2023-08-29,99.29050253871328,52.38040045348671,92.48221221981265,80.45347968008477,118.96802630959161,45.846122350896515,83.82335422808622,66.2957444085015,96.72711940007311,78.85944690923544,39.998597510742194,91.93127722772574
2023-08-30,98.05522283100616,52.19541759670797,92.66094975713371,80.51695548211113,119.97130248961625,45.83081247950448,84.03817774501422,66.20759778251809,97.24739801451831,78.17732026429893,40.77785888005492,92.06289213368883
2023-08-31,96.25500774614743,52.35928076225257,92.12476644745593,80.05804500587438,119.15898614638681,46.59367990718113,83.9422144151605,66.32740524144293,97.27038100542619,79.04209129817876,40.3901875289771,91.9005335205658
2023-09-01,96.23894596784233,51.94904041574223,91.30750522232226,78.80906723140724,117.71771961716699,46.11497722437137,82.34073220375436,65.31207559205885,97.04448303197366,78.52625080901656,39.428824742128455,91.02231655650513
2023-09-04,94.45794743871947,51.023386240242,88.58359705295753,77.46970686227978,116.86264373376287,45.553015254657566,80.91382016954535,63.89662568616388,96.22112041786104,77.02449088400975,38.568661851759515,89.59301569045685
2023-09-05,93.06089335871603,51.03770773119722,89.24283302458787,76.69798340560466,116.01797365033035,44.367541837879536,80.49677797038953,63.780169061012835,96.71048986678251,76.14466059266715,38.268756883543006,88.77784479919453
2023-09-06,94.20245034889678,51.72706209435616,91.65252214194767,77.91113384701575,116.90492774919767,44.79049976549403,81.27138800455846,64.08294021714788,98.3726964185746,76.64830929010502,39.11286083750512,90.11263836466517
2023-09-07,95.69034960579917,52.3422353017441,94.28406693825525,78.90135764038281,118.35902965992867,44.55111096744776,83.30161504192785,65.7551306037577,100.21546378836344,78.22444032232578,40.019579097442985,91.93090114523154
2023-09-08,97.36690387774807,52.55318293564799,94.09106374196749,79.2992838240559,120.16647053641528,44.0770092458162,84.30896823642625,67.24512699703436,98.91911886554877,79.0440503837219,40.12241890879982,92.56976421084238
2023-09-11,98.70859843151113,53.4194267779471,93.85376539511248,80.0409340439699,120.50781685473663,44.944872119896836,86.6908587545148,67.04430159526048,99.0453177459781,79.06546376587116,41.102024614283174,93.71298511321939
2023-09-12,99.40246965382786,52.815937736612206,92.70417529248373,79.62126490404636,119.97100713252131,45.446897030127495,86.20739880920696,67.94107207014403,98.87419462653493,77.60700605449325,41.015832077440905,93.26200437449586
2023-09-13,99.23764666349211,53.22728273498437,92.49336007715611,80.25070230969274,120.04638428504518,45.250720023474784,86.04772800452768,66.93774642928287,99.43049270476713,78.41494103257517,41.063078661849154,93.22649109896035
2023-09-14,98.0077532112983,53.588741332391976,94.43042925454375,81.09789269915153,119.73428375577437,44.67609110612861,85.71716791050437,66.05320710271153,97.90621443518832,78.90578594825548,41.0389110786952,93.5291812951505
2023-09-15,97.41317210023067,53.02258057798098,94.23983112641092,80.48665132714586,118.89987611377472,44.16169655036051,84.15341803955062,64.24776280857168,98.34763806466316,77.3959839463548,41.15904081370549,92.54697999427727
2023-09-18,96.10680010883837,53.01412693152155,92.81499850998229,79.64945398477224,118.45441623692325,44.34025502182756,82.42645880265803,63.020124863321705,98.06304617180605,77.42796336700457,41.173276180303105,91.66029904491853
2023-09-19,96.11628190254005,53.62184135456797,93.8249571615003,79.56847645779955,118.0201717186212,44.30549369906457,81.64117973491555,62.84944369045409,99.15171129691342,78.29275081992203,40.946026972435035,91.78644933481338
2023-09-20,96.86239884744042,53.681805749506594,94.4032409882525,79.48993313226957,118.47207622882297,44.70631058488189,81.75302954530001,61.757116460045566,98.28817680447088,78.43940889721443,41.232966005740494,91.52655281533661
2023-09-21,95.55111259261089,53.26469448758969,93.29014618194495,78.25022160888115,116.99731073585346,44.10534819792568,80.82979252419752,60.979211641550656,97.27633042071095,78.11069905479458,40.879372855678625,90.58174074565721
2023-09-22,96.80734170128629,54.03830536065022,94.62439240551548,78.42297913116725,117.2419641189763,43.57789696032848,81.37498253473522,61.66375747175136,96.88563502023729,78.0931460257849,40.980041041719204,90.97058126175347
2023-09-25,96.56811560624456,54.41046363177557,94.61639900593782,77.715878977162,117.27225860319004,42.90860304599474,80.37530064874254,61.16110837753321,96.40431915862582,76.13273491960892,41.27803908845905,90.7652806256375
2023-09-26,97.26753541478539,54.6078097180268,95.29685417212586,78.62352919564188,119.97333749259764,43.30005875635409,80.31458118531151,61.953008059543315,96.51851240037517,77.30005700482671,41.53288606643084,91.7356618260397
2023-09-27,97.66345189164974,54.55727523980419,94.46536037290521,78.59275482200603,118.94418281171515,44.66778770606582,79.46637928339584,62.28590280131816,95.49201860861824,76.85889748718614,41.58737723127515,91.76727437534507
2023-09-28,96.9770649487004,54.36611709860555,94.0861094495757,79.40545005257555,118.9130998215172,44.87752682867646,80.04713323839557,62.949185721948034,96.15875234640998,77.95630512277745,41.90506442310692,91.52592835205317
2023-09-29,98.00562424166137,54.31229827625306,94.99010823679926,79.8654914184225,120.55886229973427,44.81295835697613,80.76719993897964,63.03981232132486,96.59774814316738,77.84210536768211,42.05501333557028,91.68002599437175
2023-10-02,98.52241014055507,53.77123893929713,93.84522158174215,79.50311395135442,120.09409483723437,44.911627265270255,79.9821660345768,63.311001860700955,96.04351355374064,78.14286375936169,41.52983259369743,91.55748602379875
2023-10-03,97.8629526070722,53.76761444643694,91.98899016343525,79.36027331581647,120.26225882882002,44.693169551999645,79.48457314669157,63.13545712386429,94.47755315459071,77.27223185683371,41.03670580281026,90.97733696996816
2023-10-04,97.88078633049356,53.62714275133572,91.98965336815671,78.73310632418446,120.10942744735338,44.21705941908282,79.25854333048409,62.92354851285773,94.99968985250928,76.15859542008829,40.966251998257135,90.64485927854349
2023-10-05,99.1741687544574,54.020784009043176,90.89512587068091,80.02142967545808,119.86651934110628,44.56696476292088,79.47603719352715,63.325370160674034,94.06000981655573,76.3818482557704,41.075685702289775,91.36550941860976
2023-10-06,99.7889443666403,54.78704650055602,92.89455433079196,81.0982071921764,120.64608947101445,44.77277373852947,79.77137362606264,63.999263751123166,93.77485262527428,78.1631119308996,41.387501123232056,91.9971284497747
2023-10-09,101.95700014208542,55.22655106921018,94.00225694862922,84.05368065463354,121.15446825295106,45.93914307667591,81.4275844724316,65.29653926782031,93.72582135623485,79.09574613162945,42.21190202158719,93.22628213437667
2023-10-10,99.85839427244056,54.4256059544997,92.72903050845885,81.75420051843416,119.89714256111445,45.99685742470316,80.30790658209315,63.454716142169666,92.4439494000798,76.7441294058717,41.285220370297985,91.67248438566794
2023-10-11,99.89121817017805,54.348671152414354,93.67789155125715,81.35676062790657,118.71456906508955,46.631296155359955,80.45482423632077,63.03998002745337,92.54542921414321,77.18578865940864,40.71448279295238,91.34565765611198
2023-10-12,98.81484018635382,54.035212449626336,92.2161881913649,80.91629180334272,118.86227776589169,46.20722599519493,80.29531387386268,62.957710494766836,92.87004857255694,77.70808966419737,40.67363320435379,91.00021566214032
2023-10-13,99.14222057628788,54.09753104871281,91.68938496971629,81.27288804720959,117.58139262014902,46.668599903420564,80.55508274265307,63.26507297519508,93.17593480596791,77.36536291009416,41.326549249452285,91.19387591341805
2023-10-16,98.96945678157361,54.15107099580012,92.83604483817803,81.29114086209974,117.16447788235571,45.96273874784827,80.45099997300127,63.15242022198632,92.28711268139439,77.18895656245431,41.11059293253725,90.81446457738906
2023-10-17,97.90091833056196,53.92849672029827,92.11826398367391,80.24446347204955,117.56340079457756,45.00108916667182,79.96379226576413,63.63024354621771,92.81753052399576,76.90165570465184,41.06124082612028,90.38077345983004
2023-10-18,98.56854934289001,54.73253318285586,92.90164225445814,80.56429512804046,118.50438453492617,45.487692712059655,81.5503536368652,64.73984263741322,93.95317791070777,76.98859328373537,41.61403004315146,91.12989186564194
2023-10-19,98.46992987094019,54.59167256744847,93.29521164917404,80.92840761774488,118.46624152487276,45.9801677063864,81.87630136219158,64.28650690008689,94.54442517341542,77.21478059423971,41.83712544892566,91.3296284337522
2023-10-20,97.69780615439183,54.12967544808425,92.8347971046536,80.42848235780595,117.45331375615697,45.30590694579545,81.14386121487756,64.28174220529498,95.38663459977911,75.50280481267055,40.92677969610736,90.2922134534637
2023-10-23,98.78381844902616,54.31022105427814,95.26054194617377,81.02957788399637,118.2597052393112,46.56648764726356,82.35221985658934,64.92796676658935,95.47927418868245,76.63726049582694,41.690564124932045,91.54252447948483
2023-10-24,100.28822429036339,54.75435592355247,96.48168018545884,81.06298700894692,120.68449479940367,47.672191203404815,82.97122624650292,65.27453196238025,95.5752129597091,77.96505089975142,42.35159389322132,92.4985160391961
2023-10-25,100.74511535067208,54.276183476710905,95.63003474931192,81.22276629688402,120.231028977243,47.852015009572504,82.47025983051893,65.44555625730595,94.82902930932647,77.09249118223232,41.855397426752766,92.00012070743348
2023-10-26,102.0298985494903,55.11826763399422,96.56434343818893,82.52624387422026,120.90956146529248,48.246557264592724,83.11428413663671,65.92665558410287,94.92397367592642,78.11047164945622,42.40048801979447,92.80745345520648
2023-10-27,100.08716243186086,55.032417163132955,96.00803926031463,82.49949848470627,119.91166413309406,46.93028687442285,82.07530995766604,64.57513054736303,94.95632870025801,78.15882215829714,41.82583516640575,92.15660187663491
2023-10-30,101.54551064079533,55.7474579697977,98.27256572612465,83.00817352787746,120.54096315639032,48.74540307480436,83.56840701377315,65.73211070527398,95.7039527761591,79.32368300606115,41.98683811843152,93.23877832004798
2023-10-31,102.08801467747276,56.270929185008754,98.16833363813892,82.69668271667562,120.77162660285876,48.313006752410324,84.4609342312082,65.84376924981862,95.37339282277574,80.16107099507944,41.62398323792518,93.07106906442043
2023-11-01,101.00269171332587,56.38362774276601,98.67681660707942,82.08405808936337,119.79741424590513,48.345029704090585,83.91566112410246,65.57369398489502,95.67709240739185,79.66146518815442,41.67713650738914,92.35488110604975
2023-11-02,101.4088998767233,56.46220470468308,97.63665697831149,82.01337855384602,119.04945607358816,48.46497084596637,83.56928337166892,64.63382768322994,95.45853762025351,78.96444155268092,41.851757315361645,92.04422575131893
2023-11-03,101.01020482921972,55.88009719945703,97.21207459476994,81.23312177194647,118.15320995325642,47.80035087675882,82.54126075750007,64.52706859737448,94.74308371792003,79.00394789349099,41.59885525099671,91.37027616308583
2023-11-06,101.59701405294463,55.51238129114299,98.78848620052196,81.40361527915138,118.1228799979273,49.126254671887736,82.0169622383219,64.39793153059554,94.49385629997002,79.52024498104434,42.277394734541275,91.58348058571833
2023-11-07,101.68697139618892,55.60460617881482,100.01348258173073,82.19045244248329,118.39264252959363,49.70078901355593,82.54293180097154,65.01140371735185,93.83108356271916,78.29467469495007,42.128822775997854,91.78145845123515
2023-11-08,101.43615687923848,55.523265285442825,100.3536526886244,81.9829687254971,118.16185646883841,49.728540727254696,82.92636790717765,64.45458495425463,93.73861984540099,78.41086462004341,42.484505891213004,91.85099991931939
2023-11-09,100.66978328195289,55.064362655261824,99.06326561494886,81.14543471115567,117.64782808775695,49.1242532223083,82.0596445573395,63.61933343451858,92.95897540517878,77.59972167632722,42.10749960349554,91.37215025722514
2023-11-10,96.50959992567995,53.261036915330386,94.35540819140766,77.46606317015191,114.41196111324992,46.31138415174245,78.8264760465958,60.111307470605524,91.03055812582441,74.97315980019566,39.789241374796305,88.03675512154079
2023-11-13,97.02852387655233,52.79909911408335,94.38207561604422,77.27896614287393,115.22485051980547,45.57264824757794,78.5431419652492,59.84957900077782,91.31676065985327,75.13373017957079,40.12475840228653,88.15406589792262
2023-11-14,95.24453898337538,52.42585497777679,92.57353680562792,75.67277248847543,113.87604013409857,44.89933246919853,77.64004144524979,59.11972524900308,90.64606800874317,74.89413487891227,39.442576358568864,86.50422547121775
2023-11-15,95.38042293817345,52.19863976664008,92.69581741202191,75.78947955612882,113.90762175044232,44.77420380843572,77.96020142477813,59.42345841820305,90.53045378748243,75.346957397244,39.10862200822417,86.75145564102036
2023-11-16,96.73904181414575,52.51389980267892,92.90627175760466,76.5582865015948,114.94796546048427,45.12198199183396,79.2067468295204,59.94435548184014,92.20818151961535,75.7045461017704,39.47999904711644,87.77461575485704
2023-11-17,97.37252644372217,52.83237119291297,92.70994390098637,77.61352401028552,115.15779454171422,45.598695953786965,80.34480058801628,60.7967035169998,91.69643628035521,75.57561079535026,39.77630545150201,88.05174945963027
2023-11-20,95.90384028619671,52.16356343936634,92.70104298649947,77.45229451024004,113.98434346766282,45.18040173173749,78.93997051961765,60.66862868953186,91.93058211996282,75.49446082203441,39.520384980264794,87.74107413570502
2023-11-21,95.25978780067034,52.385957587844004,93.14476095164478,77.11891058862345,113.77621984096878,45.50044676584794,79.04038097862542,60.944922388935986,91.87474180088587,75.66846711683584,39.72079600256859,87.61681782045125
2023-11-22,94.65168456010659,52.635588272098865,92.03245560227829,77.7282507873315,114.65377675813282,45.04166182800982,79.11195518346084,61.05077169857179,91.99283209174959,77.3042073416666,39.18888805966635,87.53407952275344
2023-11-23,93.98137850214177,52.3079791853539,91.2258720991561,76.94014805070623,114.56274805286154,44.43534166751582,78.54444034252363,60.66768951035348,91.33733946937149,76.38441766745238,39.685548866564226,87.08424102596474
2023-11-24,93.23176202435607,51.72915551707072,89.46640626363084,76.43702053671075,114.8339971905988,44.69528433255196,78.10363544441617,60.3756016542542,90.6103353609384,75.69348909121264,39.41946057135841,86.60639066966499
2023-11-27,92.13223265288842,51.19158606562225,88.1557047863382,75.58467504582616,113.78066364459536,43.79196965670902,77.96719576483609,59.99667781101117,90.53187736269774,75.73434408930555,38.81848065615959,85.83427991834178
2023-11-28,92.90881797767426,51.167143710064835,91.82034583849129,76.32782050264652,113.84352267082927,44.8020497094705,78.73292799460935,61.34722311251157,90.15782116357678,76.33203311136452,39.15998731122151,86.8962538340342
2023-11-29,93.39086522800041,51.599647034843656,91.88717838865936,76.11914371536773,113.46111348323926,45.11854148668773,78.46106732841872,61.658793404950394,90.24529233143902,76.4771874113271,38.96009461868778,86.9171144214143
2023-11-30,94.67205002500853,52.05641626130847,92.69866704311318,77.02742529282953,114.974064921877,45.65918939135572,80.1965433587501,62.7700703082713,89.90520558673542,76.13698663901967,38.8600183468703,87.78933940773366
2023-12-01,93.387338855535,51.73461153829659,92.04682932931911,76.02019110930824,114.23639190545056,44.49899407879618,80.54543994878517,62.093896448643214,88.75360022714791,75.001568668978,38.41672609320836,87.60292294033361
2023-12-04,93.54070076474201,51.50488757209464,91.30132015106408,75.88678134881488,113.86280548540068,43.75214567190591,80.91680638429976,61.278245321702684,88.84695070371616,75.50748776160349,38.52188389376596,87.70140684245978
2023-12-05,92.69282415506758,51.622785962794325,89.84744061039538,75.89249772248657,114.39935016560881,43.01872891376933,81.23526120877338,61.34782224133979,88.46033903152633,74.81494741665942,38.72610140243017,87.5855997428306
2023-12-06,94.34994858641666,52.30641882059691,90.33759964944721,76.46958278735634,114.6313518435495,42.51327837339902,81.76300306667342,61.77136889202684,89.78997342631355,75.61949521661249,38.55335665118144,88.02893828476725
2023-12-07,95.02389226674654,52.298157937590354,91.04786430852361,77.38566889911263,115.16705779288789,43.45384831027441,82.42926863891542,62.58255392337222,89.21789100595639,75.90042134891799,39.031183920303775,88.79730148122333
2023-12-08,95.09706025089055,52.244359159007715,92.378502947817,78.93283842891677,115.59860335129567,43.07428252792916,82.64120485944618,62.2985202045682,89.43673293050475,76.2916134425152,39.015896732207466,89.04707238550282
2023-12-11,94.47826675842785,51.413646200694096,90.52716471563411,78.71581535959781,115.16879638802865,42.00362615436849,82.25412028024178,61.936655943989315,89.17862635418794,76.63321162657081,39.46807675502345,88.4776516927996
2023-12-12,93.56155234981837,51.29424778378667,90.0512502949762,77.94103032327449,114.43402548275952,41.328075074416944,81.37496776151467,60.92748860479822,88.9050252738153,75.66422820843408,39.365523218926135,87.81722174072631
2023-12-13,95.39084900942113,52.08846258604801,92.75424531055396,79.38979033953278,115.85339976601394,42.114463363108605,82.1340459522748,62.12219815008505,89.47432990454926,76.29522083355089,40.32321487860094,89.32062557692805
2023-12-14,96.17329681200164,52.68165006448658,91.08853454084962,79.14942235023697,115.25353982163651,41.021265936758404,81.86522899729471,61.927959597263026,88.43539164748525,76.86674974772255,40.339818004562986,89.10396151184752
2023-12-15,96.06942260529061,52.52961679581263,91.28230346410521,79.15039429733243,115.0386513966832,41.22869495210294,81.81404676801888,61.678353465308035,88.71966293329783,76.72736037151877,40.39635568705523,88.87788618406987
2023-12-18,98.3266335832489,53.07032058363163,91.73402026017804,80.34308118205297,116.55259802043085,42.37942727280311,83.14492511719546,62.861649456857116,89.87590897133775,77.63904574615272,40.97173190160263,90.22551598791783
2023-12-19,100.40629653004365,53.35863670754658,93.29928304999463,82.25125606667781,116.79020805601152,42.60338753787442,84.56633891849665,63.41170699208563,90.65528317402178,78.96953281650666,41.20194410080171,91.25060734213855
2023-12-20,100.42290409888419,53.89187484307498,94.97969192623424,82.1226586694728,117.10322390188179,43.36199876676374,85.29362361909548,63.81074939227032,91.09793267069935,78.74039444895091,42.01363610273662,91.77779915400737
2023-12-21,101.20703021846171,53.20266875548302,94.57677896354119,82.13648416386232,116.15210805548257,42.24176511963261,85.50102560698642,63.90691120911257,91.60584423835174,78.49059856439837,42.34662874314078,91.44476383382043
2023-12-22,104.52442073095823,54.53114683565773,97.40570551601809,84.694393155037,118.40933455344786,43.13664259112841,87.87341965863531,66.3544602439485,93.38700583754583,79.30771896854473,43.80231421056059,93.64993856110392
2023-12-25,105.77056253096228,54.81335284403623,97.36774462491235,84.40039501635826,119.11181184732105,43.25710607556304,88.23954397723325,66.8880622933688,94.01922433505385,78.75751017168001,43.63384884612608,94.05803023779168
2023-12-26,105.88618688336754,54.92353607307678,98.24336148464188,85.33800089860605,120.13522229855889,43.596872790781504,89.16728276496258,67.75195152276274,93.9486572774813,79.588493403064,43.907772672636696,94.61390574850093
2023-12-27,106.35389817711878,54.565968986195934,98.9492408180286,85.5309106167762,120.65660840852026,44.203850005134925,89.56587377834238,67.96517615993598,94.48091461168909,80.2983583310968,44.10490539943627,94.48828097075483
2023-12-28,104.99355659505167,54.26640266561174,97.22856483167067,83.75358285155528,120.19248923051178,43.26041448565244,87.99536499936973,67.81127771935893,93.23833243837474,79.48958339034307,43.50473241337669,93.17885729585413
2023-12-29,103.05595416862859,54.26670195740728,95.66011184365172,83.87580166491362,119.60679964519643,41.97594006580184,86.30294742254137,67.94181738485733,92.796754598786,77.67315898159492,42.28358149715939,91.96228509271887
2024-01-01,105.24851546975675,54.32989226186573,96.43986485386418,84.72064036236281,119.48772124707538,42.3173857593814,87.48474051638144,67.95060484623319,92.43768389179968,77.90211523754563,42.47844414031596,92.37600318200856
2024-01-02,106.21780815832163,54.70219923862405,97.53165360795154,84.92357314113012,120.38858076840064,42.61931636447006,87.65797746745784,68.64585208182619,92.56270380415766,78.4088652138929,42.21001464885976,92.77747805264539
2024-01-03,105.82487489395245,55.17699446245285,96.06741319693643,84.41393803835582,119.67672057575368,42.76803387168425,87.70518663451331,68.66040421243483,92.92155690278314,78.2673381389353,41.73694551603149,92.589869899624
2024-01-04,104.60847825192607,54.43753821417302,94.84736962432942,82.83418980226602,120.1956319519433,41.978344598460325,86.38914186969279,68.6457338920155,92.15471555009744,78.2616059736285,41.42643223740489,91.53317530632668
2024-01-05,103.59799851796983,53.701690844542036,92.79996970344841,81.62300439995002,119.2662723661481,41.35674182225979,85.20283807607217,66.28936916870323,91.99136311244575,76.8082905521028,39.74007039716872,90.23947103119548
2024-01-08,104.09277227211504,53.17779624630753,92.84236659733051,81.36746620603353,119.39737040931502,40.8812381738993,85.70401839327614,65.75435829826885,91.5664861335223,76.82571238444093,39.99296572390447,89.97709086269
2024-01-09,102.83300778145656,52.48541487707246,92.05804848277548,79.18507872747055,117.5470008761049,40.48673738894446,85.29091001941566,63.84765425176818,91.81273983489471,75.68512631943058,39.05239963978918,88.69225717744152
2024-01-10,104.8485199588611,52.88176212056528,93.27783687188914,79.4347457516717,118.90473649545758,40.571666649687984,85.5256702061785,65.19868293834338,92.1983872453297,76.2503568950476,39.283853819868106,89.53102343345391
2024-01-11,107.39575791662041,53.2896443728096,95.49469136928961,80.10500641140584,120.53645521923899,40.80436080782719,85.92938686969256,66.20823149953492,94.32627080512331,76.82529161780703,39.72256865213125,90.60670236429061
2024-01-12,110.07879585188401,54.36383990620283,97.93465789396915,82.5172267654327,121.84797207198599,42.86151052061965,86.91683066613821,68.66165649939533,96.25397788959098,79.02997857664333,40.79629050098039,93.22621548231473
2024-01-15,110.91139491271625,54.276902474733134,98.66341117552862,83.16064285187504,122.2382359083667,42.88282580691028,88.15862812827311,69.58658873489031,96.71968268304292,78.88134356485449,41.106065262176564,94.08850513530608
2024-01-16,109.51028318288998,53.583177235692844,97.27205124534629,82.20803392051174,121.50608338033675,42.588657807980944,88.50829010649353,69.31934594979099,95.73587528165423,78.32226319967019,40.60576022181975,93.56362893165863
2024-01-17,108.5598056378634,52.888133948996426,96.37472065823984,81.77465973499689,120.44617016441063,42.480905919116424,87.87366403054455,68.9082994383813,95.03958050094195,77.99290939562954,40.2907976094228,92.77874873693379
2024-01-18,105.38366415212559,51.544759512256675,92.63096600928868,79.07897578545412,118.59228361745333,40.53406960776103,84.42897854447197,66.08832926319509,94.42681460502475,76.27004610127022,38.47510285511576,89.58777920663698
2024-01-19,105.21317265820149,51.14250619281917,91.88931695004918,78.5932947506274,119.45447364915964,40.75347691379654,84.37777067563266,64.6473374436885,93.3897191418747,76.58305012205695,38.218397784449785,89.08616885176937
2024-01-22,104.31412519308405,50.821660853097086,90.87830982436599,77.20830696813114,118.70505556743929,40.3538820725352,83.79740872011429,64.7195154915856,92.392762997606,76.61772997792961,38.16314250866995,88.96261492139082
2024-01-23,105.35056879716534,51.4597254320672,91.88218816949663,78.00400838796169,120.11562795758964,41.398875872515504,85.11155614791261,65.41969086531755,93.08294462821625,78.00003812784055,38.48716610332243,89.86571051405761
2024-01-24,106.9275958271134,51.91997838051579,92.26156664397867,78.88831072350243,120.46875807378086,40.835839260719716,86.4737246129308,65.61357356370613,94.15932092764922,79.2527709736354,39.13043332384432,90.45533521390429
2024-01-25,107.34357131312713,51.96477082147067,93.36091872717635,79.3975351226087,121.79594892669678,40.38327122448172,87.77572610052164,65.77074567370806,94.2618788312557,79.60929042173198,39.3350858349406,91.02763104861401
2024-01-26,107.61833854076926,51.88251588274394,93.43674564393838,79.76666077341044,120.49391515601373,40.534722097333784,88.44514236862946,66.6271204239701,93.88046546280466,81.0670719529203,39.259651277849684,91.25975052918156
2024-01-29,108.75089764050622,52.398974483491756,95.03232179799514,80.45360106950223,120.7825247196107,41.65958463477657,88.89403350446051,66.77084497287996,94.11229186353279,82.57417383952948,40.24381581161378,91.90387757853092
2024-01-30,109.28495823198534,53.18101939477833,96.83700558826787,80.95758433199282,122.69914501195287,43.31577692919816,90.21776678059994,67.33394069032767,94.75922193410663,83.44264900182438,41.35494005730935,93.28126506831855
2024-01-31,108.60879342200667,52.44758297753748,94.29171669408743,78.50307697965775,121.40376670037294,42.26113525585682,88.72113641115993,66.92014006646554,94.89387791231945,82.63819163842521,41.10462355282403,92.3170982717386
2024-02-01,108.37258650252473,52.33536049585755,93.70550637824289,78.45404672420922,121.79920245242204,42.020904519898664,89.36916976443563,67.37461340880499,95.80267494305144,82.03699771970318,40.83108013845703,91.92822825923783
2024-02-02,107.13701269762923,51.721221814899266,91.20102734264522,76.91369050109927,120.40778418693661,41.043962266076164,88.75972125310078,65.7005652861348,94.99616795837788,81.02112038661797,40.763612477970966,90.67816455818465
2024-02-05,108.50128903769065,52.80114691410839,93.63369365669523,78.6020851657776,122.40591928534023,40.65867011832426,90.39638127374259,66.4124854462327,95.37270993156572,82.41383383311535,41.59375318276383,92.19352253326957
2024-02-06,109.6366321383271,53.13101759555331,96.11915500961776,79.62826477828837,123.8369406202196,41.70814386709434,91.73539620529894,66.86373618776646,95.355133653001,83.55029748246864,42.13567508825533,93.43518835410374
2024-02-07,110.22183512148081,53.772591921701576,96.97814406376065,80.2417616237911,124.21578766428283,41.884513350841495,92.7146634603906,67.6545888388015,94.72645542789807,83.85682712219469,42.44470490520755,94.18072052829316
2024-02-08,108.96504343286497,53.37792074123144,96.00451703638304,79.93304839804271,122.79345376225402,42.0700596841867,91.18401363347888,67.08338946691659,94.07272924246632,83.36632389090816,42.25238052068586,93.08036597377057
2024-02-09,109.31871303093831,53.152087731018725,95.16431627330947,79.42201959832245,122.85820857975168,42.32821969553879,91.72933037990204,67.97816000803657,93.25325647287774,84.34587259730507,42.45475371700741,93.27955285340477
2024-02-12,109.20061248692883,53.39930243522622,93.29067377149062,79.21651791945015,123.41779774556525,41.91200986780872,91.85172461025721,67.80796308119783,93.57034219367,84.83430150281012,42.161459068796205,93.09596777451603
2024-02-13,110.7409916052962,53.74559241337072,93.01711999134076,78.6849340843943,123.50923788415365,41.56833890431265,92.25825440108855,67.77401240904551,93.49172542961645,85.3875102921764,41.475380327905505,93.20875218698984
2024-02-14,111.58476532798562,53.25170322995586,92.67012410885282,78.56983571173363,122.97363387660587,41.377390579737096,92.17329744207817,67.35319834988687,92.99509017852941,85.05876887653986,41.67118928027029,93.06901109704134
2024-02-15,111.78539943924723,54.14043969254014,92.18332337484924,79.32801371477535,125.48200698902423,41.90421102260425,91.35271721355828,68.36304237794317,94.12734432269507,85.26852340951187,41.94563510514542,93.59368367066426
2024-02-16,110.85185353233793,53.602879176685306,91.86554157778512,79.35222975753436,124.19012933749904,41.434620032563586,90.9201246976044,67.7836944477742,92.9037289600841,86.17077718700685,42.0798584977631,93.25835749213743
2024-02-19,113.35131785530027,53.71756293245301,93.03684396244742,80.24012708533218,124.77371790219513,43.45737620266966,91.06635848230333,68.02663275241898,93.89299493477026,86.8743810592275,42.563633221970214,94.09862335903138
2024-02-20,113.50493684751967,53.742683948519556,93.79974422065177,79.68580549176716,125.34204945967167,43.71831699154516,90.43876031516876,68.12275838747397,94.09931255066016,86.56107345633849,43.03860636326185,94.36490899515971
2024-02-21,114.28938097292902,53.874628289796725,94.64537002870203,79.57115871685015,124.47118735588143,42.89696007910551,91.4737655332056,67.9210754828514,94.1175018300013,87.01960110539899,43.10909857528709,94.12360803692835
2024-02-22,115.49337305824858,54.02989602541693,95.15593489635339,79.99421761585711,124.4026422928213,42.89684853541467,91.15469922260326,68.07965772590433,94.0682930314977,88.14024808244287,43.0692990112036,94.0548459811055
2024-02-23,114.55657531658787,53.813413642769014,94.44113224419921,80.17338484345807,123.80948477840279,43.34845100015554,90.6756898393347,67.45049999916847,93.17778309325668,86.77636609254293,42.82830371278401,93.67449963054683
2024-02-26,115.50968112696043,54.6489714595045,95.44940502734788,82.17867054076058,123.57486287026231,44.03973645627944,91.39634702218262,69.00239942832484,93.97150303283607,88.58286940121405,42.55219935282265,94.48010084544109
2024-02-27,115.299581938848,54.67341677202722,95.6337378897883,82.2687494843891,123.66866385826903,43.70730648515585,90.7125087730207,69.84999233353713,94.55707833155166,87.7156414767745,41.91378641852986,94.2590854889988
2024-02-28,115.09047586314547,55.28912186539014,95.22841345350926,81.96514399918749,123.22720158790685,43.47900152609153,91.98771755524275,69.50661986659516,93.51593810948093,88.59051452184859,42.774364552646624,94.5766482338042
2024-02-29,113.87389857238995,56.0599319437588,95.81394397485028,81.30315685001919,122.47164890591348,42.815407174124225,90.60931158582247,69.31493821630073,93.38780729520792,88.39013708928952,42.31055800137143,94.24012171731586
2024-03-01,111.68296235635282,55.430891181149775,94.87410601848795,79.96990100969123,122.07106524716203,41.36580730708469,89.45588524653272,67.66828672873102,92.56360044319715,86.86936644277552,41.42760040375908,92.86689287406237
2024-03-04,113.59998703765544,55.0198144288943,95.7456943889043,81.42716850091668,122.13592903950878,41.53868091945172,90.09779283594315,68.2349830726573,92.8695138788609,86.91523526368348,42.54110952962438,93.75186787138571
2024-03-05,111.9397697758324,54.389513289453525,94.14072141741137,79.77739463601256,121.69029184274547,41.16607697999536,89.81724424512149,66.81824640105965,92.57946597123812,85.44925006266924,42.18040476231016,92.78921549838833
2024-03-06,112.74529735586623,54.37137653104352,97.6932605291982,80.94480598696357,122.98659007853978,41.19697473344628,91.03168224878459,67.20745574000708,92.82548337654897,85.12238698838186,41.811910835373574,93.46120655211999
2024-03-07,113.0158641168163,54.615649681093146,98.84684951960053,81.73406179232563,123.9705553318586,42.33020587688317,91.56916114050172,67.69284125039626,92.8174679292396,85.21071556359668,41.139421672899616,93.89407842308086
2024-03-08,109.86286804389185,53.89140295617059,97.71142702772477,79.67177786073651,122.94801485193756,41.71057882813476,89.10778862000683,66.57093918197234,92.6804337845764,84.73706675122449,39.85509581874368,92.36412861224677
2024-03-11,109.87272322673309,53.074198672376426,98.0436239332613,79.16337395657426,122.07041215695762,40.99223963448521,88.67351119391998,65.2155760869716,91.63915995697954,83.91344033679327,39.331691960852545,91.52133643691486
2024-03-12,107.51755831933308,52.48854303401976,98.24661962079594,78.27385603395489,120.82392005691833,40.729231735628794,88.76899354200499,63.86574541951339,91.15354292894466,84.89618388298162,39.39900422439307,91.08342313240418
2024-03-13,106.08848820791658,52.053469832579594,97.51523273227669,77.54299240357591,120.29027085626637,41.14924614497507,88.38858524132137,62.40265768712586,90.50554036546346,84.16746137304327,39.21074343176769,90.3661197768408
2024-03-14,105.12562848586187,51.48201253760476,96.75321059660135,76.32790726830112,119.65621531257628,39.615286867966375,87.13511934962334,62.20162389043284,89.46226187285019,82.87889191996419,38.56105282817304,89.32534355849434
2024-03-15,105.08986138417495,51.01458857660707,96.94260597948066,77.12793862912167,119.95593601631937,40.107738544226464,88.25440134538127,62.654990220185404,89.5415974684457,83.43584992628139,39.13829430010184,90.02710924514555
2024-03-18,105.31770370755535,51.22762846621358,97.25328542616076,76.2766795346365,119.19804349842143,41.4662313550367,87.66103301515241,62.552917341436384,90.22766619505533,84.41646500366564,38.5945246719377,89.8455099681639
2024-03-19,106.78182880331558,51.423791062849574,96.57342601778373,76.92128894969616,120.0481631585177,42.23631565119202,88.23330263134906,63.55138505115011,89.95194613361971,84.22898773568845,38.64826781355447,90.23042799277505
2024-03-20,105.69331329466489,51.248362354421715,96.45148402344077,75.35480677915434,119.09758775818977,41.50603794725821,88.07667450491485,62.78672985953669,91.1734288904322,83.94914752023993,38.83738449656692,89.87471330178931
2024-03-21,106.29973371270567,51.49190959478904,97.252496376049,75.41726097785192,119.62749574152458,41.740257187924634,88.31126559512622,63.23055847988934,90.42204330789166,84.8898290466893,39.855946137684114,90.18696036125137
2024-03-22,104.63625294945697,50.858133049018164,95.27665254831987,74.47016985618322,118.7746181509352,41.23742105317134,87.09762786549919,62.40434714783816,88.66108814001497,84.03645623886572,39.328381076762795,89.53995333188898
2024-03-25,105.0503544443876,50.84804498319031,96.70598013871154,75.30482746835632,117.76984743577563,42.79920512787368,87.01299536063625,62.50593053727953,88.260506137831,84.40095366345352,38.9914030648829,89.55155425624001
2024-03-26,105.90206375745122,51.439120230038796,96.54213368991918,76.11820088125558,119.20302116081052,42.718930199996926,87.1622827319141,62.030316979811474,87.83916469032192,84.74074804428223,39.314074349866054,90.11226159079966
2024-03-27,106.19506026398989,51.81283400890386,97.41849351629571,75.90755699982452,119.63082119658395,42.5940023133682,86.62186855023457,61.89721409591642,88.56003765149465,84.66991060256987,39.42803009434046,90.18895763877448
2024-03-28,106.71740334797164,51.7728501938706,96.54970975475962,75.03437920087418,119.62502632071374,42.17709746555775,86.80613969654182,61.57756050366844,88.59704636241098,84.28250457363595,39.502133379233314,89.80922490450706
2024-03-29,105.80172355826032,51.22043052188392,95.61208797881679,74.12322176757675,117.94403936845545,40.81394406326505,85.73770140021638,60.915623471822514,87.46420903599858,83.3615971184792,39.24935554461028,88.86122177076648
2024-04-01,107.07341404185942,51.05527455314763,95.35669852393639,73.94774056254808,118.02119649485519,39.070832445249714,85.68186911944497,60.38184908129968,87.43664700344196,84.02299988098811,39.86476030138723,89.04662243172668
2024-04-02,108.05230153863492,51.633621666345555,97.62288106401527,75.44438454639807,118.47789198561098,39.11693510028631,85.79359010718159,60.524852427277665,87.43262073480842,83.23669529356346,40.65922325162143,89.39154891305637
2024-04-03,106.91151721171485,51.701654533776455,98.15753582141379,73.73205448312822,117.85435592098716,39.2788880321843,85.83623387384876,60.79254065010201,88.76861642465914,82.22236949954754,40.79915249861103,89.19424450386421
2024-04-04,106.23196269681378,51.24502513139715,98.70576861552806,73.12429625826091,118.26388701276012,38.69120451379532,84.99037114156437,60.25830786588566,88.47370363794838,81.39457671583791,40.15986834407551,88.53802508135573
2024-04-05,107.33999868775928,50.8220181776536,99.97448549009236,72.31022002710569,117.5003908793428,39.21551393481293,85.1867726118634,61.04633751818812,88.8933416724826,80.7917616245413,40.32837227554847,89.0573491473867
2024-04-08,109.43288637337658,51.64989017866964,103.4399057546291,74.94349767806779,119.84919140512342,40.80483634996943,87.73071519328386,63.06519692297784,90.42026921114348,81.914070489498,41.4712221166188,91.32032462896663
2024-04-09,110.1424373738057,50.92500313251731,103.25147070325657,74.26430464969204,118.48931681828034,41.05398624952044,87.57253500853174,63.000762010992936,90.40285984042525,80.92301300684971,41.28989495373507,91.07817008529008
2024-04-10,110.7067817397855,51.4768763874019,103.51783148960445,75.4241598324504,117.83356778677343,40.28080090618044,87.46838029577589,63.08496014695408,90.57360892790572,81.09620933582062,41.87416831102283,91.42343285353971
2024-04-11,111.5563540144768,51.71992638949544,104.51291069520698,75.47475279290019,117.38171215263344,41.303202971038935,87.31047520773231,63.41414750427329,90.2700271069501,80.26772979923183,42.30332546028953,91.80746513151693
2024-04-12,107.62837048660998,50.36447844993974,101.5897802436562,73.83123482161064,115.76372826233896,40.515283795681846,85.58797323740225,61.18122664962789,89.04014852576881,78.32811683974882,41.28028407408084,89.46906390360797
2024-04-15,107.91763813540713,50.34954926647362,101.67153032562008,74.06023285492041,115.45669306152521,41.02967121289405,85.61416888485162,61.60694002567497,89.22094066253285,78.01133654895189,41.37465363084439,89.61626203039218
2024-04-16,107.33893798607961,50.86288330321436,99.81095454794922,74.09736902693581,114.54605639463668,40.694802157284975,85.63948521809984,61.30619421771269,88.11401910102713,78.19770199796756,41.41898484316317,89.01366312665985
2024-04-17,108.89942869088497,51.862515478495695,101.23094187231906,75.31423640782444,115.07458775115629,41.38471358764318,87.32780046417848,62.83759283449643,88.83658641455284,78.12449238199419,41.79767163005135,90.29129122692862
2024-04-18,108.72123541861231,51.33959755704252,101.46308957015894,73.50183267241405,114.037104558471,40.961796106218415,87.10056224120429,63.78275663123163,88.00463592569241,76.92068985508462,41.29902799609007,90.09598113651907
2024-04-19,106.22596589950962,50.973687781762244,100.23566765940421,72.47292112053823,112.9511854393392,40.8214141915123,86.27718086654103,63.67911987714685,86.68937258399122,75.43590229213993,40.83643165407161,89.4256671358303
2024-04-22,107.03894932130682,50.510186992472484,100.30824011220234,71.49439391570571,112.23813764253141,41.237755033507504,86.99602329968839,63.832641447315865,86.54450880812487,74.61107500016287,40.425987161742185,89.26421437819965
2024-04-23,106.4992390095227,50.06426522460576,100.44839504543035,72.13268156560572,112.18810088192326,41.01008687405185,86.8664927957434,64.07384651570169,86.91022826979787,74.16833869480884,40.34953810731419,89.44949145513056
2024-04-24,104.27725024316973,49.89458197878335,99.05151565108642,71.95786113049594,111.569656196827,41.200245897561786,86.17378611475823,64.12662553093378,87.15788540123121,74.16463052244701,39.31868234649531,88.98019538630119
2024-04-25,103.5975421225082,50.63009870843689,98.3546802742201,71.93223665088753,110.18609169707672,40.92236523163652,85.73865832399434,64.80234242626918,86.82265086390511,73.63579609568018,39.29723812296375,88.96827510753837
2024-04-26,101.44948689499522,50.546261111975255,96.3032704141521,71.05280548883171,108.85361742829566,40.59344022177802,84.42433927968055,63.71819650756155,85.36244630075382,72.64615046465059,38.53583114106719,87.78928329165984
2024-04-29,101.64250409309979,50.4793553971995,95.89104265222913,70.98271156230044,109.3629222184666,40.41252702916444,83.77689991341461,62.96428819182568,84.76936915999936,72.41437708692868,38.70118963280002,87.6248086695284
2024-04-30,101.98851227976714,50.71482334944063,96.61469468541254,71.3448588446004,109.65973516991173,41.27560536751945,84.61194634558319,62.87178432306085,84.99321906179436,73.20230979162692,39.35333394408316,88.34463535542343
2024-05-01,104.59320774189035,51.65045770911226,99.71340326996074,73.98915806256998,111.0339795562382,43.35454419194651,85.85460420484561,64.7572623292933,85.85851127891753,73.59409194037994,40.38890307169846,90.13310326855365
2024-05-02,104.83216097373528,52.309974743196165,99.74995246112663,74.73777549864903,111.14196264664204,43.87006757277255,86.85957562726522,65.52769793748635,86.4497001858026,73.53455231486441,40.18791340540278,90.81070824862348
2024-05-03,106.8437770129076,51.97789256208997,98.54325271293845,74.88542929330897,110.95159939835659,43.73120016766767,87.35906463118494,66.02688751568243,86.47781896072647,73.67255680904525,40.39194981981818,91.09564147336896
2024-05-06,108.79288888449574,51.92279363943324,100.47701025134597,75.1406172107822,111.76554849000094,44.113829652902446,88.67641258210435,66.06611015617466,87.62413250078261,75.20554222001981,41.01821770213126,92.21867434981147
2024-05-07,111.63348009440963,52.996827073472616,101.36864693586725,75.70910559687375,111.74378296723538,45.04402478018473,89.40361629524017,66.55507324517909,87.7621910052527,75.43220415735868,41.11037239185962,93.20250699004481
2024-05-08,113.08437269074847,53.861865612156166,103.29046287192097,77.19170478358114,112.85938401756546,45.657982617501055,91.82073045270627,67.01204073602418,88.83178326459429,76.03430866691393,42.01941677397775,94.80249425172046
2024-05-09,115.10731409170405,54.91443791230674,106.68903571982051,78.07793594909715,112.70166291779988,46.87755079414129,94.12422532144764,67.25407339670852,89.72633560362652,77.1632784170161,42.23595927273951,95.874612882464
2024-05-10,114.27253121307803,54.95821277749339,107.81775551057396,77.72073067201319,112.79361123274865,47.01343895997259,93.98431657842463,66.90063180454486,89.88893836086935,77.11522995045024,41.67836709961468,95.7987638069828
2024-05-13,115.15732468336981,55.60079861317494,108.69828550426364,77.94169390899755,112.0758967083828,47.75359691398995,93.86334711118074,66.76810023782646,90.322526314074,77.26344172050821,41.96078422439933,96.0863260680779
2024-05-14,116.0224355138495,55.49446313793444,109.78734574661377,77.49152615292822,112.56303010993216,47.510185776821146,94.48322287432505,67.74848269597142,89.78620628677861,78.49000688045132,41.8876349100392,96.29796591674847
2024-05-15,115.23226657013224,55.827881043802854,110.3407633720723,77.78385784821612,113.34617147496284,47.076411517940656,94.73538605514447,67.34047006131112,90.43956774133592,78.20774280790536,42.77366302289665,96.62943336917903
2024-05-16,114.67694530779326,56.47935990793847,111.48457204960698,77.11729911418604,112.55055731074751,46.724870804708324,95.08948297307667,67.19686482842057,90.2463233706008,78.79560430407054,42.96262127675612,96.86287773026845
2024-05-17,112.79415318303387,56.47732099980851,110.01467423347539,75.95800830928873,112.33998362609255,46.5489174484779,94.70514220864999,66.2537390099985,89.75100770593134,79.45365278776661,42.44519033164505,96.1374410668304
2024-05-20,108.95109021316158,55.31733891462014,106.79307427293503,73.71939478679472,110.54239059072547,44.87838362136408,91.75719294005381,64.77522914128323,88.12666698340158,77.71771879522557,41.57514296521707,94.13722167635086
2024-05-21,107.63040097605531,55.32474930526872,105.64149658668802,73.62115546876143,110.68559291683182,44.95159577869276,91.54399089616476,64.68761150723192,88.00592567882708,78.68081658473413,41.30681461841196,93.53727963942374
2024-05-22,104.46496076712563,54.15478315521492,104.52020335386005,72.16636150921126,108.89961318208333,42.60069801769811,88.95049346336089,62.861548884997816,86.77124966334995,77.7644927313169,40.39375988656555,91.66431882116719
2024-05-23,103.57684795240982,53.724966698749476,105.92945473806847,72.27724504097277,108.77204424197595,42.26042259470822,88.38361731307364,62.125493133249584,86.42799624519233,78.00879790598194,40.142922485164775,91.76348025606711
2024-05-24,103.72733967066591,53.91987935195384,105.50402740251685,71.69959539036535,108.59378418992837,42.179734172113186,88.23031189476683,61.95029956714817,86.80732485525692,78.92265558249733,39.90541892771658,91.80408999078925
2024-05-27,102.17970746410346,53.63308230165003,104.47168863228433,70.11677624166542,108.06848486665368,40.28444600917403,87.44466482886195,61.017462188574086,85.58174279734897,77.928827019193,39.72877114126827,90.29011402404538
2024-05-28,102.13731094635958,54.25071249166926,105.24239605443837,71.0939398059194,107.47772308919643,40.29517322431868,87.822666549177,60.99656676102334,86.10744589462851,76.81918709199455,39.77929748196687,90.95220317408264
2024-05-29,102.84250472840577,54.24730134089487,107.24380674431984,72.46294173616128,108.4800679695331,39.90587011729735,88.97380097004485,62.067926827241216,86.62465310235574,77.55371404983306,40.7047962285063,91.78295456239354
2024-05-30,103.03587039331941,54.60355849673913,107.16770570583975,71.7921503733652,108.57500858071884,39.92522605971994,88.60858741244547,61.67166646887269,86.96707712238307,77.51622982145525,40.50161460460382,91.90804744393326
2024-05-31,104.935398920756,55.63300823517683,110.1029590830243,72.97335187459491,109.46895053111751,40.610375016265614,90.64456006932103,62.53093417454374,87.80211512998811,77.71813250204231,41.51071937227608,93.48935497575901
2024-06-03,106.77692544489636,56.384498949688854,112.46807174455586,74.6287059518845,110.65462384684896,41.9530288077536,92.7603780322596,63.63722306321007,88.04041309779784,79.41317194613562,42.35638118300465,95.2900946602506
2024-06-04,105.95946234544975,54.94763454457399,110.71905416137191,73.78919773870291,110.27562833102425,40.87172077610599,92.24131013903482,63.75574184375969,87.53840229314656,78.24717510094533,42.32422221094595,94.16963069960241
2024-06-05,107.92939438077885,55.801881594300085,112.10294513850585,74.69648201256209,111.45729122411873,40.487446066175394,93.45995648839127,64.90203796542082,88.25192706846323,78.39333764503877,42.853952815562046,95.19097860759797
2024-06-06,109.06524863202232,56.33982928787683,112.88716086338808,75.45336814348109,112.7050544718904,40.41460419516363,93.97701967284404,65.42504079567843,89.52327080599802,80.07832793783547,43.09640309855801,95.65171763783019
2024-06-07,109.5132382442434,56.735432667796616,113.0001844591858,75.05255886199846,112.62184956442087,40.70293009122967,93.37838502532709,65.24469889072971,90.79662639679468,81.11617648548908,43.12992491761396,96.09296785275869
2024-06-10,112.2835469229365,56.59606574905869,113.10004043163747,76.72164812374231,112.20930693239481,41.2276442040362,94.58500110552144,65.38511882409375,91.78124491817461,82.77918091182066,43.6673713165589,97.03613677295361
2024-06-11,112.7803293267518,55.74035666231354,113.71885894169192,75.46872344563096,111.33980521867575,40.97636393094015,94.35176913885014,64.53786281448083,91.99537999971984,83.4668203365539,43.58088039963991,96.37127382276483
2024-06-12,111.77057177562175,55.828441747577365,112.66713727014191,74.99989385690243,110.77096067476275,41.37793933947783,93.90543860081748,64.94105357605612,90.20055594928557,82.18925898088398,43.655594631202845,95.83412660128936
2024-06-13,110.68437204058526,55.73173778908708,110.07484294861227,74.58020841882224,109.89805449375199,40.77619671622844,93.20715254788314,65.02892158495183,89.49038131418007,82.85424411589327,43.2325228426198,95.07365920130967
2024-06-14,110.70427769628822,55.56215052713767,107.24811942721418,74.57018223788839,110.00339716413751,40.29872642189409,92.8081833746782,64.58586182822272,88.50434478617844,81.64621049431437,42.90116795192174,94.38799982280311
2024-06-17,110.0414071661851,55.44832812884687,104.86549559463828,74.987403269639,111.16827770496516,39.79848958020131,93.26300784541898,64.19033332865705,88.80467199555063,80.9107684705015,42.830927245911376,94.33173706586938
2024-06-18,108.5697368770363,54.9138546480796,102.6731384525004,74.21376929042185,110.2952680817846,38.7902653143188,91.298275559324,62.30920177547984,88.4034702865624,80.14576150476238,41.47044823251669,92.98881283768185
2024-06-19,107.36353763689361,54.2544287333117,102.58116454946855,74.01417630290756,108.51915447640725,38.864982236798895,90.25275875904451,61.393836583506655,88.20806266443773,79.22106091376384,41.110274889884046,92.04561653582111
2024-06-20,107.63309853428123,54.43518522760564,102.0377700104498,74.44735672043747,109.47004958386988,39.340816484823065,91.12533269565326,62.06063773781947,88.83017177056449,80.72300018276648,40.97511767227623,92.61793440219358
2024-06-21,107.44596169710465,54.12525167036788,101.7691585494579,74.80646648646757,109.03449227494302,37.91539455030397,91.25217176186203,62.30569241841327,89.01143949119259,80.45924630995715,40.97695842258069,92.58844378277489
2024-06-24,106.82659219719268,54.40840082375581,100.83922068439722,75.98670591683012,109.30278560642503,38.72804523598902,91.15157876494399,62.785467892682554,89.15011522944992,81.16254714396447,40.973160941018776,92.98256009339629
2024-06-25,104.15856990052188,53.403726546064135,99.56393641406565,73.9288097733379,108.3837857475221,36.80325558435676,88.17410108028076,61.15525396702732,87.8962988925508,79.85759765942146,40.006995887330824,91.2488881342044
2024-06-26,101.84338728493239,53.381297439556484,99.01050783541646,72.53282295371064,107.99921862971243,36.26022425374069,87.63490583921053,60.89154520282008,87.92357710854033,78.85950913758002,39.67286925823766,90.56418632386743
2024-06-27,102.86639386314025,53.38592165667517,98.68985977622891,71.56121052754987,107.5402047100372,36.51001608819674,87.53822424382675,60.46735967841992,87.66874998036485,78.33268858596624,39.0518602619854,90.09313402974638
2024-06-28,104.04859523882489,53.14725944777092,99.83068741489272,72.33507045953067,107.68966804864833,36.60188988300323,88.53136006842311,60.925703344377155,88.28971928487006,78.1029623096649,39.088124236234165,90.15842862380411
2024-07-01,104.29813361532958,53.50966826258755,100.49778661833687,72.51010727272713,107.65865518437631,36.633908184518525,88.23973511916398,60.675433075760225,87.76694472618149,77.83385095847886,39.37195265931217,89.66144258220187
2024-07-02,105.71532282867398,53.579262902865885,102.45943443874982,73.12834723485302,108.62828951948747,37.49455017296333,88.72800929477529,61.691638273295524,88.08178323886283,78.38542445957107,40.29797140573269,90.54037081480621
2024-07-03,106.4469056824911,53.7217269434334,102.00179578895279,73.22859703659553,109.6914336647326,37.63399277342375,88.9671115808837,61.83703415422702,87.62602912889214,78.90341030037938,40.89302913390236,90.52311901308937
2024-07-04,107.47806825317323,54.11246295995751,101.04392955873887,73.51397621388992,108.01768563590808,37.00905778132098,88.972378398216,61.649296161270186,88.01406245174857,78.75809453255832,41.31953174163805,90.57456438941045
2024-07-05,108.32382120204906,54.571686631933446,100.31150882818916,74.10257234441228,107.57137427051251,37.21461773689014,88.66247064400046,62.24662648853746,87.57311053555131,78.96903436907797,41.50342887103085,90.62286575351193
2024-07-08,109.97467041282204,54.165864275604136,99.83971799570276,73.7284950289485,107.72321337032196,37.19211272375035,88.61924969731233,62.262347771673134,86.61280964056927,80.50982117795009,42.50620433356044,91.30549590119782
2024-07-09,108.75182165733519,54.30540055935562,100.76555312807005,73.05086711246449,107.80826403781995,35.76557332063964,87.20458085958018,62.28611927041771,85.95322584764448,80.52354281642027,42.31683976681641,90.907708481681
2024-07-10,110.56203651853582,55.26152880115046,101.99908649646268,73.88617205902518,108.69141397348253,36.12124990171295,87.96195891649519,62.87545199014048,86.12120648789018,83.12457645379025,43.16977466967955,91.97219151066025
2024-07-11,110.8154260290745,55.996909933228714,102.71791529686966,74.47236293358672,109.45514394874205,36.60580859762155,88.23255655246723,63.045298771783195,86.34872060669208,83.55905966525829,43.620032550731814,92.4351593126324
2024-07-12,110.18003037176562,55.307699301535365,103.13146964947728,74.66894446922753,108.74773173523383,36.747128173538336,88.46734396601109,63.313162293802186,86.2390973510659,83.91120318337714,43.79469871662916,92.6153498041135
2024-07-15,109.43452067012134,55.111159390958285,104.87351693243154,74.55786775459694,108.62691048508503,36.78325645563281,88.56836192354977,63.115249049404,86.96733256994206,84.3811288664969,43.54550980479305,92.69106189407678
2024-07-16,110.49077281331718,55.34121884868488,105.12241496055046,75.18666742399513,109.31990603919391,37.901226759381956,89.25511684522603,63.00933579951261,87.40972157943979,85.57721998377757,43.93214298114082,93.2139318464813
2024-07-17,112.66975979602887,55.68630096297471,107.40147464662473,74.7026473921198,109.98791465864403,38.52183962679791,91.36946280795762,63.29519127415115,88.45602690210099,86.88734782873243,45.11797176668394,94.20489010029118
2024-07-18,112.91024113553883,56.62526048322769,108.90950109427358,77.20073678248292,110.41671678940364,39.4575051799,92.34268701076176,63.43601738277152,89.72059533136373,87.60291348012669,45.738041326511144,95.1400476615611
2024-07-19,114.841311873855,56.585159015740686,109.33380516638603,78.01971906296008,110.80926607240973,39.828501525866095,93.56593703515941,63.74126430654668,90.52181055862388,87.78111506898185,45.84142753640108,95.53822205235097
2024-07-22,117.25203303011835,57.466188273472504,108.892911507934,79.3358621139366,112.33477101023328,41.160734946417435,94.07547751159797,64.54399420604243,91.51009346524714,88.1949777887116,46.38892659807781,96.4203570149527
2024-07-23,117.17955068773432,57.74661480228912,109.8994610788361,79.09469522867673,111.19635490891781,41.028285868346345,93.82864958549678,64.61483047080861,91.31172862521201,88.32047456931578,46.35100267135188,96.57364260601447
2024-07-24,118.58028364163009,57.85776555800572,110.9388897244622,80.50611470534963,112.96734965677172,42.32668331252884,94.87824038872141,64.76542774558531,92.2211166903071,88.22053461827628,46.9811971584827,97.83110289856302
2024-07-25,118.55995091334155,57.50322833881503,110.58923976639177,81.7010865738292,113.07408346953424,43.38215134888486,93.84431458286029,64.84155691148436,92.1682823318109,87.36531979496512,46.695737522924894,97.84368955582468
2024-07-26,116.59044701651288,56.33064937658887,108.20394022920301,80.83541568665265,111.01662821244862,42.089504945002595,92.7030705234724,63.85138712652915,91.5817929528221,85.03531939055064,45.99858989245588,95.83607280096845
2024-07-29,118.16350419070376,57.029587614636014,110.04065591537669,82.16045019438528,112.32645211209527,43.389442307706446,94.27560438978097,64.26542821232192,91.94271216631755,87.01376115723103,46.559535543061905,97.1664130208965
2024-07-30,117.48062636624009,57.457911633931005,111.22052250309021,81.55608388352424,112.39674221550867,42.660898064751976,94.86329961358405,63.92427513058608,92.40520081582429,87.30660099385486,46.59199434139232,97.31059458706974
2024-07-31,116.24017431467202,56.83481851047648,109.21207073153501,80.57277322789015,112.18700420263261,42.25881010934367,94.70288089141262,63.57338177294447,91.53240432232708,87.18326272803432,46.03030139780055,96.20061779980769
2024-08-01,114.38311276459487,57.08266740457315,109.1807449889812,80.24117216470833,111.55377770900527,42.6002170834861,94.8128336677958,63.37914237246219,91.88791964585893,86.90319538098633,45.36860769252097,96.04659274365142
2024-08-02,113.39493989779552,56.10403702946136,108.37875687430225,79.94087041136346,111.4197441255046,41.679723266882434,94.89634036933803,63.31370379637343,92.17661081755072,86.50606421204236,45.52397167699047,95.22910372176078
2024-08-05,117.13720137179315,56.055175249721415,111.1186216068708,81.17692001966579,112.41208372286864,41.735601037829504,95.7655815104286,64.65202652917912,93.9938592770801,87.51878266865988,47.21710450981952,97.2827142269211
2024-08-06,118.13418475026782,56.19410512736501,112.4292151923295,81.56366425864907,112.92729289266784,42.03335992524585,97.1046041935544,64.32283962807448,94.03408430549781,86.55427512754763,47.25135175135378,97.80930732651284
2024-08-07,116.69858136389139,55.62011028155589,110.24535168233957,80.26866752673108,112.13043140849732,41.06643626239918,95.6515920076508,63.212842616523226,94.03361449940566,85.24221868398058,47.50362688051193,96.30164560737427
2024-08-08,117.90914072239104,55.77258115182385,112.0583978576175,80.53482082616546,112.45360766083341,41.46068212876218,95.95451263999954,63.597473052456934,93.31597855209972,85.32284216319431,47.849373296242106,96.86998388629952
2024-08-09,118.03203623208336,55.246176417099335,111.00436240512926,80.80523386749789,112.4907967121018,41.446021944401465,96.23020707731322,63.488962068831576,93.23500778846818,84.63167638396489,47.51727698566358,96.51911154515663
2024-08-12,120.84615089610433,56.31900851710056,112.30950784484213,81.96660210724829,113.53345952883511,42.898123435514115,98.3454239676255,64.45122950984769,93.40842922989512,85.10104083676656,48.63808500733656,98.42210025153676
2024-08-13,118.75165130845724,56.51584674267887,110.98640554043264,80.26484026712146,113.32579939835561,43.28852998540651,96.82306547819711,63.4988504601157,92.89921040691857,84.75929781631577,48.3138065898132,97.41688000600895
2024-08-14,115.54718640429833,55.41012376497921,109.19749988112302,78.00012590219788,111.33784155412106,42.388816574286444,93.2927061266964,62.94055577256504,91.06732881721096,83.6831536367606,46.99040290771252,95.24924695640952
2024-08-15,115.64781719226286,55.20666829392648,108.92337802321268,78.55579456695678,110.95917738269337,41.55783171969998,94.44613201754163,62.7448255421246,91.10183609640693,84.11756405718717,47.222607708499794,95.35028014958614
2024-08-16,116.2612380267856,54.766666773409455,108.03247074113102,78.09546026517957,110.6097402463322,41.78594588272209,92.59667699840774,63.2962162688016,90.54008089494967,84.61975411306243,46.58896964150148,95.05364918767842
2024-08-19,117.08141249857582,55.26795072350199,107.29984152044327,77.41280743945566,110.24772916632628,41.81921747044237,92.26055053319996,62.483885764602476,91.08941508530705,83.78081959350786,46.71201898204625,94.69225862177846
2024-08-20,114.58883521833224,54.25869901384574,104.85380847631545,75.9704538876016,108.20423048097278,40.841379539489616,91.0378814149907,61.138861187473516,91.28889005948373,82.66548260976865,45.44799814993902,92.68621857980833
2024-08-21,114.62849414788441,54.68464013323898,105.30685003693661,76.4972146468204,108.9107833068615,41.9575765661347,91.88892485361963,61.63061872912012,92.03453723304965,82.94808303553795,45.13629184366163,93.12171954304569
2024-08-22,116.3427004048782,55.90730638855509,107.68191471336903,77.71765620682196,110.00617897114233,42.98096393481098,93.28485420430378,63.215184848594276,93.52114903822755,83.83822504473554,45.95428965555196,94.72923873784381
2024-08-23,113.68871185546129,55.39115286872267,103.93874688470106,76.09587439448808,108.9349608497379,41.80233433533992,91.20510204494543,61.903516712434445,92.8415696639105,82.50189682669671,44.581350096307816,92.94410595081254
2024-08-26,116.39610511683706,55.643938290842264,106.63885886481097,77.02534760968678,108.92050380665603,42.68310461130592,92.09004411357625,62.42655715475255,93.42518219782696,82.72262463219553,45.507676568891696,94.07817745366638
2024-08-27,115.97027127171758,55.72670412141419,106.49824201826942,76.88516732159435,107.7623574089065,41.48138478769482,91.70194568698015,62.11171695848138,93.03088134130219,82.12252194751653,45.841808028975564,93.57624199124797
2024-08-28,119.15467192426689,57.16319137128304,108.76341786010622,79.08623998026944,109.24601715211497,43.22590874226728,94.0958689137322,63.04961105938054,93.58655307847562,83.7838759860748,46.58338421448314,95.8288629191684
2024-08-29,119.1984934168571,57.57217034079677,110.55485952416062,79.05806694607695,108.98105851505784,43.51509242915977,93.84408510901257,62.172454580560995,93.37723899261437,82.92958920622293,46.636526037533045,96.28801466633087
2024-08-30,119.74109734231972,57.86509618412483,110.78319531044893,78.64167261487125,108.7434726497043,44.44610335995196,92.83700782296125,61.332282671597895,93.78697517172127,83.81678583255797,46.12147555940294,96.14392274273361
2024-09-02,121.58901578410624,58.22800488671519,113.55331723013897,79.44219547075613,109.80770736269254,45.48292415242934,94.68486264008062,62.852291314481,94.15052741920974,85.28716963102781,46.23862960823403,97.25323385897218
2024-09-03,122.36236703841605,58.482789771071516,113.2902761370029,80.16879606631949,110.77222596089536,46.03320062158036,94.53262167102216,63.65111069122994,94.69073304293809,86.23883275564762,46.18231668649695,97.80745026253402
2024-09-04,121.68504657201635,58.01237039162561,114.05875421541047,79.86535946183069,111.13163319198391,45.8496269955561,93.29114559737864,64.16562969483448,93.87719043239491,87.01352399501255,45.88146772231882,97.26221582791807
2024-09-05,124.18367836804978,58.662038243915724,115.1228635233606,80.0716698216483,112.0578364508489,45.53232902511018,95.42832252865433,64.9432213915329,95.65368499506863,88.03436954064094,45.70867943011831,97.9970454205571
2024-09-06,123.38695767429837,58.18382589111103,112.68341480120576,79.51706657915022,111.25267403011239,45.230351066202466,94.43623504244584,63.872744360889996,96.24828618397902,88.09736679984005,45.78168447457178,97.53150995160973
2024-09-09,122.34863115217456,57.45610567123251,111.09116516360172,78.07518177419377,110.2265324789088,44.46543350738733,91.83065679072863,62.14799484829068,95.27940447463754,87.934093166608,45.78436012100002,95.81208415387243
2024-09-10,126.35815589472668,58.07954184817996,113.52850023480204,80.56240805050396,111.37222128192361,46.18511331121439,93.38489815053835,63.724898059107836,97.52697396337186,89.15254907939666,46.41985181776241,97.81200332082801
2024-09-11,125.96970359832966,57.880551870305815,112.25732873232221,80.41118284973199,111.39041730207519,46.29282721701328,93.51438716274654,63.09839311290196,97.69796500050766,87.95722149371768,46.282559579594306,97.50618029426562
2024-09-12,125.9294843113762,57.46615553215232,111.36013072203397,81.00796251658917,110.32352060471793,46.422212033652734,92.48930358169186,62.24021563811435,98.09200871857465,88.18714329022893,45.80092261365651,96.94635258142574
2024-09-13,126.39334162821736,57.61095080739591,110.1964522181299,81.37037801764903,111.28574736687571,47.07926602175986,92.79790167913391,61.98349578711826,98.22227988811697,88.29990267119335,45.02985208054125,97.31579796150427
2024-09-16,123.46068960191975,56.90883712622463,108.78680076974592,80.36174885121153,110.35015452663993,45.884755775151845,89.89316749853077,60.576388552145566,97.13661344456723,87.87524495113543,43.5818181330377,95.82464879971077
2024-09-17,121.37043651036457,56.2021810980305,106.97756381961308,78.94027620953187,109.1822891026874,45.35605199531881,88.23570693550813,58.806988925132984,97.32949944747514,87.34527006044466,43.61909336702161,94.55535885413617
2024-09-18,119.97918722883718,55.90286240290286,106.21229094651328,77.94349422516495,108.04667736344098,44.9803492955154,87.80380158666689,58.69826202621052,97.56228583567817,86.51046475134592,43.39140912573378,94.11670330842325
2024-09-19,119.75543047802506,54.94375523542161,106.82036525539695,77.56216009722435,107.80258019166887,43.960854691365334,87.36137844327365,58.061073807016726,97.84118255526782,86.10815603294132,43.74874477066147,93.66103935654934
2024-09-20,119.94109894465915,55.378679943520396,107.01761065839486,77.9258828461349,107.53838360516588,43.1242814114949,88.27015017320352,58.69595882652686,98.55295097929474,85.42851018856865,43.8356088816932,93.76607095440886
2024-09-23,122.04741317115891,55.71251841239301,107.93862647897913,79.15049015295739,108.43637409263856,44.228094701871576,89.68457262513269,60.19820694135723,99.29564966301062,86.3072501076762,44.6978585620268,94.86417888077722
2024-09-24,122.15103931422206,55.419162186534344,106.62650455619544,78.82738153610289,107.68115660956536,44.87296173366845,87.6256066970804,59.876648097938165,98.79620349661876,85.86717548732116,44.909969893314745,94.44858674834494
2024-09-25,120.28283666542052,55.38299941208561,107.263795694325,79.11643838401027,107.70536218808806,46.044582189392294,87.24460701922528,60.710596074859815,99.35495244144667,86.81276887983749,44.9886098246928,94.95518697356827
2024-09-26,121.45511508229905,56.03570297685285,108.9799968079408,79.22714841747992,108.43824290662187,45.88029967950866,87.37300009358691,61.65445394460587,98.62965847424576,88.59916374999621,45.822180754763394,95.56858125456054
2024-09-27,118.48738469152292,55.214960035234824,107.19788160146075,78.0876989072937,108.44709654893994,46.252852729046964,86.19290595354336,61.03927611382633,98.14260165789554,87.99853459656043,45.82759548706713,94.56227970171527
2024-09-30,119.0108305242652,55.517066767060584,106.69478888457358,78.58713788200285,107.88942797253327,47.39994014900912,86.46954397075794,61.13744520977852,99.01780226200488,88.00518776223313,45.87001876273273,94.81754515242821
2024-10-01,117.06012044576552,55.499519196691885,106.37420837310391,78.30006282518256,107.08877967225806,46.40413664970276,85.93661574776958,61.12578503427031,98.40828707967071,87.4079574205491,45.47222890525002,93.9542912605694
2024-10-02,118.66020753530503,56.59938771969364,107.81393022988782,77.42911591821266,108.01756834733173,47.345442208834584,86.0706203780623,62.183551117001855,100.20374692211466,88.17399318798515,45.584337947823116,94.99905516414155
2024-10-03,120.4818414807508,57.26279830728455,108.44101912116182,78.2068468788108,108.22747037953792,48.746620704542906,85.32994534483834,62.43833305171657,100.28772707768196,88.22703359619639,46.44001930196457,95.47250197643629
2024-10-04,119.15322128348906,57.51369987461968,110.3024046663124,78.86260566862462,107.97117117461555,48.85592406236044,85.79750970745013,62.23710357787279,99.68868621153032,88.44048071532033,46.12363465440119,95.52626934316957
2024-10-07,117.533675078949,56.43927355350144,107.6288341566876,78.38738671182341,108.17291546259737,48.89245268013603,84.01055025665009,61.34184994772313,99.36880593312915,86.66180017269663,45.52758385032863,94.27429461568777
2024-10-08,117.7001110157082,56.97331010671258,108.01989519724644,78.73778345537053,107.76897579785461,48.58622228646867,82.90157788206378,61.88812884643511,99.37497903196959,86.19739532344012,45.40972791106789,94.42191824463897
2024-10-09,115.18282269626074,57.04476500205282,105.6463392714807,78.44769916881152,107.39523245955374,47.94981729815411,81.72429813023683,61.715510264987685,99.39217564638548,85.83076823152469,44.91544711166872,93.72941984501017
2024-10-10,116.71336244619349,57.71055048022302,106.3418448320574,78.86508577276359,107.59985805235213,48.97249007439101,82.1591397164124,61.94643185296358,99.425823264989,87.02991890224013,45.632185841609704,94.43353961589442
2024-10-11,116.65140050174413,57.963443694143045,106.75966944138501,78.73386259733583,107.43551258805762,48.831196172356776,81.4480222389993,61.82006497474223,99.7581723731195,87.33228359683861,45.679149304160674,94.35743820447534
2024-10-14,115.21356007877428,57.60854764934774,106.76838869875363,78.32073767054578,105.59842899226948,48.475987464868204,80.1349584780167,61.368943753293905,99.4321638951459,86.56251067233957,45.75472222164538,93.62231467113031
2024-10-15,115.94415303253702,57.89922886183773,106.93630650456728,78.56733991135586,106.68345080659182,49.11984994600333,81.48879055289657,61.8331267155908,100.15239774850939,88.0555948082651,46.239800944337226,94.53280750166661
2024-10-16,119.56615837714185,58.671853327586085,108.60494226846455,78.80253036505779,107.04700111802686,48.90277626746062,81.59581012406107,62.314068369369565,101.20751734610154,88.85785569248428,47.06064765748624,95.25779995595805
2024-10-17,118.49113603949432,58.86502763954805,108.6001594035965,78.40112906728791,106.08246455531838,49.58765078131439,81.23626805783168,61.46631902562507,100.4341583733844,89.66935508076872,46.389914818626366,94.725971174318
2024-10-18,118.68178520793562,59.08821727446356,110.03841674360405,78.72760802221583,107.75191592111007,50.232993706417396,82.41347485058644,61.905955091306495,101.0262583850836,90.95904139454666,46.71533999813817,95.87300464962154
2024-10-21,117.57874411017141,59.29885188805217,111.84682776335326,78.51332034387322,107.36336254181128,49.86784105168968,81.9760929316199,61.86484960734065,101.61980938837098,90.7539855846473,45.28114122616069,95.62270801522136
2024-10-22,116.93104246619347,59.25589503283757,111.52888159786923,77.41603893260715,106.78673495923931,49.41839680599235,82.9326236176866,61.79307086193374,102.28486227959002,89.67265004089316,45.618062955975105,95.36269744210857
2024-10-23,116.8592962911452,59.67164121070012,111.00616112489267,77.66392354166409,106.39102811616652,49.57612277464423,82.36227728844987,61.7617816599337,102.87170370784852,90.71469656690626,46.097523355190056,95.51953309676043
2024-10-24,115.84787539161718,59.41288408914581,110.48709833553158,77.02971560741707,106.41135758319268,48.5350958564541,83.03372660658145,62.29657140544668,101.77109049692402,90.88040960107519,45.25161002973921,94.83284223845338
2024-10-25,114.4856390752634,59.62624235561669,108.40123172932906,76.34899427511613,106.09218894387844,48.88903878247993,82.14806201894899,61.93910097330735,101.70419617404762,91.56983636249736,44.71140643876488,94.44834376849055
2024-10-28,114.77271207365169,59.95189935434529,109.59552980919496,75.7130884733098,105.7883612860568,48.60664004118969,81.88362802127963,62.18790809868187,101.40576281087598,91.0770730485232,44.62991792658677,94.33305504854789
2024-10-29,116.49432621611201,61.09597796291703,112.46281157574967,76.80482070005709,106.1162617998765,50.07069923507367,83.45018138326603,63.40376845038956,102.11321477287254,91.51764536264922,44.999179344418074,95.82546325499035
2024-10-30,117.4925015538538,61.37663233889516,114.15048452132079,76.92095217854889,106.64914808118688,50.42040079655084,85.44144604852131,64.258369666905,102.01853730067828,93.73197301369432,46.229104395478444,97.31189577159199
2024-10-31,116.54822099301497,61.582976855448955,114.43765235070747,76.4962613395489,106.62686645565609,49.602321375498036,85.59473733285584,64.4390385524491,100.57552805026972,93.55737840597777,46.803510333928536,97.0966086772202
2024-11-01,118.48478970972013,62.477309052693506,117.13545102403742,78.01684293390238,107.7135708676592,49.98483251771287,86.95702770407775,66.15921883091661,102.14809876715097,93.0518392784745,47.73255424745372,98.71118081088703
2024-11-04,119.19495873761963,62.03858248494277,118.92648018311525,78.68632221797735,106.56327099930989,50.15493894165976,86.74743118349397,66.16471144632077,102.69453198466823,93.53563913960801,47.86426643699633,98.70728526959208
2024-11-05,120.19426469420853,62.542203807930655,118.96851124188545,78.77131631976147,106.33280185984776,49.52114965441573,87.77935480027237,66.72770676796708,102.01830856098904,92.92188270750896,47.99774177566841,99.1250853798104
2024-11-06,121.21763682014782,62.50548270826041,119.07891300480404,79.5060832076625,107.0430623721458,50.6579023567303,89.5114720078635,68.85677182165908,102.33706121221012,94.70623257660999,47.952516442322505,100.04719181495194
2024-11-07,121.71907377511786,63.039449210622045,117.68404176000804,80.60370747683602,108.66840981318813,50.64819860038382,89.52570192690159,68.64890524016522,102.58791251843711,95.80491335821804,47.52326241986259,100.38138853433445
2024-11-08,125.3828281501603,65.04060896743799,120.79426789711279,83.90277969954661,109.94806587748542,52.78701737874809,92.63902289428746,70.41353461019474,103.63158576929317,96.30540672579635,48.47795034269781,102.86478131458135
2024-11-11,127.58489207393606,64.99953081530397,119.74872855573552,83.8727221938059,108.86387239899034,52.70798882229337,93.24662426003782,70.94426037391057,104.14673330783408,96.80050021373908,48.5849120065741,103.15789715270023
2024-11-12,125.34631287452349,64.73588335078598,118.01241205729809,83.37480284181092,108.40256774450714,52.56882579564418,92.1864658854599,70.03793377986199,103.24560888850132,95.8300266505889,48.47350549821568,101.95365872178526
2024-11-13,127.72578203831839,65.67162477496144,120.26129971843689,85.37648674377306,109.04037822659862,52.70226669727068,92.9095026917771,70.65138294179499,103.13260528524388,97.4066270193603,48.89221883066352,103.33561365350592
2024-11-14,127.8371774292948,65.73676569267798,119.3611030900631,85.3180879795979,107.99258162870812,51.68893700690932,91.77651123778188,70.1035317826328,102.66954024904094,96.14993094377627,48.8729942556332,102.94744538352401
2024-11-15,126.62068580567103,65.03848612141802,118.149881220073,84.43755916435406,108.05664677151634,51.95584035571239,91.74540627637349,69.77840476802876,102.8315934425298,94.83211936959654,49.530784860194224,102.67256410170644
2024-11-18,122.47386544193255,63.649278542032995,115.23556298280376,80.96328482670793,105.7850413773996,49.72391288179501,87.12725311879555,67.35442245197628,100.5726719460215,93.11811557600322,48.76319683439178,99.61739790739192
2024-11-19,124.10887948936332,64.27765861234079,116.47750883629546,82.269957533376,105.9383834142573,51.081602143611704,87.84896486958324,68.16293980559487,101.65016256295974,92.47343450733308,49.722396210098665,100.66196750713956
2024-11-20,124.9585563520914,65.05560327716657,117.87835613366391,84.47046780873582,105.77935112598207,51.14108192614366,88.91033745685404,69.63849098691732,102.82780295437728,93.07690128268952,50.577356303621535,101.5322926304269
2024-11-21,126.68416148995063,65.53479594442592,119.92935623412649,85.17297673151073,106.24076353408196,52.02918404149197,88.79292727996238,70.41051999970901,103.72053965307191,94.06915472290682,50.0373371921045,102.39025925699924
2024-11-22,129.10160922948774,66.56421444116665,120.15913404305955,87.13705036135983,106.94136975594833,52.1008963881345,90.69696567916132,71.00912702041211,104.69404184504076,95.44555361072781,50.398591342537536,103.44060207652572
2024-11-25,132.72252933104073,67.674335015541,121.73956147584181,90.07262181086587,107.14093220187453,51.96567149940139,93.37682306563396,72.75007304753777,105.65805572191339,97.12383379439524,51.44769376756284,105.2446584570293
2024-11-26,132.55698826157814,67.96759115507422,124.1303876345732,89.2410558836294,107.61370521956428,52.990098016731366,92.73619580579407,73.10757276275285,106.0378745127192,98.90518389930556,51.460608362846536,105.23762499228644
2024-11-27,134.25353651996878,69.12800336811384,125.41722871609377,89.85489056679968,107.55942748820789,53.47791045610843,93.66658601296105,73.31261857690372,106.1442718481953,100.68727069269539,52.338603724809694,106.2739116104497
2024-11-28,135.36540351152286,68.79991355713317,123.40985540468657,90.09580755996126,107.76749454459853,53.743396519302756,92.85185615375735,72.40730300614733,104.18054330187726,99.95251269031291,52.402776646644455,105.51932696361624
2024-11-29,133.85834088870968,69.05243617700711,122.74900811724534,90.3957019228865,107.67075875015291,53.68135728192743,92.20162096817845,71.559701265878,103.55604871435109,99.57034749818483,52.47802731505041,105.18491982424443
2024-12-02,135.78607545256514,69.80988864397118,123.79395241070128,91.8946611912447,108.2878490167649,53.147916531106574,93.03017261858858,72.61662124904403,105.15107266497432,99.91914848540735,52.65041306510104,106.34699930447083
2024-12-03,137.32256287084633,70.30622504811437,123.2611631957943,92.3361263473936,108.72127114544321,53.72285778929351,93.74958516655495,73.44388199251114,106.10452587835736,100.44428119920643,52.69868839058781,106.80843713148703
2024-12-04,135.4274872379809,69.30736338013675,121.0535502443985,91.36351371861497,107.41933275125157,53.686696985934745,93.38060703456928,72.27357647203277,104.64635512436232,101.0397240676162,51.58236298359924,105.41536283161538
2024-12-05,136.6935535193906,69.8922643539342,121.62958728626339,91.36004960609043,107.61119562964502,54.905251161486724,93.83844764768592,73.27886989072532,104.7459178938993,101.96132137822067,52.27873105493901,105.8411020890478
2024-12-06,136.6513917011695,70.35298510571579,121.44707687397411,92.8571749558752,108.34833746479924,56.049950487402874,93.74550447090098,72.85113925557238,104.20064440224775,101.75879139053954,52.38118092705821,105.68797661862573
2024-12-09,136.15238721564032,69.85978970255489,120.89165506003236,91.23258597931859,107.4281021255777,55.83264398198108,93.0085490356574,72.05251312303243,102.98445425992477,100.10296884032005,52.51655808954069,104.85784456969711
2024-12-10,138.13152398845318,70.50144738498435,119.95723925926282,90.5350739135437,108.14914065311079,56.08474859022714,93.08745287351653,72.40096083029259,103.0519403573926,98.5027815555416,52.863185701386264,105.35843879553946
2024-12-11,137.35691937259415,70.4819767356343,118.0855001425239,90.24036310418101,107.34627580927649,55.90128351514891,93.0718540739726,72.21594181616176,103.36637255218122,98.13175470445444,52.21156681467456,104.97069774080701
2024-12-12,135.12902675020388,69.08527490423297,116.74707077186375,89.57501653693181,106.20444489031513,53.987472482764296,91.1968846458615,71.9057190218048,102.5344452693304,96.23817891752489,51.32208255532651,103.35076654550855
2024-12-13,133.42006587608245,68.61563924165822,114.92588697673509,88.13338406657641,105.92071463291984,53.83989477092385,89.5432379389979,70.45352827118845,101.77299586952687,95.64170832096029,50.33002929387865,102.23431295312524
2024-12-16,135.86492080117492,70.25517046059477,118.45419663744727,89.93751849707424,106.48048481650738,55.55976031110793,91.7021765849137,72.17407592220859,101.41167809986764,96.26201993396897,50.70167267567134,104.09787923496548
2024-12-17,133.5442974501478,69.16824676735045,116.74059638472897,87.72369818227969,105.57722999795524,54.842606075213,89.12046328690705,71.04411630363406,101.9879916370047,95.62034933555071,49.23777413714622,102.54971237628583
2024-12-18,132.92411626505708,68.57058224008425,115.8460333644497,87.93413852225905,104.56090196682419,54.44630863645704,89.09176064649431,71.89331086930402,101.39691511565935,95.65534481298508,49.76373339250254,102.82069592645979
2024-12-19,134.63155452311278,69.05283037318422,117.23317367105395,87.93839606728169,104.34835156311637,55.36206580653461,89.50805347879815,71.69230626862534,101.78116679605719,95.70993355133196,49.98492916119216,103.49372021033345
2024-12-20,137.3000502155608,69.1919457658517,117.26400052585042,87.98121712529135,104.53931345082029,55.40867856979737,90.10183631289465,71.61115912448358,102.69358726223412,96.499749781186,49.90417098493979,104.20153916274748
2024-12-23,137.0559171060735,69.31874795826187,115.92076471194473,85.82217414647019,104.13884966721194,55.56678682509414,88.03958951618769,71.60242089809154,102.1399363083453,95.1470474890566,49.02647097804941,102.95583394441607
2024-12-24,137.84111007383456,69.14765883844619,116.68178110472563,85.19122588291327,104.26972528015091,54.92457667330818,87.23510014838944,72.06921942063454,102.52195400768314,94.88029246592437,48.86936954462746,102.66303015443583
2024-12-25,137.23004148244848,69.26657902349802,118.87532684941094,86.51172154838923,103.85948634795102,54.65668155584672,87.3258298077739,72.81057713149775,101.12799812520994,94.4558787081021,48.895420437854945,102.84951004916132
2024-12-26,140.03245111859624,69.50872732803197,120.00028374705592,87.30800751157703,104.30928897988944,54.980649397210215,88.46636018918275,73.42974038388019,101.04203982525328,95.48523737367667,49.20791441499237,103.7198407700272
2024-12-27,138.37755693181123,69.2704372303274,119.84204341013336,86.80826494358703,103.94026253969105,53.810822342885565,87.80540630345716,73.53578639272857,100.27416373792457,93.68825700816117,48.66101234795765,103.08675884669493
2024-12-30,136.54567089935568,68.37544958227319,118.59318454377284,87.07625370846009,102.30282537214876,52.42760087095755,86.59322930809321,72.6347609860835,98.80100022963552,92.70333654876784,48.39515032257384,101.9187966570063
2024-12-31,139.96321611274325,68.61756657315505,120.78732921384794,87.71817854502811,103.16752655721768,52.89230496497028,87.13473559090596,72.88545083867973,98.38932713934517,93.94540145267996,48.77562630266133,102.98912971666039
2025-01-01,140.80260109774224,69.27846384431398,120.02584641161651,88.23733429689862,104.59101893415439,51.85186946741423,88.2486352293387,73.74375518016937,99.55727296029885,95.51763308358825,50.092638212748675,104.17718421554483
2025-01-02,142.3140082644608,69.18820357190727,120.2652053025232,88.98131890330312,105.47398975531893,53.532361327896226,87.09968063079063,73.93939620343122,98.98348925821655,96.26586409539831,49.9449826403891,104.60710326110588
2025-01-03,141.67469079779494,69.43102112719544,119.77614394809186,87.58916217068688,104.71280083927765,53.44261940095559,86.90039440426777,72.90075369698869,99.35376840420616,96.79849109114652,48.49957437608876,104.00674506269011
2025-01-06,142.28047946464574,69.20958573798227,120.86535849256434,88.24453150032099,104.75035258112182,53.94962206870802,87.855119382798,72.95369073339643,100.16080331643555,97.35607891603988,48.375159040168555,104.47442153491554
2025-01-07,141.68456566866362,69.28132691949297,120.39830998646866,89.12812345523658,104.30521892580875,53.40107922531784,87.98734397312607,72.69900073941952,100.02284037685236,99.49572873793089,48.670029966744934,104.63098415809495
2025-01-08,143.562117627244,69.52151871793502,122.42728876403044,89.32557419868739,104.5911633626368,54.112196956266864,88.30297703728127,73.70116597036649,99.63257238356523,99.82234351734974,49.24572034724013,105.55585183965508
2025-01-09,141.11049951745235,68.22200180369803,121.79452389329074,87.72566465106311,103.57751610633579,53.31842528957266,87.8561027754094,73.26368419997526,98.5924392768645,97.15469366113976,48.890507018661246,104.26880407020937
2025-01-10,142.40950494548375,69.03009633928322,122.11377204907198,88.95660541598652,103.98650780270063,53.49351184293337,87.63091338897745,74.01698526455834,98.22988379475137,95.56853240594086,49.28686496364176,104.43236260163656
2025-01-13,143.44267363052123,68.07639119463911,121.76215388257951,88.13918609904253,103.895458888882,52.336252246135096,88.25256610437692,74.54117626634995,97.75736961851543,94.00574090903436,49.94363214075313,104.30637670450619
2025-01-14,140.31492546925267,68.07969149132836,119.94727673346739,86.60035305176001,102.62821073235871,51.57781256481111,87.05315666542583,73.0635445266611,96.69666993156211,93.11291420651251,49.16433864616679,103.18114713841864
2025-01-15,140.2606931503637,67.6487769909848,120.46414002394323,86.99680608380358,103.17157224859909,50.40589623056769,86.88086093014367,73.59512412757095,96.86133013746566,92.02083862778927,49.762562101373675,103.44635936216264
2025-01-16,140.0936144279446,67.74452178671623,121.70559458125622,86.86269255571474,103.6274182178167,50.31664876508318,86.83350365420127,74.11659816840982,96.72162958043715,90.97497850720112,49.895277689800665,103.5238162825151
2025-01-17,138.36628194577173,68.4923614049737,122.63391318680176,85.94209674563598,103.00426296265319,49.48135615854039,86.10145717351391,74.05149318217302,96.48553835839418,91.17976916822438,49.62587832157722,103.1367199045025
2025-01-20,138.01470266569373,67.86175265891765,122.83839719890966,87.36557263321156,103.11783119012709,49.33159902096785,86.42473932714914,73.88948047512203,96.69927097306731,90.1871998026656,50.51875388969357,103.58932714921814
2025-01-21,135.91471926644397,66.49901805698845,120.0203107471311,85.59023616428739,102.08060470026874,48.29035283532914,85.37085380568915,71.14078314027584,96.69958583342735,89.15266627333214,50.41070160545091,102.14909320931964
2025-01-22,135.71786485322895,67.04491841924599,119.29409073807511,85.77305729853613,101.17365048876484,48.83876017806348,85.21723782151443,71.22176951812233,97.91205347362227,89.75026369743708,49.7682352900706,102.13440079278591
2025-01-23,134.92653792960164,67.40193654129664,120.89049672486667,85.97569577980553,101.50362987129924,49.93430173960611,85.41589682529899,71.1540369941125,98.1750143804306,90.94660494747392,50.42270289910027,102.619035824293
2025-01-24,134.95058815573552,67.37608352349021,121.58501925959504,86.14518536173527,102.01153496598519,50.150678892452646,85.70999235853796,71.89911095332094,98.29849268258924,91.35298380252877,50.96517927656616,102.95351809040143
2025-01-27,137.20258017672242,68.02178002680651,123.47305414517969,86.39019733150447,103.70691844414934,50.0877677272927,86.97913879886552,71.994407928608,98.80472709378468,91.18084007623757,51.061388164056524,104.11135370318665
2025-01-28,134.23002678443095,66.95441584139763,122.30640842404708,85.79941756171317,102.96588725281532,50.403933143963954,85.85896345598387,71.37152596727849,98.76252401703846,89.52625713633819,50.13985172335593,102.89228768562657
2025-01-29,131.10748943419185,66.17755602704827,120.6154414709542,84.06169913328281,101.77563662041472,48.538923110742424,84.75210650693906,69.98229142749963,98.387487810558,89.41922655778288,49.28131892005968,101.36936033904178
2025-01-30,132.99381688448432,66.96101528910717,120.9230865761191,85.10327387330695,101.83454681569796,48.33508901659621,85.32155597024702,69.50233900591368,98.60569649975581,90.76098622890713,49.36369169968521,101.6538434890139
2025-01-31,134.99113961779005,67.1013525266354,120.67245584697721,84.86154317177301,102.42730815683696,48.481401232291915,85.94289587212087,69.65273321750362,98.78470669673636,90.81480077449947,50.05249887037603,102.16051996029584
2025-02-03,136.87468024595336,68.41521367343574,123.14690139490409,86.67768187985162,104.23623558164007,49.2562116253365,88.38489621841478,71.2465539064942,100.32161864840366,93.11653176784262,51.703449283014024,104.38380267441222
2025-02-04,136.65579312989192,69.32339318492795,124.23345642931922,87.6288569390434,104.18120198409422,50.54574785741342,89.03496044473071,72.21896710716427,101.34385905396132,94.18933946502807,51.5114610983891,105.07395653924783
2025-02-05,135.71277772000997,69.69419450302853,123.44454219910178,86.84181112343978,103.66086834131461,50.31316311612601,88.84525864492862,71.99342928041577,100.59637225990168,93.2344164129755,49.92356663616485,104.19010116090332
2025-02-06,135.94367686703148,69.96141039387537,124.33400721755548,87.26884523559532,104.52514752823828,51.568858926544756,89.90284606195388,73.34837549562869,101.3373315255205,94.68051180076738,50.03829890189297,105.07788849907793
2025-02-07,134.45670044052758,69.62364431264983,122.80538733720137,86.35740736401226,102.86356628513904,50.85427515663047,89.56995664865305,73.11815329785667,99.72953550767674,93.32649972401134,49.77924725860039,104.2239913896291
2025-02-10,131.80330322522113,68.53441887705384,122.08389559503705,84.08552881826326,102.54898639866477,50.5686689640284,88.02527293680568,71.69879768569656,98.51003874634885,92.5962875318209,49.16933723165797,102.70451052010866
2025-02-11,136.381945715173,69.83198696859276,125.42334506950819,86.69122757127596,104.16748373672942,52.08066848336047,89.82989335684624,73.57210947701113,100.25102127077608,95.13285039520878,51.12464384706384,105.44611401228026
2025-02-12,134.59114591105586,69.89349000520181,126.20493814939842,85.37767846794691,104.82298165844976,52.20329577050167,89.94340294915483,73.96463255358526,99.45723178557463,95.29803446756698,51.88951910024669,105.83424392159124
2025-02-13,133.73515749125679,70.08778771849875,127.03177548474898,86.2221922759561,105.26539869909234,52.890841955174054,90.71812106667502,74.39509130898918,98.92813659035953,95.46282134330389,52.82853635692359,106.63888584859681
2025-02-14,133.55467217508777,69.71648065301764,127.10825633068636,87.6659217853533,105.49949862064716,53.55716768907984,91.53334628461594,73.96891723405969,99.41302346401713,97.13523401037459,52.709610071471424,107.28691735266396
2025-02-17,137.38024065688774,69.98127210889143,128.37565091717332,90.10744358618112,106.68775512439979,55.17284092120276,93.39262103759341,74.33987127659437,99.19996517536714,98.03476352749603,54.366849564434894,109.28898162427572
2025-02-18,137.7702238022863,69.87513204188946,128.35773597731256,90.99343704771182,107.01676785936942,55.22310753710437,94.58461476207893,75.03891015971513,99.17504002359921,97.58441236606996,54.16959699312456,109.64530194723451
2025-02-19,138.16871796626376,70.70021680807159,129.44662377825753,92.0314627556116,108.31504420641664,54.921517910097236,95.13732377035198,76.15496486173802,101.15990462111377,97.51388697571223,55.66299709308588,111.03451537173139
2025-02-20,137.08050385908524,70.6476812183124,128.8508844158148,91.29577066500173,107.41767935755853,54.020931708442966,93.04752300032364,76.46239285119397,100.82696882992079,96.49539646912957,55.563822938254205,109.928919988514
2025-02-21,135.62504166989663,69.61337874379096,125.71927828240787,89.5871782857744,105.8075288181096,51.14428503315126,91.54705036218174,75.02560839178219,101.18077735585227,95.21533691175779,55.06214984494782,108.43005692090632
2025-02-24,137.71997474964743,70.43127137862155,127.48819055142167,91.04055801621286,106.40030307047574,51.8444443148664,92.64722297336814,76.84026900770462,102.99337913993789,95.76934902569488,56.29429254117774,110.03212928881605
2025-02-25,139.84355314557862,71.64789543586434,130.40745707746146,92.56207938144051,106.88138428632965,52.209424197567635,94.22078781768597,78.22082305314619,103.36658761388844,97.86624119671518,57.507302319568865,111.71144119706989
2025-02-26,141.18149185070212,72.32885292151485,131.16104720742925,90.87522619127245,107.62504755562196,53.138144983391,95.1819507856037,78.99073860958735,103.55171207745842,98.4129485911677,57.80650703337004,112.33082056414983
2025-02-27,142.8214867739644,72.45827338747182,132.10347883172662,91.75603572507441,107.2413295328609,51.32448281291093,97.06781895038547,79.26923248788141,103.9476918673798,99.09070594124353,57.361539193269174,112.63134612596173
2025-02-28,143.33528685936128,72.57820281394577,133.30882786441884,92.26846074292577,108.15662919837014,52.855918096495934,96.49604030266492,80.11711860576969,104.78594726048902,98.14074174133115,57.94328485825429,112.86468764362965
2025-03-03,142.80962972948657,73.02984561007489,130.6305672921882,92.12982198593605,107.71708279390337,52.18472664181009,95.15916483496041,79.85762387604575,105.35340483047054,97.32884004609605,57.858598132429286,112.12664402410557
2025-03-04,145.39663944195874,73.88267495495155,132.63936072457415,93.16763833291,108.7322701483019,52.03104632086054,96.790876365476,80.97411561007307,106.78972589123259,99.8703937731519,59.15024180855739,113.9100001040922
2025-03-05,146.21232157183792,74.11773501112451,132.76332361915837,94.3815396768479,109.89443765146274,52.764914217300685,96.65340269615587,81.5417748394399,107.42922816367452,101.31771177612264,59.48906926857622,114.7116667667408
2025-03-06,146.2316503398977,73.73679207080261,135.0244522561654,95.29831565724554,110.03273391932906,53.458013147893524,96.78209003520345,81.89706548968599,107.04373951939219,102.16935112624952,60.34543875618702,115.3421075177
2025-03-07,147.21882121451085,74.21274301194839,135.58904527782218,94.19848305600111,110.11764071072514,54.03040992465352,98.00043154292355,82.32875546457315,107.99814883934845,103.4841593087934,60.34289807803018,115.82513855163634
2025-03-10,148.79129196698904,74.79982924362034,137.85602360916562,94.16680586091168,111.28394432944833,56.34888010168142,99.14605057333428,83.46676077942095,108.25815155717189,105.06659694352305,60.41813046440545,117.09444236856625
2025-03-11,149.50256123688928,76.04654948081253,140.57438928244053,94.78650213048056,112.04471297085372,56.06774627511203,99.72795672022451,83.7044753664196,109.25837107831444,105.82604970998966,61.348798850099584,117.7369161999523
2025-03-12,151.8492748230322,76.41763632929454,141.50500957956095,95.18032921783173,112.00655546015173,56.81678435262489,101.28112687178074,84.07151468038403,110.6538001371779,106.89441698352789,61.76716242144018,118.66813817543012
2025-03-13,150.398755360269,76.07793458578914,139.77251063379123,93.9122008528623,112.51428292634884,56.147597058875846,98.93828440927479,83.01754808873201,108.95806777516852,106.28914874454276,60.73914969043216,117.3171144292003
2025-03-14,152.2871688025723,76.89087324621329,141.14201303813206,94.06273836871176,113.1906522381805,55.985899391604335,99.61629032912407,82.41305316969253,110.67371559845051,106.45752745169925,60.90283084484992,117.96675499665943
2025-03-17,154.5788639722363,79.15621753737994,144.53189798138973,97.503763640435,114.07527778803232,57.706938691493406,102.04590099949047,84.70454821061234,111.90945553175314,110.02289331613551,63.15109972910078,120.614134772176
2025-03-18,154.34299907506158,78.20916979764479,145.17001949599904,95.60372858180351,113.56602135138891,58.360593370627335,101.67401765619115,84.49758352904026,112.37584632355133,111.74966694986814,63.04855468193298,120.03164144208995
2025-03-19,153.57659934929075,78.92164189933106,145.97568066062166,94.5459151774644,113.9789531301741,57.60469947327576,100.94606246243086,82.43309103179891,112.99210621316391,111.83982776729127,62.78760742902739,119.92341520714147
2025-03-20,154.39868177616114,79.5753713396638,148.72062678072018,94.88436822868135,114.75030171338909,58.59963684455267,101.71935606978953,82.60543132830837,114.90186029461134,112.73348898018149,62.91655822146478,121.04910907915185
2025-03-21,155.29515882500252,80.22133600364351,150.5348383838753,95.02736066842951,115.9446545012663,60.10562257086897,102.77956695940868,83.50832176566708,116.39895304963137,115.88338127460298,63.16795447118964,122.26511206487783
2025-03-24,157.81823046962734,80.54189778984656,151.33572324214197,95.34809771880661,117.78078945271393,61.11646674841455,104.00423762771243,82.70428808649658,118.03124247256278,117.00606432942531,63.574852332484575,123.08312177331864
2025-03-25,155.86162798409165,79.27467977541737,148.19384448158044,93.572055276305,117.06470575927422,58.59664542885955,101.71711547425635,81.5339697409897,117.62973500437761,116.0217040867266,61.764704528140214,121.12523206101014
2025-03-26,156.08964436942028,79.49160595485145,148.7464186245133,93.2358004873809,118.61416221019783,59.19735971646259,102.71477686985577,82.63405928732557,117.40774352150693,117.0481658030652,61.96964112321158,121.78582378978405
2025-03-27,152.81372422029526,77.58651412698427,144.9293903309262,92.23655259886047,118.0816250655952,58.05297175098425,100.06152355656448,81.88383371937485,116.53398273691677,116.03876653324878,61.08145183911214,120.38120792693078
2025-03-28,151.4615017206246,77.32578021114442,144.05463203580064,92.26833525465477,117.02896953806963,58.468500596038645,99.45366801415261,81.75810265817478,116.54106799772426,114.98977673773348,59.98450097005453,119.42834388264644
2025-03-31,152.03447876991743,77.76191616826596,145.97732322770548,93.62184020606314,118.32237713011622,58.77168925800865,100.57859507776234,82.22836614008479,117.6278429263749,116.36256354925054,60.17979233743558,120.1354418861433
2025-04-01,153.35503388071947,77.1526135831202,145.5712793226565,94.70112196862215,117.65795587561347,60.163863531924214,99.72769115987506,82.5283989076946,117.57955776593217,114.77598984138653,59.586863512446385,119.82491561468332
2025-04-02,153.3356530941609,77.70055773047412,146.4866500601013,96.40569760468479,118.83255212061403,59.75236642942262,100.4863805273533,83.7445170211054,117.61202036638471,116.65242655755893,60.183527277169816,120.85026428771096
2025-04-03,157.08090327757373,80.94004232850774,151.97966408837382,99.93659287903199,121.65847901920009,62.45559731812399,104.03599952516271,86.6256977782601,118.77094987319208,121.32257697437892,63.00475700993115,124.73283045968672
2025-04-04,158.31415894729045,81.71382247264951,153.72208557377678,102.16864506835162,121.74305637325853,62.310089822275906,105.16412356167311,87.46902512589847,119.3835501584934,122.01105004034996,64.51062686714548,125.7593896391258
2025-04-07,159.749752287129,82.07026545469886,155.50839407401065,103.5870239912245,121.87249709744768,64.39176730878869,106.83272916448456,87.10838316375217,122.15843931426822,122.49648316632012,64.5056093977682,126.72553556127622
2025-04-08,158.3362445139538,82.35092095992086,156.15865391567158,103.96381858875287,121.03500884605974,65.10319967547879,105.94414424111778,85.39191566816488,121.49575718538648,123.62130642836429,63.86950887967367,125.63173464307181
2025-04-09,158.0802571065185,81.53959015973545,154.07853611865318,103.08209660195666,120.75673749033717,63.78974825931623,105.0877846512531,85.47398544528248,120.72509692734201,122.8790435262203,63.777744842979736,124.86743572558379
2025-04-10,158.49966540066268,80.76480394680955,152.72166948099502,100.27275268478697,120.71428067727379,63.64870640611151,103.76748543942638,85.17590493491767,120.51117778875017,121.3159942730979,62.91890984635921,123.57831946297779
2025-04-11,157.24269914048102,80.16620780569538,152.6994923887973,98.84012188326516,120.32833978455926,63.22110529150081,103.37440516055973,84.18320135339641,120.74794828208803,121.79618684911426,61.830431468194426,122.96398246486918
2025-04-14,154.756464853036,79.34419250795285,150.96854911236196,97.75633314745026,120.61126956371521,60.99444864465404,102.66547855025914,82.22607321004313,120.15346101596577,119.6789138827151,60.792897218217966,121.65970337794798
2025-04-15,151.7817823102812,79.29710761006466,149.64998010570153,97.43744975525726,120.61338041965337,59.651240086793855,102.12163692083551,80.42710478442831,118.23548565148143,117.08751820648851,59.92877131978113,120.89905953974558
2025-04-16,151.76393970782897,79.48267145568805,148.21631720104196,97.09411753847088,120.05253847850756,59.599539142016766,101.5851808663705,80.97970278695699,117.62863782902562,116.98810668377018,59.279514444573024,120.69269778579022
2025-04-17,150.99466076727768,78.48787244440145,145.92688771466757,96.7137167888261,118.88611010890034,59.318414633970754,100.29213931109169,80.32693859330739,116.54662468298514,115.59759786550212,58.76753296856791,119.52342557037187
2025-04-18,148.33138519648548,77.5147002012839,144.4228565694816,94.35209275200918,117.82768265343408,58.012502264875266,98.27061200927581,80.26024512663122,116.1252987811737,113.56150066051475,57.88950954472152,117.86129349745194
2025-04-21,147.2953454596945,76.69408214975925,143.85882466739352,92.41806607710564,116.4647981946122,57.30912980498925,96.30411986088355,79.85565108392281,114.82614862628424,111.65591906631118,56.67424007644427,116.29074024456119
2025-04-22,148.1918331874012,76.84189289929702,143.9933418270515,93.6065603299997,116.75641628287119,57.88747504072034,96.54241045476161,81.52040279389838,114.98287062838696,111.62688362023327,57.71141888760754,116.8689285216902
2025-04-23,149.94116983576248,76.90631874970944,144.71722388068457,93.74544864718823,117.25764775172306,58.17508984549603,96.3076537973361,82.12317387656269,114.25508790632544,111.50891213451564,57.665265260470086,116.98568219756913
2025-04-24,152.1625573679766,77.2835488757181,147.11905546903753,94.9649367196431,118.20003108930419,57.967682210502026,97.89943860923796,82.74377067017124,114.54262818045122,110.51864119221702,59.125104927339336,118.24179630005527
2025-04-25,152.9835726717272,77.66820412820832,150.14356780691438,97.12764211642468,119.59056061398712,58.826966379054234,98.35909944093011,83.52458687026959,116.8357098968529,112.30511808675156,59.64394855998017,119.53344405173341
2025-04-28,151.79856392370135,77.50529307402665,149.93955580459067,97.55993815628105,118.9101825610123,59.0322347089118,98.0738410943453,83.94820953000678,117.26368043210158,111.7659315295152,59.57108072200693,119.1704816788703
2025-04-29,151.4575685545092,77.50078479303713,151.7200676890812,97.79492744709202,118.91758642067076,58.31819703966574,98.13893339628842,83.7004485802605,118.05308845521702,112.15965870919132,59.83742742062099,120.02257801261726
2025-04-30,147.19879693282434,76.78571184608788,150.33594550621615,96.34721914970031,116.95992096284293,58.55322957575695,97.09233183040993,82.7601233768988,116.52237136013399,110.58427973509724,58.83159117302341,118.32758832217527
